latitude,longitude                                                                                                                             
36.7526215,-109.8472295
36.7552563,-109.3680582
35.9506832,-109.1461416
36.3889115,-109.316317
36.1534278,-109.6853411
36.1701171,-109.4799539
36.3300438,-109.7600217
35.984412,-109.6033735
35.6217526,-109.3752943
35.5760801,-109.7284117
35.7051573,-109.1137412
35.4164983,-109.1802743
35.0870836,-109.3201073
34.5195529,-109.3036715
34.7804394,-109.5695138
34.3155138,-109.2663052
34.111854,-109.2865313
33.9271551,-109.5146032
32.2358444,-109.3276066
32.0420304,-109.545964
32.2867224,-109.9856787
32.2361885,-109.8145738
32.0384375,-109.8463404
31.9582989,-110.3045946
32.200019,-110.2836792
31.8583077,-110.3488921
31.9576604,-110.1522855
31.7988342,-110.0286429
31.693002,-109.4347432
31.4830774,-109.7199421
31.5362981,-109.6025499
31.4446761,-109.4183013
31.3644348,-109.4911064
31.380745,-109.5244977
31.3389499,-109.5503465
31.3532519,-109.5503303
31.5294519,-109.8948529
31.379947,-109.8356632
31.4646753,-110.0397849
31.7189466,-110.2919959
31.6737824,-110.3991268
31.6101997,-110.3092853
31.5071568,-110.3621165
31.5450043,-110.296769
31.5620233,-110.2997864
31.5597818,-110.2836592
31.5575249,-110.2676901
31.5468536,-110.2490685
31.5741144,-110.1933318
31.5432817,-110.2155619
31.5250418,-110.2679189
31.5391977,-110.2777759
31.478861,-110.2729554
31.4740464,-110.2417853
31.4849732,-110.1681517
31.3912782,-110.262153
35.227087,-111.6698017
35.2219514,-111.6419794
35.2217966,-111.6227134
35.2037291,-111.6214308
35.2175661,-111.6056026
35.2275284,-111.5565227
35.1995905,-111.5857273
35.1842267,-111.5562321
35.1950704,-111.6068817
35.1853494,-111.6332344
35.1425948,-111.669667
35.1595142,-111.6194616
35.1818461,-111.6550601
35.1703525,-111.6828522
35.1920671,-111.6793577
35.1853297,-111.6832034
35.2082327,-111.6705249
35.2732616,-111.5397364
35.3071243,-111.3838286
34.8019504,-111.1794127
34.8597709,-111.7246831
34.940454,-111.7447106
35.2369299,-112.203011
36.6928807,-112.1341969
36.9290562,-111.4454122
36.8942802,-111.4759058
35.5699311,-111.7723248
35.0924324,-111.695974
35.7876126,-112.655051
35.3461639,-111.9931236
36.5452151,-111.3261199
36.7493591,-111.0190583
36.0513606,-111.1899102
36.1799997,-111.5543782
35.7381569,-111.0325471
36.1249476,-111.2520342
36.2328305,-112.2253185
35.1967236,-111.8538855
35.2129197,-111.6953705
34.3038564,-111.5611222
34.3326171,-111.1381778
34.2430422,-111.3385901
34.0799111,-111.4297789
34.2901451,-111.2569524
34.1660965,-111.2387537
34.0978185,-111.0155491
33.7754809,-111.0929434
33.452695,-110.9371613
33.3968725,-110.8445546
33.6236514,-110.7161952
33.4138812,-110.765111
33.2947053,-110.7760422
33.1461311,-110.8030259
33.8847663,-110.3394452
33.4885424,-110.4235097
33.301443,-109.9890866
32.9491802,-109.9028859
32.8638683,-109.75446
32.8057813,-109.8012174
32.8303157,-109.7184927
32.8141246,-109.7192896
32.6273007,-109.4307135
32.7156277,-110.0977676
32.8913628,-109.5331779
33.4834297,-109.2829279
32.9929953,-109.3323645
32.7537823,-109.1416554
33.99638,-113.6502748
33.5457773,-113.5653321
34.2001462,-114.1921779
34.1639048,-113.9915322
33.6525458,-113.9500259
33.8421404,-114.1609983
33.7992196,-114.2765486
33.5623754,-114.2025444
33.184794,-114.6172497
34.1504951,-114.2903545
33.8749524,-114.3598873
33.2826148,-114.4150792
33.7128794,-111.5743081
33.7535864,-111.7538552
33.7346108,-111.6804374
33.8175437,-111.9168671
33.8615277,-111.938807
33.9760855,-112.7494299
33.6577414,-112.3366887
33.6569045,-112.362634
33.6772529,-112.3904639
33.6746354,-112.3658563
33.6751948,-112.3382757
33.8241902,-113.0044501
33.6767067,-112.7240487
33.6874823,-112.3771475
33.6907306,-112.3477499
33.6759453,-112.4169856
33.6607653,-112.4269715
33.6454883,-112.4432741
33.6463218,-112.4265743
33.6527184,-112.4037208
33.6641908,-112.3937125
33.6438075,-112.3838942
33.6451281,-112.3676447
33.7031905,-112.3063617
33.7107807,-112.3333009
33.7377243,-112.331158
33.8465746,-112.3603255
33.7485027,-112.3190631
33.7675559,-112.3036934
33.7097997,-112.3875564
33.8643039,-112.5381576
33.6917028,-112.4962657
33.7565722,-112.5578347
33.3162347,-113.0618727
33.3568036,-112.7756801
33.4524436,-112.5356941
33.3845494,-112.5164544
33.448367,-112.4930588
33.4217311,-112.4953171
33.4273116,-112.5456874
33.4266011,-112.5727511
33.4208764,-112.6071597
33.3840036,-112.6293502
33.4838138,-112.5029196
33.4947209,-112.4843023
33.5419142,-112.5780922
33.5421899,-112.7460201
33.3850892,-112.5817884
33.3707199,-112.582303
33.6318859,-112.3316377
33.6197635,-112.3143932
33.6178907,-112.3353713
33.612051,-112.3261717
33.60171,-112.3203341
33.6016684,-112.3110112
33.4989522,-112.3594703
33.5323654,-112.3264904
33.5013997,-112.3261467
33.4834525,-112.325033
33.4723401,-112.3316542
33.471398,-112.4375771
33.4866763,-112.4004935
33.4857395,-112.3677102
33.4847062,-112.3482487
33.4137948,-112.3997843
33.6315885,-112.4181095
33.6314831,-112.4017435
33.6344581,-112.3676149
33.6311855,-112.3506834
33.602425,-112.432075
33.6183909,-112.40273
33.6117732,-112.3839564
33.6165068,-112.3678926
33.6163866,-112.3507002
33.5877401,-112.4030248
33.6022107,-112.3851425
33.5876988,-112.3850313
33.5955848,-112.361302
33.6019505,-112.3378089
33.601576,-112.329193
33.5875997,-112.3173497
33.5727973,-112.333106
33.5659078,-112.4012635
33.5301537,-112.4231769
33.5295927,-112.3500769
33.5133669,-112.3503455
33.4688752,-112.3538833
33.4282146,-112.4009683
33.4283671,-112.4267914
33.4429158,-112.4181311
33.4431709,-112.3920848
33.4557236,-112.4013721
33.4701401,-112.4005312
33.5006201,-112.3984667
33.488963,-112.4517571
33.4525456,-112.4412605
33.4048935,-112.4176023
33.6193732,-112.4460019
33.6162951,-112.4324134
33.6315728,-112.4309035
33.6311366,-112.4468752
33.4539858,-112.3587089
33.468442,-112.3667229
33.5359445,-112.3736454
33.4461284,-112.3388821
33.4414474,-112.3633791
33.432742,-112.3495978
33.4264916,-112.3443359
33.6103118,-112.2784919
33.628581,-112.2828839
33.6233312,-112.2981718
33.6251239,-112.2657735
33.6235625,-112.2284638
33.6032519,-112.2114133
33.631369,-112.2099467
33.6029139,-112.2289092
33.6185011,-112.2129207
33.6307547,-112.2452363
33.6164861,-112.2476616
33.6033854,-112.260685
33.6010767,-112.2466222
33.5916464,-112.3045197
33.5727181,-112.3050618
33.5855768,-112.2958744
33.5901306,-112.2765983
33.5726345,-112.2798313
33.588797,-112.2115599
33.5740472,-112.2472931
33.5726323,-112.2661232
33.5884666,-112.2289674
33.5737302,-112.228584
33.5857869,-112.255389
33.5892199,-112.2456888
33.5742426,-112.215934
33.5743756,-112.2072845
33.4994539,-112.280234
33.5015352,-112.2507274
33.5015368,-112.2420807
33.4869963,-112.2508164
33.4870407,-112.2421267
33.499953,-112.3008303
33.4956865,-112.2640759
33.4706714,-112.2638912
33.4760517,-112.2464894
33.4896483,-112.301829
33.4807297,-112.3036975
33.486432,-112.2812848
33.4664637,-112.3169254
33.4696274,-112.298403
33.4702087,-112.2812088
33.4495644,-112.3224705
33.4424851,-112.3151158
33.4504244,-112.292708
33.4687756,-112.2466002
33.4097505,-112.2633343
33.4292554,-112.246943
33.4031172,-112.2497615
33.3968167,-112.2906886
33.4006324,-112.3294874
33.4318212,-112.2960227
33.4239556,-112.2988703
33.4281516,-112.3204026
33.4137343,-112.280944
33.4283505,-112.2810476
33.4483717,-112.2605075
33.5745857,-112.1946101
33.574718,-112.1775505
33.5587571,-112.1781458
33.5747161,-112.160306
33.5603104,-112.1603196
33.56024,-112.1883998
33.5600972,-112.1967543
33.5457803,-112.1643912
33.5457875,-112.1558536
33.5457957,-112.1774088
33.5456908,-112.1945977
33.5453624,-112.2117335
33.5587797,-112.2637587
33.5591592,-112.2464156
33.5304561,-112.2463403
33.5450265,-112.2290633
33.5306136,-112.2290551
33.5161554,-112.2290962
33.5200387,-112.2117697
33.5128115,-112.2118298
33.5345116,-112.2117591
33.5272643,-112.2118198
33.5153915,-112.2811615
33.5282486,-112.2763289
33.5447591,-112.2463813
33.5582231,-112.2982981
33.5584144,-112.2811568
33.5348379,-112.1946566
33.5275918,-112.1946753
33.5312702,-112.1774451
33.5338273,-112.1606547
33.5273072,-112.1592147
33.5192182,-112.1573863
33.5158664,-112.1712744
33.5203394,-112.1947048
33.5130874,-112.1947392
33.5596351,-112.2203819
33.6042712,-111.9694857
33.604206,-111.95191
33.6044145,-111.9345066
33.5904316,-111.987092
33.5849736,-111.9621695
33.6053327,-111.9874082
33.6189983,-111.9869134
33.6188319,-111.969144
33.6187003,-111.9517163
33.6334564,-111.9869238
33.6333105,-111.9690393
33.6331997,-111.9515948
33.6316314,-111.9341912
33.6174998,-111.9348638
33.6193209,-112.0046826
33.6334977,-112.0047671
33.6334539,-112.016688
33.6368982,-112.0254119
33.6298167,-112.0253133
33.6050129,-112.003676
33.6202677,-112.0205953
33.6063523,-112.0255946
33.6353654,-112.0866753
33.6166417,-112.0797986
33.6336689,-112.0391208
33.6180635,-112.0411304
33.6326258,-112.1078795
33.6145262,-112.1092895
33.627033,-112.0564073
33.6300172,-112.0758193
33.605407,-112.0851886
33.5924127,-112.0822503
33.6060907,-112.0471873
33.594154,-112.0555575
33.6036014,-112.1053243
33.6036114,-112.1252567
33.6180459,-112.1251214
33.6179906,-112.1424429
33.589357,-112.1440635
33.5912674,-112.1566742
33.5741887,-112.1290932
33.5723303,-112.1454437
33.6326309,-112.1249043
33.6035807,-112.1425789
33.6320299,-112.1772004
33.6318197,-112.1941601
33.6181823,-112.194959
33.6179599,-112.1771528
33.617939,-112.1598429
33.6035315,-112.1599699
33.5885017,-112.1766306
33.5890646,-112.1944668
33.6043789,-112.1938253
33.604454,-112.1784017
33.6315079,-112.1617063
33.6323204,-112.1425101
33.5863574,-112.1635857
33.5891286,-112.1287875
33.5896579,-112.1208241
33.5892316,-112.1082097
33.5792297,-112.1095653
33.5709186,-112.0944957
33.5782692,-112.0905724
33.5767665,-112.072928
33.5769083,-112.0602936
33.5733572,-112.0535868
33.578833,-112.0338226
33.589495,-112.0242495
33.5898363,-112.0044597
33.5228894,-111.947527
33.5658394,-111.9474755
33.5441689,-111.9412986
33.5739703,-111.9968372
33.5466976,-112.0221521
33.5356993,-111.9906382
33.5637504,-112.0501289
33.5585568,-112.0712797
33.5602849,-112.0910906
33.5603767,-112.1126416
33.5639656,-112.1039407
33.5572235,-112.1031276
33.560326,-112.1212698
33.5603307,-112.1299018
33.5603231,-112.147316
33.5603167,-112.1385793
33.5458039,-112.142951
33.5458104,-112.1256272
33.5458512,-112.1145949
33.5494847,-112.1059643
33.5422388,-112.1059155
33.5457403,-112.0910561
33.5455615,-112.0738396
33.5462142,-112.0553638
33.5269505,-112.0379449
33.5309985,-112.0606354
33.53099,-112.0518662
33.5310503,-112.0737184
33.5349394,-112.0953652
33.5348013,-112.0867781
33.5295515,-112.0871786
33.531319,-112.1145492
33.5313801,-112.1059165
33.5312722,-112.1255879
33.5311974,-112.1472318
33.531208,-112.1385724
33.520446,-112.142776
33.5132101,-112.1430654
33.5130999,-112.1255712
33.5203754,-112.1255921
33.5168231,-112.10837
33.5166642,-112.0868226
33.5113646,-112.0955281
33.514994,-112.0954991
33.520407,-112.095454
33.5165357,-112.0737249
33.5164792,-112.0606163
33.5164688,-112.0518734
33.5165905,-112.0387977
33.5174607,-112.0215379
33.5121661,-111.9651038
33.4970552,-111.9596525
33.5033702,-111.9805171
33.5002341,-111.989341
33.5088488,-112.0047594
33.498862,-112.004177
33.5023624,-112.0215697
33.5019818,-112.043224
33.5020379,-112.0345443
33.4980444,-112.0590439
33.5042337,-112.0540658
33.5052989,-112.0708618
33.4981039,-112.0910106
33.5054188,-112.0934517
33.502401,-112.1148406
33.5059113,-112.1062049
33.4995459,-112.1073358
33.5058159,-112.1255929
33.4985716,-112.125658
33.5021972,-112.1429058
33.5022028,-112.1602166
33.4986169,-112.1776574
33.5058621,-112.177581
33.5025844,-112.1933395
33.5018159,-112.2335625
33.4993779,-112.2135258
33.5015918,-112.22502
33.5054627,-112.2094968
33.4869472,-112.233063
33.4874706,-112.2162299
33.4909754,-112.2246135
33.4839302,-112.2243688
33.4838329,-112.2076134
33.4910701,-112.2075331
33.4876201,-112.1991683
33.4877584,-112.1907502
33.4876506,-112.173325
33.4868383,-112.1642623
33.4921689,-112.1608184
33.4887227,-112.143503
33.4876853,-112.0915629
33.4876332,-112.0784972
33.4875221,-112.0694199
33.4884762,-112.0600165
33.4867701,-112.045706
33.4879934,-112.0356435
33.4913915,-112.021563
33.48407,-112.0215206
33.4878543,-112.0085684
33.4878069,-111.999838
33.4875531,-111.9867811
33.4867355,-111.9673329
33.4740316,-111.9709763
33.4605544,-111.9738762
33.453377,-111.974501
33.4585599,-111.9550359
33.4729842,-111.9868751
33.4730969,-112.0085557
33.4730668,-111.9998735
33.4685018,-112.0256724
33.4740014,-112.0199451
33.4734937,-112.033492
33.4729911,-112.0429814
33.4729707,-112.05638
33.4730347,-112.0739665
33.4713281,-112.0919831
33.4731961,-112.1257612
33.4738048,-112.1394436
33.4724482,-112.1477014
33.4696322,-112.1604808
33.4768981,-112.1602715
33.4768815,-112.1777032
33.4696103,-112.1777424
33.4695439,-112.1948671
33.476804,-112.1948327
33.4642123,-112.1684128
33.4570499,-112.2121094
33.4373646,-112.2210426
33.447849,-112.1750468
33.4171647,-112.1608093
33.4154524,-112.1952527
33.4297636,-112.1865363
33.4156784,-112.212656
33.4025734,-112.2191866
33.4694344,-112.211941
33.476676,-112.2120561
33.4642595,-112.1949144
33.4571434,-112.194389
33.4727228,-112.2292551
33.4597179,-112.226146
33.4639189,-112.1435434
33.4566702,-112.1430073
33.4585429,-112.1257204
33.4585736,-112.0913351
33.4622221,-112.0739166
33.4550383,-112.0738751
33.4551116,-112.0519793
33.4549798,-112.0607304
33.4625882,-112.053214
33.4566793,-112.0388958
33.4549381,-112.01722
33.4629086,-112.024112
33.4620494,-111.9990272
33.454465,-112.0074119
33.4619595,-111.9863755
33.455455,-111.9883493
33.4388009,-112.0108503
33.4440704,-112.0389279
33.4440861,-112.0564579
33.4477532,-112.0739233
33.4405004,-112.0737142
33.4476821,-112.0912797
33.4403929,-112.0912805
33.443996,-112.1127649
33.4439794,-112.10407
33.4440651,-112.126027
33.4441453,-112.1431681
33.4332564,-112.1259049
33.4260087,-112.1258593
33.421613,-112.0861386
33.4289968,-112.0739678
33.4139109,-112.0014967
33.412681,-112.0486599
33.4135508,-112.071221
33.399385,-112.142267
33.3994726,-112.1078245
33.399502,-112.0906176
33.3995032,-112.0689754
33.3994853,-112.0776433
33.3995851,-112.0559842
33.3998988,-112.0386208
33.4001775,-112.0212714
33.3885879,-111.9874388
33.3901621,-112.0101981
33.4000005,-111.9869425
33.3814304,-111.9861775
33.3853695,-112.0387139
33.3850759,-112.0559281
33.3850011,-112.0732944
33.3848158,-112.1596188
33.3848675,-112.1423292
33.3990267,-112.123348
33.368726,-112.1508815
33.343914,-112.1538633
33.3704076,-112.1257966
33.3813456,-112.0905365
33.3886165,-112.0905313
33.3849779,-112.1077601
33.3693932,-112.1039783
33.3671923,-112.2025579
33.3561252,-112.1789956
33.3847701,-112.2101196
33.3848585,-112.1796425
33.3678962,-112.0576168
33.3521509,-111.9899157
33.3398925,-111.9828966
33.3559538,-111.974731
33.3317389,-112.0055579
33.3298672,-111.9920343
33.2979769,-111.9845655
33.2984125,-112.0037349
33.2979707,-112.0237215
33.3544355,-111.9830865
33.3266898,-111.9761414
33.322711,-111.983812
33.3120976,-111.98374
33.3166004,-111.9991276
33.3092109,-112.0136469
33.297401,-112.0469872
33.299027,-112.0736723
33.3121734,-112.0601949
33.3152148,-112.0264904
33.3005447,-112.1205438
33.2965068,-112.100319
33.3541086,-112.1039386
33.3433655,-112.0696822
33.3599841,-112.072269
33.3668767,-112.0746345
33.3741816,-112.0744562
33.3683857,-112.0408747
33.3730462,-112.0016602
33.4659687,-112.1085382
33.4884301,-112.1233353
33.4882459,-112.1060497
33.4991021,-112.0751243
33.4268606,-112.0447019
33.4201595,-112.1144433
33.5448607,-111.8984963
33.5706446,-111.8973154
33.5745336,-111.8052275
33.575287,-111.8821256
33.5712964,-111.9120794
33.6115564,-111.9073884
33.6298446,-111.7519771
33.6132017,-111.706384
33.5891915,-111.7497196
33.764038,-111.9065126
33.5887722,-111.8837698
33.7894145,-111.8190468
33.5821553,-111.9347757
33.5912791,-111.9270634
33.5776565,-111.865595
33.573508,-111.8521591
33.5549585,-111.9180475
33.5461165,-111.9137634
33.5888596,-111.8587996
33.5890025,-111.8373468
33.6042541,-111.882698
33.6035028,-111.8624422
33.7127029,-111.9080946
33.6896109,-111.9086338
33.6779669,-111.9107134
33.714098,-111.8301559
33.66279,-111.9042532
33.6450492,-111.9093868
33.6149456,-111.8200445
33.6244331,-111.8826775
33.6681878,-111.8225123
33.6151397,-111.8847323
33.6167101,-111.8699863
33.6468046,-111.8762808
33.6646919,-111.8784501
33.584738,-111.7196959
33.6065827,-111.7222205
33.5857124,-111.7931304
33.5932651,-111.7873848
33.634237,-111.8749329
33.6288045,-111.856799
33.5293094,-111.9187377
33.529373,-111.898852
33.5153595,-111.922848
33.5162635,-111.8980634
33.5012471,-111.9053974
33.5038503,-111.8978049
33.4945112,-111.9253321
33.5071933,-111.91706
33.5003483,-111.9142442
33.5019583,-111.9349494
33.4794719,-111.9509448
33.4863686,-111.9386785
33.4850451,-111.9308731
33.4860977,-111.9159439
33.4876299,-111.9003184
33.4731131,-111.900364
33.4748808,-111.9196965
33.4729197,-111.9348731
33.4620164,-111.9328124
33.4551162,-111.9158387
33.4605095,-111.9021729
33.4339879,-111.9162539
33.4553465,-111.9349524
33.428841,-111.9349202
33.4297773,-111.9560473
33.4146651,-111.952179
33.4182892,-111.93266
33.4126313,-111.9362297
33.416665,-111.9220739
33.418997,-111.9161745
33.4111438,-111.9176863
33.4184286,-111.9002492
33.4111316,-111.9002656
33.417039,-111.8867329
33.3855247,-111.9180624
33.3858315,-111.900434
33.400944,-111.9001315
33.39434,-111.8866592
33.4002478,-111.917711
33.4001798,-111.9349062
33.3965781,-111.9520842
33.3821331,-111.9533755
33.3828436,-111.9646301
33.3859955,-111.9714857
33.4004915,-111.9729445
33.4183846,-111.9678629
33.3819849,-111.9355416
33.3892276,-111.9350243
33.367901,-111.9355759
33.3703792,-111.9155206
33.3702585,-111.902362
33.3564609,-111.9198593
33.353387,-111.9005108
33.3419171,-111.9198091
33.3533622,-111.9341876
33.342523,-111.9008629
33.3418702,-111.950615
33.3551451,-111.9576343
33.366453,-111.963156
33.3716765,-111.9530194
33.4435312,-111.9429174
33.4295087,-111.6563794
33.4430029,-111.6572024
33.4792633,-111.6740249
33.4795976,-111.6403706
33.4595809,-111.6596141
33.4559724,-111.6080758
33.4297294,-111.6240166
33.4283654,-111.5878372
33.4190041,-111.6759674
33.4187804,-111.650047
33.4176452,-111.6198016
33.4187068,-111.5941823
33.4301383,-111.6930944
33.4698474,-111.7101019
33.4901256,-111.6923542
33.4300703,-111.7277109
33.4297703,-111.7086665
33.4446119,-111.6929143
33.4730975,-111.6908287
33.4586409,-111.6885124
33.4191805,-111.7277634
33.4194724,-111.7017702
33.4445634,-111.7275522
33.4446172,-111.7102505
33.4575906,-111.7937677
33.4586449,-111.7775275
33.459106,-111.7620111
33.4755737,-111.7444652
33.4575091,-111.8269135
33.470235,-111.7789534
33.4464362,-111.8176657
33.4433854,-111.8096308
33.4441533,-111.8268316
33.4441224,-111.8354904
33.4299352,-111.7794889
33.4445016,-111.7792986
33.4439367,-111.7973995
33.4300168,-111.7622801
33.444576,-111.7534952
33.430017,-111.7450053
33.4191076,-111.7623535
33.4191354,-111.7450284
33.4145122,-111.7606322
33.411881,-111.7450995
33.431638,-111.7951762
33.4331677,-111.8141844
33.4260911,-111.8141595
33.4295874,-111.8356261
33.4285378,-111.8284349
33.4476588,-111.8475179
33.430394,-111.8486195
33.4339264,-111.8723867
33.426999,-111.8632578
33.4149839,-111.8482565
33.4183113,-111.86874
33.4111435,-111.8721703
33.4151047,-111.8314299
33.411476,-111.8141508
33.4187479,-111.8141153
33.4189111,-111.7967357
33.4116541,-111.7967966
33.4190418,-111.7796191
33.4117785,-111.7796786
33.3970961,-111.79685
33.4063205,-111.7963157
33.396982,-111.8141908
33.4042227,-111.8141162
33.4042445,-111.8315944
33.3969939,-111.8314211
33.4041299,-111.8657395
33.3966747,-111.8698091
33.4013046,-111.8799565
33.3968379,-111.8485943
33.4040946,-111.8484497
33.3971105,-111.8612601
33.3836283,-111.8554938
33.3424187,-111.8504007
33.3423811,-111.8677211
33.3422819,-111.8849819
33.3674824,-111.891901
33.362708,-111.8858608
33.3605651,-111.8678247
33.3715446,-111.8507246
33.3606123,-111.8504492
33.3531488,-111.8854313
33.353311,-111.8678018
33.3533619,-111.8504487
33.3716184,-111.869395
33.3707287,-111.8627883
33.3816942,-111.8677571
33.3894258,-111.8605498
33.3894157,-111.8692157
33.3893833,-111.8772949
33.3834785,-111.8849943
33.3860671,-111.8271693
33.3861137,-111.7970864
33.346882,-111.8362834
33.3467173,-111.8158186
33.3654635,-111.8262114
33.3717979,-111.7983839
33.3570528,-111.8157213
33.3570982,-111.7975401
33.357289,-111.7814095
33.3427063,-111.7983277
33.342745,-111.7813515
33.4009336,-111.7624714
33.4008774,-111.7797329
33.3863226,-111.7797774
33.3864079,-111.7625515
33.3748545,-111.7655957
33.3697053,-111.7472622
33.3718862,-111.781172
33.357376,-111.7644951
33.3574743,-111.7472415
33.3428917,-111.764314
33.3429675,-111.7470048
33.4024253,-111.7451298
33.3867166,-111.7456385
33.4010722,-111.72785
33.4014339,-111.6749123
33.4006935,-111.658889
33.3952671,-111.6080157
33.3730628,-111.6788572
33.3717644,-111.6618167
33.3720322,-111.730671
33.3721101,-111.7135045
33.3689827,-111.6949646
33.3504927,-111.6959424
33.4117419,-111.7264985
33.4121576,-111.7007518
33.4116293,-111.6725394
33.4114985,-111.6465412
33.411671,-111.6199575
33.4114968,-111.5927476
33.401033,-111.6256677
33.4005952,-111.6414096
33.3861685,-111.6765606
33.3864184,-111.6577775
33.3862818,-111.7284799
33.4003406,-111.7144264
33.3859878,-111.710319
33.3984646,-111.6963228
33.3719534,-111.6447742
33.3718082,-111.6274308
33.3542368,-111.6101061
33.3357283,-111.6183085
33.3356547,-111.5965559
33.3353505,-111.5879989
33.3562128,-111.5929183
33.371689,-111.6101572
33.3747073,-111.5916524
33.398281,-111.5911947
33.3564637,-111.6704791
33.3574814,-111.6445179
33.3503074,-111.7299745
33.3576718,-111.7130909
33.3431618,-111.712833
33.3899849,-111.6401791
33.3870659,-111.6283437
33.305743,-111.6550857
33.3020039,-111.6782166
33.3279542,-111.8328965
33.3134516,-111.8371642
33.3134597,-111.8284703
33.313355,-111.8503094
33.3278656,-111.8677684
33.3133108,-111.8677385
33.327342,-111.8457321
33.3282965,-111.8542749
33.298902,-111.8328861
33.2987239,-111.8676106
33.2993379,-111.8494127
33.9856701,-112.1008918
33.8955266,-112.1907307
33.892234,-112.107182
33.8674909,-112.1229333
33.8570222,-112.096749
33.8474408,-112.1404193
33.8534223,-112.1274776
33.8483017,-112.1094978
33.8390081,-112.0893313
33.8081662,-112.1032252
33.8545369,-112.0204517
33.7754306,-112.2443648
33.7087381,-112.2429959
33.7132576,-112.2818818
33.7414632,-112.2720342
33.731013,-112.2365683
33.7218793,-112.2496844
33.7109623,-112.2114406
33.7800563,-112.1502101
33.7281316,-112.1955331
33.7248764,-112.1753903
33.7200705,-112.1508346
33.7051902,-112.1775813
33.7055157,-112.1436291
33.7239685,-112.1329974
33.7872015,-112.0784639
33.7526141,-112.0901571
33.708683,-112.0801056
33.7352131,-112.1134541
33.6968013,-112.0389218
33.7508957,-112.0319677
33.7865315,-111.9835402
33.7643659,-111.990316
33.7597212,-111.9796477
33.7467964,-111.9875678
33.748082,-111.9690731
33.7793097,-111.9569306
33.78911,-111.940537
33.7556916,-111.9432722
33.718997,-111.9674434
33.6825949,-112.295408
33.681154,-112.2836805
33.6744005,-112.2717005
33.6890519,-112.2656422
33.6725855,-112.2539708
33.6842501,-112.2456849
33.6832173,-112.2302999
33.6890347,-112.211794
33.6735234,-112.2158116
33.6834538,-112.1965221
33.6918675,-112.1616595
33.6769046,-112.1421875
33.6916139,-112.1237614
33.6764043,-112.1302956
33.6764202,-112.1192741
33.6893967,-112.0876317
33.6727311,-112.0866239
33.6801526,-112.0417771
33.6920518,-112.0070068
33.6732715,-111.9977415
33.6905962,-111.9784915
33.6785364,-111.9410953
33.6851361,-111.9643115
33.6597734,-112.3007226
33.6597444,-112.2813921
33.6612565,-112.265831
33.6602914,-112.2446551
33.6584742,-112.2267141
33.6553978,-112.2120123
33.6611787,-112.1954932
33.6614423,-112.1778366
33.6654649,-112.160561
33.6580902,-112.1604028
33.6621371,-112.1432751
33.6612535,-112.1205818
33.6616059,-112.1067463
33.6619201,-112.0913975
33.6617256,-112.0742002
33.6619108,-112.0570746
33.6625505,-112.0392348
33.6752334,-112.0225055
33.6638202,-112.0221618
33.6672757,-112.0073247
33.6588374,-112.0067861
33.6580405,-111.9915875
33.6479972,-112.2983868
33.6466847,-112.2693812
33.64568,-112.246348
33.6452166,-112.2292509
33.6470072,-112.2098091
33.6445885,-112.1949954
33.6466694,-112.1777514
33.6462322,-112.1636304
33.6509826,-112.143182
33.6433998,-112.1431656
33.6510443,-112.1245354
33.643589,-112.1248723
33.6472713,-112.1073368
33.6510365,-112.0912816
33.6437995,-112.0912883
33.6465683,-112.0756239
33.6512354,-112.0569397
33.6439454,-112.0633645
33.6439834,-112.0547013
33.6513488,-112.0395987
33.6440787,-112.0395291
33.6478148,-112.0221949
33.6473011,-111.9987922
33.6511213,-112.0069569
33.6515895,-111.9868183
33.6442985,-111.9867651
33.6461076,-111.9641098
33.2228914,-112.3881767
32.9198542,-113.1159749
32.9669436,-112.4340439
33.3693212,-112.4319377
33.3339312,-112.4163488
33.333626,-112.4367832
33.3235434,-112.4517935
33.3293373,-111.9586359
33.329357,-111.922235
33.323858,-111.9025159
33.3276299,-111.8849578
33.3154067,-111.9589091
33.3133782,-111.9361379
33.3154956,-111.9193276
33.3129045,-111.9028025
33.3131884,-111.8853929
33.2981969,-111.9365742
33.2981368,-111.9193707
33.2983287,-111.9026915
33.2978732,-111.884731
33.3244275,-111.8155414
33.3135713,-111.8155298
33.3102157,-111.7983227
33.2990273,-111.81557
33.2991347,-111.7982985
33.2831083,-111.885511
33.2838493,-111.8674476
33.2840817,-111.8501728
33.287549,-111.8136103
33.2688801,-111.8759427
33.2692722,-111.8500062
33.2686292,-111.8045641
33.268879,-111.7843237
33.2570673,-111.8736279
33.2541964,-111.8506414
33.2557023,-111.7811138
33.2559223,-111.7974145
33.2390719,-111.8692301
33.2340884,-111.8512644
33.2404309,-111.8326323
33.2407344,-111.8153055
33.2411878,-111.7895164
33.2186197,-111.8325633
33.2243965,-111.8108669
33.2264862,-111.7723597
33.2111576,-111.8497733
33.2116679,-111.8151375
33.211912,-111.7977869
33.2119505,-111.7808712
33.211967,-111.7640222
33.3322863,-111.8176975
33.3281393,-111.7984565
33.3283005,-111.7814918
33.3284094,-111.7643407
33.3213634,-111.747466
33.3264204,-111.7332527
33.3321976,-111.7042081
33.3249906,-111.7041038
33.3149425,-111.7869451
33.3139321,-111.7646489
33.3140755,-111.7303121
33.314716,-111.6944018
33.3106357,-111.7125089
33.3178614,-111.7125663
33.295471,-111.7816178
33.2845812,-111.7423867
33.2951212,-111.762801
33.2991976,-111.731348
33.3014738,-111.7474296
33.3008625,-111.698359
33.2981284,-111.7120433
33.2861635,-111.7129746
33.284457,-111.6970011
33.2720015,-111.7629539
33.2558377,-111.7553152
33.2662307,-111.730226
33.246907,-111.7275893
33.2411589,-111.755432
33.2114452,-111.733743
33.2239865,-111.7404553
33.2694864,-111.708585
33.2729999,-111.693466
33.256894,-111.6942796
33.2558983,-111.7117957
33.241,-111.7118845
33.2185218,-111.7122846
33.2277062,-111.6977013
33.2158225,-111.6901623
33.2736959,-111.6790785
33.2572087,-111.677526
33.2588353,-111.6553095
33.2392822,-111.5955564
33.2558363,-111.6002581
33.259692,-111.6242528
33.2720505,-111.6220011
33.2416507,-111.656567
33.231,-111.6198616
33.2471804,-111.6293247
33.2370687,-111.6140859
33.2175055,-111.6388018
33.224064,-111.8708141
33.2092441,-111.8860421
33.2109369,-111.867066
33.3117564,-111.6314193
32.5696,-112.417556
33.2885042,-112.175002
33.2338075,-111.9576919
33.6461625,-111.6598954
33.5222009,-111.7981089
32.7253646,-112.9041112
33.2980736,-111.9587909
33.2439248,-111.8863309
33.6921146,-111.7598427
33.3384622,-112.3795181
33.4549546,-112.0258494
35.7257711,-113.6308782
34.9604936,-114.6151248
36.4997448,-113.4218956
36.9841366,-112.9729007
36.9324078,-112.7751573
35.5708297,-114.1712883
35.8540783,-114.4399718
35.6952916,-113.9288315
35.3440369,-114.3629894
35.2570623,-114.2526289
35.1867135,-114.1817646
35.2319983,-114.2009773
35.259149,-114.0251199
35.2457168,-114.00373
35.2591468,-113.9985021
35.2986637,-113.9719277
35.3785609,-113.9659852
35.1771704,-114.5295491
35.1275444,-114.4712509
35.1445027,-114.5583569
35.1099957,-114.5845672
35.082061,-114.5749391
35.0842766,-114.5442704
35.1163835,-114.602981
35.1138649,-114.6234881
35.1040983,-114.6153071
35.1030543,-114.6394193
35.0963207,-114.6188545
35.0641211,-114.5950403
35.0502078,-114.5767863
35.0363746,-114.5400874
35.0145325,-114.5821947
34.8458213,-114.4800523
34.9943131,-114.5926441
34.9921069,-114.5366605
34.6247879,-114.3458669
34.5316817,-114.3106009
34.5195736,-114.3603804
34.4940196,-114.3579078
34.5053589,-114.3289917
34.5107526,-114.3127539
34.5092494,-114.2651271
34.5077807,-114.2986959
34.4782178,-114.3169025
34.4831239,-114.2990685
34.4835825,-114.3371238
34.4917634,-114.3163018
34.4710009,-114.3306979
34.4597412,-114.3618564
34.4875003,-114.2777562
34.4762514,-114.2812747
34.4663243,-114.2989281
34.4514895,-114.2916474
34.4903572,-114.2389881
34.3823864,-114.0806258
35.1808109,-114.0491013
35.1881463,-114.0146865
35.197374,-113.9772979
35.2073569,-114.0365144
35.2325352,-114.0285059
35.2440819,-113.9657963
35.0960434,-113.5758812
34.6881215,-113.9328965
35.2440284,-114.0595108
34.8879075,-114.5889164
34.8163597,-114.5388136
36.291957,-110.2982373
36.0217696,-110.1118375
36.1694977,-110.1756033
36.0383191,-110.6137878
35.7509151,-110.3264235
35.4148965,-110.0036724
35.3510601,-110.4421656
34.1330067,-110.3414721
33.853378,-109.9788321
33.7298265,-109.926978
36.6840509,-110.6114408
36.8539077,-110.1335271
36.715273,-110.2384406
35.0823669,-110.0053042
34.8537838,-110.0427443
35.1110317,-110.5813952
34.8941297,-110.448289
35.1103802,-110.7070767
34.1607418,-109.9934566
34.2152651,-110.0117145
34.2144605,-110.0462097
34.1334069,-109.9639251
34.1180935,-109.943925
34.5743946,-110.2657888
34.6202365,-109.9875343
34.409618,-110.5457694
34.440682,-110.0453193
34.4126384,-110.5865747
34.4058906,-110.5058876
34.2915391,-110.1683208
34.230354,-110.1010661
34.123774,-109.9094857
34.1240988,-109.8770477
34.2595367,-110.0743124
34.2610777,-110.0414366
34.2159046,-109.9107823
34.3330339,-110.0047372
32.2208596,-110.9710218
32.2246886,-110.9871294
32.2323135,-110.9771972
32.2340621,-110.9662796
32.2269025,-110.9662201
32.2293954,-110.9582668
32.2302947,-110.9505754
32.2337244,-110.9360708
32.2161545,-110.9386269
32.2121458,-110.9563603
32.2325808,-110.9927473
32.2430038,-110.9956637
32.2444096,-110.9754512
32.2556507,-110.9822535
32.2558835,-110.9708547
32.2466805,-110.9620427
32.2473214,-110.9509911
32.2481593,-110.938363
32.2641319,-110.9313541
32.2492877,-110.9209011
32.2382255,-110.9212062
32.2202428,-110.9204629
32.2008452,-110.9255985
32.1865119,-110.927968
32.1727627,-110.9531594
32.1927418,-110.9519364
32.1954741,-110.9691542
32.1780324,-110.9687003
32.1877205,-110.9946412
32.1698818,-110.9985872
32.1554437,-111.0001052
32.1293647,-111.0018799
32.1437169,-111.0034199
32.1888443,-110.9837833
32.2692028,-110.9582158
32.2639168,-110.9670778
32.2691453,-110.9766652
32.272288,-110.9366015
32.2641229,-110.949371
32.27924,-110.9482516
32.2683005,-110.9183399
32.2614084,-110.9182964
32.256109,-110.9206905
32.2506628,-110.9011702
32.2535518,-110.8839838
32.2646658,-110.9033057
32.2678701,-110.890302
32.2361705,-110.8666887
32.2471609,-110.8661966
32.2568401,-110.8685399
32.2373117,-110.882889
32.2382787,-110.8983926
32.2392881,-110.910057
32.2282505,-110.8963557
32.2316713,-110.9065091
32.2137822,-110.8494662
32.2206105,-110.8666444
32.2228661,-110.8821858
32.2162346,-110.8976598
32.2087025,-110.8755984
32.1992301,-110.8726145
32.1995907,-110.8622294
32.2034251,-110.8916023
32.2011422,-110.9032046
32.1836089,-110.8728932
32.1409816,-110.9583137
32.1412708,-110.9728113
32.1266374,-110.9691721
32.1596545,-110.9523196
32.1518293,-110.9522876
32.1699727,-110.973477
32.1564009,-110.9707923
32.1550234,-110.9860435
32.1413315,-110.9855157
32.1265027,-110.9851617
32.1990359,-110.8497002
32.2133968,-110.8343962
32.1966556,-110.7581644
32.1701448,-110.8323974
32.2623955,-110.8539465
32.2569005,-110.8325423
32.2434579,-110.8325893
32.188329,-110.8494049
32.181209,-110.8489235
32.185844,-110.8124254
32.1809029,-110.8154035
32.1882903,-110.832393
32.1810056,-110.8323892
32.2294092,-110.827945
32.228142,-110.781232
32.2135906,-110.7812274
32.2245599,-110.7511249
32.2429728,-110.8150955
32.2439336,-110.8038756
32.2281566,-110.7982757
32.2135965,-110.7982747
32.2745208,-110.7642524
32.2740612,-110.72478
32.4001644,-110.6185523
32.2766937,-110.8011077
32.2840301,-110.781441
32.2541063,-110.7815915
32.1851298,-110.7961136
32.1819927,-110.780578
32.169448,-110.8007526
32.1497781,-110.5711158
32.0765828,-110.7438548
32.1387607,-110.7687946
32.1056985,-110.788797
32.0974037,-110.7770346
32.2405665,-110.849048
32.2279762,-110.8445603
32.2139514,-110.8211377
32.2138056,-110.8106328
32.2287663,-110.8193654
32.2276876,-110.8110436
32.1156782,-110.825157
32.0862173,-110.7888611
32.1987952,-110.8222076
32.1983949,-110.834137
32.1986441,-110.7952529
32.2004871,-110.8095105
32.2940812,-110.8189517
32.2734554,-110.8222591
32.1204197,-110.7253416
32.0620712,-110.7017885
31.8894426,-110.6151708
32.1559551,-110.9392172
32.1459532,-110.8998957
32.0166543,-110.9099028
32.1434925,-110.9186326
32.1384937,-110.9029842
32.1605813,-110.9277474
32.1512228,-110.8922273
32.1414071,-110.9370743
31.9460601,-110.7655209
31.8500191,-110.7833772
31.875496,-110.972789
31.8172044,-110.9350289
31.8893032,-110.945907
32.0903533,-110.8836205
32.0881401,-110.8387616
32.0947544,-110.8336469
31.8734718,-110.9841747
32.169079,-111.0316035
32.1496181,-111.0512363
32.1447324,-111.0277887
32.0273642,-111.2708388
31.7500778,-111.3591984
31.8736368,-110.9930679
32.1224229,-111.0581611
32.1263157,-111.0364601
32.11569,-111.0306617
31.977262,-110.963758
31.789241,-111.0148197
31.8204799,-111.0919521
31.932361,-110.9733152
31.9439239,-111.0346923
31.8436993,-111.0372744
31.8565598,-111.0026339
31.8694458,-111.0155247
32.1513189,-111.0859195
31.9934487,-110.9795961
31.9759641,-110.9799624
31.8907711,-111.0020221
31.880825,-111.0114759
32.1190278,-111.1118926
32.1238528,-111.1570535
32.1906338,-111.0862316
32.1941491,-111.0052867
32.2634748,-111.0329343
32.2430537,-111.0296803
32.2421038,-111.0142411
32.2195864,-111.0067626
32.3086954,-111.0649581
32.4435324,-111.3215581
32.2041034,-111.0631087
32.3354011,-111.1799979
32.131615,-111.3141621
32.3829457,-111.4550797
32.3494027,-111.0916376
32.2719554,-111.1260762
32.4316723,-111.2554718
32.4088335,-111.1833437
32.2199818,-111.0245315
32.2494182,-111.0476363
32.2132631,-111.168207
32.1829966,-111.1124189
32.3870967,-111.1442046
32.3719004,-111.1126771
32.375874,-111.1261633
32.3452655,-111.1093926
32.3511094,-111.1274268
32.2711693,-110.9918647
32.3024582,-111.0270615
32.2849076,-110.9857186
32.2866046,-110.9671622
32.2796583,-110.9669487
32.2911491,-111.0106422
32.2836988,-111.0027616
32.2739235,-111.0050304
32.257748,-111.0021925
32.3149439,-111.0235556
32.3286184,-111.0472414
32.344588,-110.9944611
32.3301207,-110.9945184
32.31069,-111.0032124
32.3183972,-110.9851563
32.3035958,-110.9870329
32.3837559,-110.981418
32.3723894,-110.9783893
32.3631685,-111.001029
32.3593043,-110.9839524
32.3647046,-111.030723
32.3486878,-111.0391555
32.3515288,-111.0211645
32.3421269,-111.0209485
32.330309,-111.0333018
32.3301897,-111.0208646
32.3881182,-111.0635513
32.3844195,-111.0383759
32.3844689,-111.0213325
32.3929564,-110.997151
32.4081761,-111.0348829
32.4031958,-110.9893822
32.4168477,-110.9869521
32.4032681,-111.0987959
32.4623919,-110.9936889
32.4311735,-110.9884729
32.434295,-110.9530122
32.4847191,-110.9509149
32.3688821,-111.0576095
32.3719508,-111.0733943
32.3524508,-111.0677699
32.3446692,-111.0549946
32.472019,-111.1476907
32.4757366,-111.0349049
32.4353983,-111.0595067
32.2837353,-110.9359423
32.3080102,-110.9197539
32.2915675,-110.9081709
32.3487459,-110.9534523
32.3308559,-110.9410608
32.4986703,-110.9048382
32.3301564,-110.8926307
32.3159296,-110.8839199
32.2987511,-110.867221
32.2769247,-110.8607464
32.2898393,-110.8482194
32.2983493,-110.8329788
32.288972,-110.8838153
32.3090255,-110.9691791
32.3087678,-110.9476371
32.4744949,-110.8618807
32.4123628,-110.8318648
32.3240889,-110.8381921
32.3217467,-110.8635288
32.2167192,-112.9776299
32.2429338,-110.7277103
32.211718,-110.9728865
31.9690517,-111.8293137
32.0552464,-111.0853073
32.1156424,-111.079321
32.1975179,-112.3172296
32.0952439,-110.9380618
32.1153169,-110.9245429
32.0834878,-110.8657761
32.0676128,-110.8671722
32.1548376,-110.8423567
32.2024377,-110.9918399
33.3617396,-111.2381286
33.270877,-111.5700008
33.2055385,-111.5420815
33.1528907,-111.4745273
33.1544201,-111.5390551
33.1325961,-111.5189657
33.1569,-111.6387764
33.2419877,-111.5172763
33.2303536,-111.4366183
33.2260207,-111.554381
33.2434357,-111.556314
33.2365888,-111.55285
33.1743704,-111.5969629
33.1875459,-111.6048431
33.1994956,-111.6015029
33.2002865,-111.5736147
33.1853851,-111.5862945
33.1756062,-111.5582194
33.1487219,-111.5602043
33.1381356,-111.5503267
33.1368656,-111.563931
33.4508459,-111.5386902
33.4260201,-111.5546824
33.4204328,-111.5259361
33.431705,-111.4926992
33.4113667,-111.5637657
33.4005789,-111.5719817
33.4008033,-111.5293902
33.385386,-111.4658192
33.3862691,-111.565507
33.344615,-111.4984439
33.4186958,-111.571996
33.4295744,-111.572019
33.3969465,-111.5547279
33.4041955,-111.5547092
33.3863148,-111.5200195
33.3860498,-111.5374229
33.2774212,-111.0850209
32.5226621,-110.9026082
32.5506259,-110.8592663
32.6090945,-110.6415126
32.7476259,-111.1996372
33.0601395,-111.4340743
33.0927196,-111.4759886
33.0675596,-111.4975578
33.034094,-111.3667923
33.0423041,-111.2722291
33.0153046,-111.4141753
33.0411154,-111.3746829
33.0462062,-111.3790372
32.97727,-111.5023237
32.9840426,-111.5540354
32.9049354,-111.5646675
32.9489659,-111.690199
32.9236049,-111.7397102
32.9014574,-111.739916
32.9087965,-111.7740615
32.9452762,-111.7739979
32.9148098,-111.705961
32.9604616,-111.7378486
32.8868409,-111.7486392
32.8868468,-111.7313053
32.8869187,-111.7048879
32.8553619,-111.7413127
32.853456,-111.7035924
32.8645508,-111.6698954
32.8663024,-111.7809967
32.9011785,-111.8479858
33.0348282,-112.155609
33.0491069,-112.0598849
33.0789461,-112.0255707
33.0648612,-112.0392778
33.0517249,-112.0409322
33.0731861,-112.0048063
33.0619411,-111.9748342
33.0511274,-112.0050147
33.0240423,-111.9858503
33.0760738,-112.0603813
33.0513738,-112.0221389
33.0666041,-112.0240615
32.7831625,-111.6667915
32.8127701,-111.609295
32.7556079,-111.5375952
32.8141161,-111.5411188
32.7479303,-111.662053
32.7503053,-111.6859713
32.683903,-111.6600817
32.572142,-111.520831
32.8401884,-110.8896496
33.1734414,-111.1026491
32.8240189,-110.5867622
33.0826912,-111.6927414
33.1360688,-112.0019481
32.9329373,-112.1237742
32.7153071,-111.9923352
31.5664619,-110.6410279
31.6437417,-111.0437434
31.412766,-110.9438111
31.4535648,-111.1181423
31.4614664,-111.0176299
31.4430385,-110.987498
31.4563293,-110.8401292
31.4586955,-110.8945715
31.4597107,-110.9549123
31.3636472,-110.9638634
31.3729012,-110.8992853
31.35567,-110.9236065
31.349749,-110.947213
31.341319,-110.942013
34.7781607,-112.4953813
34.705051,-112.4841603
34.8482631,-112.3966926
34.7647804,-112.4393513
34.7404659,-112.3409732
34.962455,-112.6285169
34.8406356,-112.4830444
34.6216422,-112.4657723
34.6286285,-112.421818
34.5716012,-112.478148
34.5904781,-112.435429
34.5894628,-112.4605327
34.5693367,-112.4562214
34.5792127,-112.4532351
34.5828399,-112.3958242
34.5646624,-112.4083588
34.6081567,-112.3321234
34.6288917,-112.3146082
34.6130954,-112.30496
34.5873627,-112.3579491
34.592663,-112.3559215
34.6182743,-112.3435906
34.5996777,-112.3260168
34.5927971,-112.3312187
34.6055325,-112.2882875
34.5808265,-112.2805485
34.5553455,-112.3494238
34.5609983,-112.2979056
34.4817599,-112.3857424
34.4940143,-112.2768112
34.5344016,-112.4311823
34.5391682,-112.4644301
34.5210774,-112.4658162
34.5484252,-112.4586853
34.5545136,-112.4734283
34.5684475,-112.5849315
34.556275,-112.4916705
34.5765791,-112.494103
34.5254862,-112.5304446
34.5328422,-112.4943315
34.4915027,-112.5173502
34.5313698,-112.4797911
34.8463045,-112.8683971
34.5377872,-112.7884396
34.5733844,-113.1438803
34.1248308,-112.1080358
34.1668741,-112.4686757
34.2058928,-112.9950334
34.2769131,-111.8532086
34.3886294,-112.2247847
34.6026745,-111.8994148
34.5875069,-111.6724096
34.6706357,-111.8204975
34.6060474,-111.791594
34.7131326,-111.922991
34.7817013,-111.7323479
34.7674684,-111.8407723
34.778819,-111.7769222
34.8346681,-111.8288548
34.9050066,-111.9374218
34.9195022,-111.7968689
34.763519,-112.0553301
34.750771,-112.1309921
34.6569076,-112.3178253
34.6504721,-112.2779165
34.7425047,-112.0245469
34.6734055,-111.9696839
34.7214001,-111.99448
34.6929819,-112.0568753
34.7123755,-112.0203063
34.7297091,-112.0319166
35.1475628,-112.9773002
32.7116485,-114.6184685
32.7188025,-114.6288918
32.7270014,-114.6493156
32.7160944,-114.6395091
32.7147513,-114.6796835
32.7096332,-114.662159
32.7176191,-114.6570387
32.7019244,-114.6541135
32.7120544,-114.6493629
32.7048476,-114.6347574
32.6906956,-114.6145244
32.6921404,-114.6324654
32.6903363,-114.6459657
32.6911766,-114.6547518
32.7020465,-114.6718823
32.6782693,-114.6520091
32.6474716,-114.6627542
32.6910852,-114.6760799
32.6911046,-114.6633024
32.6577493,-114.6279985
32.6729493,-114.6266319
32.6778357,-114.6314724
32.67363,-114.6112962
32.6810592,-114.5922368
32.6838368,-114.4300755
32.7038557,-114.3908373
32.6874553,-114.5114093
32.7031711,-114.566215
32.7808896,-114.4657891
32.6776615,-114.4569187
32.6891271,-114.4575719
32.673745,-114.715965
32.6515565,-114.5553571
32.6631593,-114.4525353
32.6542401,-114.4031284
32.6360368,-114.405399
32.663066,-114.4673851
32.6547081,-114.4809443
32.6630849,-114.4398578
32.6628555,-114.4275812
32.6703742,-114.5361056
32.6513698,-114.5169326
32.663447,-114.414785
32.6388438,-114.4522956
32.6340438,-114.3955284
32.6434557,-114.358712
32.7400655,-113.9309425
32.6795515,-114.1157791
32.7004381,-114.2404032
32.4926607,-114.7771206
32.4892964,-114.7650788
32.4831162,-114.7372215
32.5073639,-114.7377489
32.5889647,-114.7310775
32.6046337,-114.7071894
32.5781924,-114.7164062
32.5892667,-114.7055418
32.5198224,-114.7970068
32.5279373,-114.7548464
32.6794616,-114.4706816
32.5385305,-114.6254414
32.5841786,-114.6472405
33.1077362,-113.8376677
32.2428436,-113.5327647
32.5278188,-113.913779
32.4621698,-114.6193818
32.6458708,-114.6012703
37.8676563,-122.2318813
37.8481378,-122.2495916
37.8405841,-122.2544782
37.848284,-122.2574447
37.8485452,-122.2647353
37.8419909,-122.2648882
37.8417014,-122.2722628
37.8454176,-122.2832338
37.839413,-122.280255
37.8312043,-122.2718866
37.8304839,-122.2638399
37.8306009,-122.2579159
37.8181386,-122.2667055
37.8207423,-122.273409
37.8229286,-122.2806336
37.8173713,-122.2814822
37.8211635,-122.3187951
37.8095098,-122.2982554
37.8063266,-122.2962183
37.8120305,-122.2824576
37.8057305,-122.2847803
37.80427,-122.2799551
37.8103325,-122.2770981
37.8095483,-122.2707403
37.8070174,-122.2735577
37.8071852,-122.2667035
37.8004341,-122.2707274
37.8022741,-122.2755012
37.7981065,-122.266955
37.7937603,-122.2667344
37.8092493,-122.2597833
37.8024095,-122.2651075
37.8177398,-122.2600504
37.8159444,-122.2569636
37.8135239,-122.2534812
37.8112134,-122.2586656
37.8094979,-122.2520933
37.8148236,-122.2416662
37.8171784,-122.2487713
37.8233126,-122.2536627
37.8300877,-122.2498696
37.8260219,-122.2510667
37.8361052,-122.2344831
37.844821,-122.2385523
37.8462275,-122.2149841
37.8271275,-122.2171515
37.8346277,-122.2024752
37.8199301,-122.1912387
37.8133308,-122.2069747
37.8055076,-122.2131962
37.8041422,-122.2215059
37.8120851,-122.2190899
37.811425,-122.2322366
37.8052759,-122.2433884
37.8020757,-122.2513558
37.7985075,-122.2543138
37.7965384,-122.2494562
37.7933319,-122.2461006
37.7982821,-122.243279
37.8008019,-122.2372726
37.7982307,-122.2296737
37.7939452,-122.2330985
37.7877859,-122.2357701
37.7909447,-122.240953
37.79237,-122.2603108
37.7741755,-122.2275801
37.7850449,-122.2307359
37.7819786,-122.2265557
37.789288,-122.2250127
37.7986398,-122.222061
37.7880811,-122.2169865
37.7936093,-122.2079606
37.7964782,-122.2143072
37.8033164,-122.2022249
37.7978944,-122.1949575
37.7932754,-122.1903789
37.7879458,-122.2024901
37.7831286,-122.2143965
37.7807761,-122.2102384
37.7777848,-122.2192819
37.7621786,-122.2109235
37.7710407,-122.2067479
37.769515,-122.1976093
37.7775293,-122.2031992
37.7765251,-122.1932278
37.7817468,-122.1868539
37.7884273,-122.1847831
37.8029603,-122.1828718
37.7854008,-122.1572103
37.775104,-122.1755739
37.7711951,-122.1646018
37.7646042,-122.1709592
37.7604176,-122.1785112
37.7661938,-122.1822982
37.7688645,-122.1889326
37.758918,-122.1969979
37.7541581,-122.1889463
37.7299594,-122.2164979
37.7323419,-122.1834828
37.7291306,-122.1778427
37.7378474,-122.1733603
37.744613,-122.1803623
37.7504463,-122.1837659
37.7532669,-122.1726197
37.7564185,-122.1658933
37.7603601,-122.1557634
37.7620318,-122.1358942
37.744794,-122.1335017
37.7477424,-122.1533513
37.7453063,-122.1571742
37.7466798,-122.1661407
37.7408161,-122.1621741
37.8100772,-122.2889321
37.8946938,-122.2909385
37.8944075,-122.2974489
37.8947347,-122.3047951
37.8906499,-122.3181164
37.8848762,-122.2997917
37.886211,-122.3141636
37.8866878,-122.2949826
37.8869937,-122.2870443
37.899434,-122.2661928
37.8963668,-122.2746996
37.8910377,-122.2812606
37.8883409,-122.270922
37.8917124,-122.2594986
37.8839086,-122.2560313
37.8819398,-122.2701842
37.8802854,-122.2782006
37.8794472,-122.2896362
37.8592091,-122.3016412
37.8733067,-122.2965336
37.8728828,-122.2878171
37.8740722,-122.2779151
37.8752396,-122.2695878
37.8773391,-122.2602611
37.8679151,-122.2495095
37.8667875,-122.259979
37.8657427,-122.2678632
37.8687746,-122.2698172
37.8668441,-122.2771352
37.865807,-122.2863197
37.8645164,-122.2936857
37.8573281,-122.2842016
37.8583735,-122.275884
37.8593612,-122.268048
37.8588898,-122.258719
37.8631828,-122.2592684
37.8618284,-122.2490093
37.8547209,-122.2441397
37.852246,-122.267564
37.8548712,-122.257602
37.8503694,-122.2746228
37.8504772,-122.281531
37.8382532,-122.3054128
37.8398785,-122.2946351
37.8425607,-122.2898163
37.8326584,-122.2833245
37.8216083,-122.2252725
37.8246262,-122.2406411
37.764909,-122.2299614
37.780827,-122.248255
37.7810489,-122.2662775
37.7778323,-122.2835979
37.7681553,-122.2868948
37.7714922,-122.2690581
37.7698045,-122.2582454
37.7666414,-122.2475404
37.7589136,-122.2346068
37.7533497,-122.2396803
37.7344929,-122.2414385
37.7439709,-122.249779
37.7564138,-122.2559068
37.7601324,-122.2593887
37.766273,-122.2738461
37.7817406,-122.3026484
37.7272887,-122.0150232
37.7674981,-122.050012
37.7216585,-122.0615699
37.7172764,-122.0819576
37.7212084,-122.1010957
37.7049262,-122.1091621
37.7041757,-122.0969638
37.7060948,-122.0822254
37.6992109,-122.0650346
37.6982784,-122.0828322
37.6929313,-122.0784573
37.6881137,-122.0672905
37.6871184,-122.0834504
37.7360495,-122.1466048
37.7330544,-122.1562452
37.7308763,-122.1656514
37.7085402,-122.1858996
37.7167215,-122.1661682
37.7234991,-122.1735223
37.7215214,-122.1576682
37.7247163,-122.1508066
37.7270704,-122.1428436
37.7212465,-122.123827
37.7159042,-122.1354894
37.7020462,-122.1331241
37.7093385,-122.1390414
37.7142641,-122.1469937
37.7017249,-122.1470315
37.6985123,-122.1575782
37.6862098,-122.1772459
37.6845055,-122.155317
37.6860856,-122.1437723
37.6876466,-122.1145204
37.7049461,-122.1226567
37.6948314,-122.123894
37.6992655,-122.1135392
37.692345,-122.1102056
37.655131,-122.0456272
37.6516747,-121.9827815
37.6385144,-122.0388422
37.6880455,-122.0490826
37.6807762,-122.0646561
37.6739167,-122.08317
37.6809369,-122.09333
37.6746707,-122.1022676
37.6819299,-122.107
37.6786744,-122.1161142
37.6793903,-122.1296211
37.6724681,-122.147305
37.6690407,-122.1375296
37.6717496,-122.1236242
37.6685047,-122.11212
37.6678078,-122.0945904
37.6641766,-122.087795
37.6668235,-122.0404127
37.669152,-122.0708563
37.6737239,-122.0592192
37.6586484,-122.0688949
37.6567776,-122.0788946
37.6518201,-122.0851944
37.6619708,-122.1005195
37.6535732,-122.0944503
37.6603504,-122.1097205
37.647144,-122.1015751
37.6059048,-122.126873
37.6298655,-122.1002746
37.6431726,-122.1115983
37.6362157,-122.0929895
37.6428175,-122.0876396
37.6440336,-122.0793901
37.6353602,-122.0804834
37.6348665,-122.0697491
37.638444,-122.0734492
37.6431437,-122.068697
37.6428283,-122.0613135
37.6190827,-122.0284675
37.6181753,-122.0389678
37.6262681,-122.0764388
37.6156286,-122.0575298
37.6270595,-122.0596257
37.6282241,-122.088523
37.6184511,-122.082604
37.6164242,-121.9814908
37.6003622,-122.0225189
37.6012643,-122.0427413
37.5868721,-122.0766157
37.5773823,-122.0746665
37.5849957,-122.0683439
37.5911451,-122.0486878
37.5893168,-122.027817
37.5980622,-122.0829553
37.5828284,-122.0858891
37.6053298,-122.0738277
37.5938189,-122.0649125
37.58102,-122.0173599
37.5937696,-122.0108429
37.5882461,-122.0142011
37.5856169,-121.9620462
37.5780625,-121.9910071
37.5716231,-122.0024689
37.5693426,-122.0194346
37.5735085,-122.0375264
37.5823293,-122.0400088
37.5695603,-122.0740416
37.4899766,-121.9742068
37.5730234,-122.0528477
37.5846106,-122.0572653
37.5647764,-122.0464882
37.559478,-122.0506929
37.4990214,-121.9388552
37.5635065,-122.0305636
37.5569619,-122.0212342
37.5479521,-122.0150386
37.5583412,-122.0082979
37.5591958,-121.9915699
37.5424223,-121.9678076
37.5509616,-121.9850062
37.5647659,-121.9732496
37.540812,-121.97872
37.5465021,-121.976577
37.5499103,-121.9629333
37.5543457,-121.9723074
37.5590456,-121.9353151
37.5481429,-121.9499143
37.5345806,-121.942108
37.527781,-121.9613408
37.5360343,-121.9604172
37.5313806,-121.9737794
37.5346224,-121.9839849
37.5396667,-121.9903682
37.544306,-121.9976615
37.5481936,-122.0049837
37.5371513,-122.0081095
37.5293619,-121.9931002
37.5184093,-121.9748369
37.5184218,-121.9515237
37.5168343,-121.9605916
37.5072245,-121.9271486
37.5270917,-121.901582
37.5313774,-121.9266867
37.5218355,-121.932256
37.4877231,-121.8955045
37.4707721,-121.9130472
37.4902703,-121.9242859
37.4829831,-121.9198352
37.550978,-122.0361606
37.5425433,-122.045728
37.536519,-122.0571016
37.5249502,-122.0812538
37.508137,-122.0358825
37.5362315,-122.035338
37.5342653,-122.0273658
37.5270567,-122.0162477
37.5116224,-122.0028758
37.7050855,-121.8851378
37.7208227,-121.8911768
37.7224277,-121.9154123
37.7106517,-121.9177272
37.7126655,-121.9324172
37.7068496,-121.9419577
37.7102505,-121.9676415
37.653267,-121.9307573
37.6888372,-121.9106075
37.6811898,-121.8865528
37.6721104,-121.8819955
37.6694706,-121.899759
37.6571981,-121.8877285
37.6564813,-121.9043199
37.6891989,-121.92397
37.5511338,-121.8054596
37.6602378,-121.8650769
37.6677204,-121.8281073
37.6930411,-121.8924273
37.6969031,-121.8651217
37.6803328,-121.8519308
37.6736928,-121.8685808
37.7054323,-121.8611962
37.7164128,-121.8428623
37.7409198,-121.823992
37.6506863,-121.7861589
37.6388221,-121.729043
37.6343064,-121.6163068
37.7127935,-121.7417475
37.7346905,-121.769005
37.6930926,-121.8176792
37.6959835,-121.7629309
37.6912321,-121.78425
37.6852758,-121.7803514
37.6733478,-121.7369681
37.6849518,-121.7489971
37.6979401,-121.7322366
37.6894445,-121.7246715
37.6833516,-121.7291862
37.6683795,-121.7607445
37.6712489,-121.7756214
37.6721084,-121.787947
37.6673232,-121.8010388
37.6621234,-121.7900629
37.7998452,-122.3173831
37.796028,-122.2953295
37.8737516,-122.2546176
37.7959455,-122.277268
37.6836727,-122.2287162
38.6217831,-119.7983522
38.4649426,-120.5707494
38.5496993,-120.2509786
38.4408917,-120.795267
38.5112936,-120.7212014
38.4580232,-120.949858
38.3544256,-120.9292323
38.2787591,-120.9241264
38.401482,-120.746055
38.393171,-120.6610538
38.3175704,-120.7391956
39.7579893,-121.8234851
39.7681532,-121.8186276
39.7670538,-121.8375523
39.7753786,-121.8636499
39.7639076,-121.849457
39.7639678,-121.8642233
39.7661458,-121.8946025
39.751107,-121.8695135
39.7577807,-121.8820026
39.7376781,-121.8868312
39.7296028,-121.8618097
39.7446573,-121.8643054
39.7368926,-121.8495873
39.7357415,-121.8574038
39.7420768,-121.838988
39.7503494,-121.8162178
39.7203605,-121.7616429
39.7262232,-121.7982687
39.7457399,-121.7955079
39.7293579,-121.8345095
39.7116723,-121.8514745
39.6982267,-121.8142534
39.7199996,-121.8130622
39.7859933,-121.9334056
39.5937898,-121.8461303
39.9159943,-121.6670307
39.8135912,-121.7789116
39.8276931,-121.6190201
39.8262662,-121.6019972
39.960108,-121.5013525
39.7820115,-121.6117463
39.7842336,-121.5757487
39.7589033,-121.5862872
39.7551658,-121.638031
39.6742656,-121.6828433
39.6722796,-121.5902502
39.7589882,-121.4356398
39.5954699,-121.2958394
39.5832346,-121.5365873
39.4900371,-121.4581066
39.5272273,-121.4667585
39.5228736,-121.5269312
39.5071861,-121.5606959
39.5203089,-121.6052187
39.4956403,-121.5403556
39.477057,-121.5600999
39.4895646,-121.509062
39.429744,-121.5309393
39.3923244,-121.5065211
39.3453317,-121.6578142
39.3792515,-121.7370257
39.3257871,-121.7897864
39.4540994,-121.7723641
39.516237,-121.6436615
38.0706597,-120.5609618
38.1252821,-120.4766935
37.909175,-120.6163033
37.9730607,-120.6793935
38.1036271,-120.7696216
38.2171046,-120.8447019
38.1437173,-120.9074214
38.2583498,-120.6778965
38.2212559,-120.5273359
38.3647246,-120.449
38.1924399,-120.3934798
38.4051305,-120.2111512
38.238606,-120.3528535
38.2442483,-120.3179569
39.0025535,-122.016575
39.1863781,-122.0258178
39.1276564,-122.1035128
39.0899819,-122.3187618
39.2881789,-122.4155734
39.3131684,-121.9711945
38.0381229,-121.6299682
37.999313,-121.7329343
38.0090152,-121.702202
37.9837231,-121.7056383
37.9714091,-121.7478636
37.9872578,-121.6618882
37.9775022,-121.6879255
37.9884917,-121.7399442
37.979776,-121.7231589
37.9629721,-121.7095374
37.9474152,-121.7033573
37.9366457,-121.6618676
37.9299323,-121.6859542
37.942375,-121.7148585
37.9289405,-121.7089879
37.9348664,-121.7563341
37.9542876,-121.7620862
37.93548,-121.7305687
37.9539324,-121.7331883
37.9162293,-121.7223832
37.9091889,-121.6951185
37.8837325,-121.7493471
37.8583363,-121.6220116
37.9011591,-121.5807088
37.894462,-121.609977
37.9521279,-121.5995247
37.9035472,-121.6319653
38.0158566,-121.8345617
38.007796,-121.7619259
38.0053331,-121.7994409
38.0085744,-121.7845356
37.9866563,-121.8155459
38.0004738,-121.8155705
38.0025255,-121.8485862
38.0037021,-121.8278013
37.9946847,-121.8308707
37.9860335,-121.845027
37.991814,-121.7962474
37.9886857,-121.7667083
38.0392742,-121.8641513
38.0264788,-121.8917588
38.0214223,-121.8935623
38.0151349,-121.8694525
38.0054139,-121.8636983
38.005762,-121.8893306
38.0068733,-121.8786584
37.9797609,-121.8749222
37.9945465,-121.8812282
38.0140103,-121.9333515
37.9888812,-121.923712
38.0162991,-121.9166488
38.0139154,-121.8993653
38.0314112,-121.9170116
38.0410617,-121.9444377
38.0234307,-121.9514739
38.0229463,-121.9350969
38.0470791,-121.9827259
38.0389987,-122.0299974
38.0234589,-122.1383209
38.0176878,-122.1262123
38.0170765,-122.1602988
37.9967508,-122.126487
38.0068998,-122.1226147
38.0218058,-122.0963072
37.9987252,-122.1074271
37.9992449,-122.0795275
37.9885816,-122.1027369
37.9754057,-122.0929416
37.9701324,-122.1123948
37.9821461,-122.0714008
37.9623355,-122.0743
37.9504334,-122.0726576
37.9515743,-122.0605372
37.929923,-122.0571612
37.9416678,-122.0553462
37.9354715,-122.0743431
37.9374179,-122.088446
37.9817769,-122.055368
37.9974209,-122.0447125
37.9756138,-122.0378047
37.9950373,-122.033801
37.9884608,-122.0261931
37.9762076,-122.01211
37.9815004,-121.9973254
37.9649027,-121.9701248
37.95982,-121.9580843
37.9689866,-121.9851343
37.9631644,-122.0017469
37.9517965,-121.9873999
37.9582537,-121.9860714
37.9516811,-121.9680486
37.8735349,-122.0541871
37.9691106,-122.0203707
37.9667898,-122.0346276
37.9644055,-122.0398545
37.9696018,-122.0398238
37.9604171,-122.0474661
37.9550367,-122.0446082
37.9572626,-122.01491
37.9527725,-122.0311578
37.9504592,-122.0230424
37.9402165,-122.0080941
37.9489174,-122.0424911
37.9412497,-122.0417539
37.9314923,-122.031045
37.9256927,-122.0541352
37.9190883,-122.0467663
37.9200316,-122.019661
37.9065751,-122.0146435
37.8917794,-122.0584254
37.9015582,-122.0632774
37.911254,-122.0627985
37.9232319,-122.0689509
37.9182611,-122.0889917
37.9060698,-122.0816223
37.8863487,-122.0839533
37.8931142,-122.0459606
37.903484,-122.0398813
37.8871646,-122.0283977
37.7318894,-121.9385114
37.7449859,-121.9480394
37.7387221,-121.9283794
37.7968123,-121.979604
37.7570588,-121.9526204
37.761519,-121.9272789
37.7955701,-121.9415913
37.7992956,-121.9650894
37.7423916,-121.9756333
37.7642579,-121.9742235
37.7762405,-121.9432378
37.7706784,-121.9577289
37.8053853,-122.0228527
37.8320573,-122.0429151
37.7858204,-121.9867395
37.765644,-121.9926624
37.8805837,-122.0082587
37.86371,-121.9837208
37.8199523,-121.9861799
37.8194973,-121.9505957
37.8471642,-121.9581382
37.8416451,-122.0018029
37.9337512,-122.120158
37.9036791,-122.1326937
37.8895825,-122.1040793
37.879801,-122.1364828
37.8525912,-122.0650875
37.8644359,-122.0638053
37.871978,-122.0816412
37.8744086,-122.0776411
37.8682136,-122.1047907
37.8450705,-122.095332
37.8172535,-122.105392
37.8529718,-122.1392991
37.8296923,-122.1594391
37.8534269,-122.1804788
37.8795036,-122.1684185
37.8838858,-122.216677
37.9015621,-122.1826098
37.9316743,-121.8566311
37.9762424,-121.7937278
37.967884,-121.7692731
37.9781266,-121.7752261
37.8328349,-121.797346
37.8064262,-121.9024245
37.7626429,-121.9121996
37.961197,-121.8103813
37.9403403,-121.8011252
37.9642256,-121.7886864
37.78368,-121.9137603
37.7932113,-121.8990398
37.742358,-121.8968778
37.7568691,-121.896725
37.7672133,-121.8990719
37.7738098,-121.8797382
38.0117032,-121.9521066
37.994766,-121.9800064
37.9212391,-121.9942166
37.8870576,-121.9236623
37.9566884,-121.928483
37.9403941,-121.929448
37.936015,-121.9719745
37.9455756,-121.9580586
38.0245131,-122.2274445
37.9540677,-122.1903602
38.0407401,-122.1962349
38.0481856,-122.2538488
38.0067648,-122.3074125
38.000836,-122.2941567
38.0095232,-122.2780117
38.0168819,-122.2866998
37.9831992,-122.2501115
38.0084765,-122.2564015
37.9995137,-122.265433
37.9825777,-122.2872266
37.9683461,-122.2659021
37.9689431,-122.2944098
37.9434498,-122.2881682
37.9457158,-122.3152708
37.9788489,-122.3087165
37.9937248,-122.3179579
37.9594613,-122.3844207
37.9821375,-122.3264034
37.9761945,-122.3459994
37.9689923,-122.3509224
37.970609,-122.3305065
37.9660275,-122.3355517
37.9542751,-122.3524999
37.9610553,-122.3520991
37.9567823,-122.3365954
37.9587227,-122.323664
37.9398973,-122.3223418
37.9403079,-122.3299515
37.9485229,-122.3399385
37.9476192,-122.3538132
37.9394176,-122.3414882
37.9402568,-122.3518215
37.9409897,-122.3623529
37.9337791,-122.3629918
37.9448548,-122.4048891
37.9283071,-122.3567296
37.908179,-122.3436635
37.9196248,-122.3507864
37.9301992,-122.3350677
37.9161083,-122.3229325
37.9088884,-122.3116766
37.9340884,-122.312203
37.9242312,-122.2957499
37.9274762,-122.3087345
37.9226826,-122.3152165
37.9170443,-122.3059217
37.9089645,-122.3022233
37.9021831,-122.2980729
37.9010521,-122.3052141
37.9139339,-122.2934883
37.904474,-122.2911565
37.9070641,-122.2842554
37.9094178,-122.2748795
37.9917413,-122.3595538
38.0068674,-122.320599
38.0263559,-122.2744234
37.9944965,-122.3542244
38.0258765,-122.311671
41.7454833,-124.2034187
41.7598953,-124.1635499
41.7755142,-124.1930591
41.80563,-124.2183038
41.7563733,-124.230249
41.8536708,-124.1663143
41.7468282,-123.8637597
41.5767503,-124.027796
41.7510436,-124.2493103
38.9337093,-119.9674857
38.9276388,-119.9486023
38.9236615,-119.9807492
38.9411188,-119.9928645
38.8972765,-120.0072676
38.9311924,-120.0077675
38.9228425,-120.0111283
38.8832961,-120.0306547
38.906926,-119.9479088
38.7738705,-120.0111576
38.848668,-119.9502341
38.8279567,-121.0265108
38.877146,-120.430395
38.9508575,-120.7300282
38.8038513,-120.8327749
38.8666317,-120.9225285
38.737015,-121.0874235
38.6709416,-121.0856652
38.6961984,-121.0417409
38.686436,-121.0624715
38.6376446,-121.0300053
38.571951,-120.9940113
38.7326215,-121.0109264
38.6380828,-120.9369393
38.6626385,-121.0121661
38.67665,-121.0086199
38.6628227,-120.9841896
38.6910821,-120.9949797
38.6932351,-120.9876288
38.6823047,-120.9567607
38.7788655,-120.9351547
38.7187492,-120.8955326
38.7517824,-120.845416
38.7557046,-120.7656707
38.7181989,-120.7826276
38.7490321,-120.6909165
38.7685433,-120.5987779
38.6909824,-120.7055174
38.7330245,-120.6258013
38.7153397,-120.5805435
38.5745143,-120.8047068
38.6138307,-120.6471407
38.6065775,-120.4928246
38.5933406,-120.8764864
38.6578205,-120.7933475
38.689074,-120.8533881
38.7012745,-120.7912088
38.9559173,-119.9500056
38.9411027,-119.9358827
38.6976087,-121.0951988
38.6670537,-121.0483713
38.7285809,-120.2650645
39.0491301,-120.146013
38.9117307,-120.1057886
39.0044975,-120.0430625
36.7369244,-119.7927732
36.7354931,-119.8055062
36.726462,-119.8010347
36.7276566,-119.7762088
36.7426772,-119.774847
36.7444099,-119.7815454
36.7466245,-119.7998119
36.7397996,-119.7874426
36.7266453,-119.8243614
36.7363393,-119.8277278
36.7104696,-119.804301
36.717769,-119.8042772
36.6977507,-119.804314
36.7096962,-119.7816972
36.7113232,-119.7578793
36.7026848,-119.7410276
36.7322589,-119.7499923
36.7250069,-119.7591482
36.7250147,-119.7455349
36.7322737,-119.7273757
36.7252331,-119.7276686
36.7290433,-119.709192
36.7433674,-119.6911747
36.7435859,-119.6639754
36.7215506,-119.6658663
36.7130079,-119.7299271
36.7107994,-119.7088882
36.7124196,-119.6915324
36.7292652,-119.6909105
36.6871053,-119.7170769
36.6433218,-119.6486262
36.617174,-119.7291518
36.6523126,-119.8133073
36.7572835,-119.8328811
36.7590503,-119.8157425
36.7585393,-119.8037024
36.7561221,-119.7942162
36.758343,-119.7810169
36.7613689,-119.7634701
36.7540821,-119.7634761
36.7468175,-119.7634304
36.7395172,-119.763454
36.7468158,-119.7453946
36.7395305,-119.7453942
36.7577975,-119.7453754
36.7390889,-119.7262432
36.7468034,-119.7272849
36.7540096,-119.7261211
36.7613333,-119.7272786
36.7577834,-119.7092921
36.7395013,-119.7091535
36.7467812,-119.709158
36.804859,-119.7159632
36.7983044,-119.7204904
36.7768768,-119.7185951
36.7759071,-119.7430752
36.7687041,-119.7431686
36.7759433,-119.763479
36.7686679,-119.7635148
36.7687839,-119.7790843
36.7759632,-119.7793001
36.7722645,-119.7950446
36.7721367,-119.8108607
36.7686654,-119.8255712
36.7758682,-119.8278227
36.7790955,-119.8713121
36.7785155,-119.854289
36.7591934,-119.8521224
36.7590345,-119.871211
36.7926787,-119.8702496
36.7935402,-119.8893835
36.7654223,-119.8893004
36.7733872,-119.916272
36.7082365,-120.1192112
36.7165761,-120.0784796
36.7457604,-120.0781504
36.7167627,-120.0423737
36.7458446,-120.0421779
36.7959636,-119.9948941
36.7971891,-119.8544515
36.8515113,-119.8719452
36.8321013,-119.8702212
36.8276921,-119.8806132
36.8150842,-119.8690146
36.818587,-119.8507578
36.8284596,-119.8539491
36.8306557,-119.8992392
36.8432113,-119.9118458
36.8058055,-119.8857853
36.8189274,-119.9187476
36.8461075,-119.8416132
36.8318003,-119.8330956
36.8193465,-119.8284236
36.8444833,-119.7923908
36.8579529,-119.7742267
36.8448123,-119.7744453
36.8437897,-119.811928
36.8554456,-119.794095
36.8641142,-119.795071
36.8295788,-119.8094761
36.8301053,-119.7902583
36.8192776,-119.7880081
36.815613,-119.8083939
36.8031546,-119.8253921
36.8011471,-119.8084855
36.7901386,-119.8353599
36.7829437,-119.8352486
36.7985088,-119.8401416
36.8002991,-119.834292
36.7843832,-119.8119506
36.7876267,-119.8222511
36.7867587,-119.7964425
36.7894593,-119.8074452
36.7982985,-119.7885932
36.786884,-119.7814652
36.7923198,-119.7356023
36.7832086,-119.7634014
36.7904775,-119.76333
36.7977186,-119.7678173
36.8049491,-119.7677716
36.8049396,-119.742956
36.7953213,-119.7449699
36.8121984,-119.7632007
36.8266434,-119.7677399
36.8337763,-119.7677351
36.8339087,-119.7450779
36.8188106,-119.74232
36.8194482,-119.7632087
36.8157747,-119.7767968
36.9049775,-119.7674433
36.8885344,-119.7386293
36.8739461,-119.7387266
36.8592559,-119.7567575
36.8593804,-119.7387474
36.848471,-119.7362095
36.8456743,-119.6757211
36.8446768,-119.7018656
36.8448035,-119.7202981
36.9231646,-119.6923071
36.8703229,-119.763675
36.8604783,-119.6447906
36.857772,-119.6696293
36.858077,-119.6980664
36.8594085,-119.7204462
36.8804762,-119.6918669
36.8413367,-119.7518591
36.8456683,-119.7581768
36.8810266,-119.7627089
36.8867067,-119.7551409
36.8245965,-119.7061942
36.8306918,-119.7326786
36.8336494,-119.7210292
36.8194378,-119.7182719
36.812111,-119.7200348
36.8309579,-119.6920937
36.8302613,-119.673098
36.8157672,-119.6728792
36.8166842,-119.6922549
36.8008494,-119.6912802
36.8002735,-119.6716166
36.7808008,-119.6911659
36.7685186,-119.680596
36.730393,-119.6356552
36.7700893,-119.51559
36.8282804,-119.659049
36.7942608,-119.650061
36.820846,-119.628777
36.8047681,-119.6549573
36.8144812,-119.6533741
36.828991,-119.5870612
36.7496019,-119.5876378
36.7218319,-119.5738472
36.7090138,-119.5638396
36.6892587,-119.5750615
36.6976846,-119.5636903
36.6847165,-119.5374339
36.7181755,-119.5325212
36.6187345,-119.410085
36.682091,-119.4417828
37.0042938,-119.5635349
37.0011768,-119.4485471
36.9045724,-119.376434
37.2236095,-119.0009358
37.2058395,-119.2805522
36.6941245,-119.1241579
36.8563029,-118.7738863
36.6086841,-119.3447245
36.646661,-119.3274877
36.5908531,-119.440231
36.6073772,-119.4571017
36.6063924,-119.4445322
36.6034413,-119.436379
36.5869962,-119.4549129
36.5998071,-119.4975161
36.6466139,-119.5600521
36.5699536,-119.608652
36.5935943,-119.6260161
36.5770545,-119.5900856
36.5633585,-119.635523
36.5714778,-119.6205352
36.5082094,-119.5666686
36.5262505,-119.5374364
36.5477958,-119.5393073
36.5344594,-119.6917634
36.4550573,-119.711732
36.5336682,-119.8284031
36.5805657,-119.9430165
36.4461628,-119.9069043
36.1460003,-120.0943192
36.3151694,-120.092931
36.204251,-120.4089333
36.1572027,-120.3728662
36.1419805,-120.3511477
36.5557769,-120.234647
36.804879,-120.398557
36.7708251,-120.4178637
36.626297,-120.5773805
36.8689002,-120.6584593
36.8405425,-120.4386597
36.8659337,-120.4573916
36.8531197,-120.5076526
36.5887994,-119.5492976
36.6084633,-119.5389437
36.6231442,-119.5522586
36.7100325,-119.8851173
39.7550067,-122.1833063
39.7367696,-122.1831262
39.7429592,-122.2100789
39.6052917,-122.501299
39.5279599,-122.2169964
39.5134541,-122.1956296
39.7212958,-122.0413986
39.5096525,-122.0261595
40.8040475,-124.1718104
40.7846083,-124.1798708
40.7741121,-124.1720457
40.7593641,-124.178586
40.8025436,-124.1513985
40.7886072,-124.1501286
40.7691596,-124.1483154
40.8076485,-124.1112674
40.8108091,-124.0303663
40.8657143,-124.0863615
40.8576023,-124.0778006
40.8925054,-124.0969908
40.8746741,-124.1004902
40.6854195,-123.7505265
40.8543026,-124.1579327
41.2739179,-123.886699
41.1893421,-124.0324312
40.9265216,-123.8880328
40.9883255,-124.0865738
40.9356792,-124.0543999
40.9395325,-124.1063117
40.9377433,-124.1181345
40.7128114,-124.0475651
40.7354437,-124.1824622
40.6856919,-124.1474514
40.6530627,-124.2233155
40.5982901,-124.1377113
40.5020364,-123.7971626
40.5623863,-124.1339221
40.4366309,-124.0525212
40.3609851,-124.1963951
40.1136833,-123.8592597
40.1890259,-124.0091092
40.2178542,-123.725331
41.0933714,-123.6734422
40.7517379,-124.247855
33.1874151,-115.462864
33.2254028,-115.6086847
33.0633411,-115.6689803
32.9827303,-115.4711527
32.9924425,-115.5301178
32.9890045,-115.5177302
32.9875536,-115.5439843
32.964626,-115.5527716
32.966902,-115.5215128
32.7712283,-115.317678
32.8156455,-115.3745809
32.8747189,-115.556913
32.8433039,-115.5795365
32.7854809,-115.676565
32.8129716,-115.5677697
32.8019576,-115.5743123
32.7306387,-115.5258769
32.7739581,-115.5196697
32.7769902,-115.4889457
32.7938734,-115.5453184
32.7984501,-115.56134
32.7871667,-115.561166
32.7775147,-115.5571364
32.7832849,-115.5867423
32.7832984,-115.5741144
32.7625611,-115.5662146
32.6958857,-115.567709
32.6901911,-115.4892697
32.6988594,-115.3767021
32.6687582,-115.4866991
32.6830985,-115.481137
32.674347,-115.4759194
32.6712318,-115.4960194
32.6814954,-115.4989928
32.6776062,-115.5099337
32.6700256,-115.5176302
32.9323837,-115.9218655
33.27526,-115.8770315
33.200905,-115.1076072
32.7799834,-114.5840716
37.3448147,-118.2425035
37.3161335,-118.5534882
37.3642463,-118.437388
37.3653589,-118.4048952
36.9446572,-117.9010501
36.2047334,-117.1188147
35.4295962,-119.0170153
35.423065,-119.0298635
35.4454371,-119.0327191
35.4328712,-119.0289016
35.4434742,-119.0570396
35.4163005,-119.0249519
35.4165703,-119.0461164
35.4111131,-119.0286467
35.4058896,-119.033747
35.4177692,-119.0735909
35.4069512,-119.0833307
35.3924387,-119.0832775
35.3867101,-119.0632205
35.430901,-119.0877034
35.4305938,-119.1010843
35.4298571,-119.1154677
35.3991976,-119.00964
35.394333,-119.0146151
35.3900332,-119.0159176
35.3909803,-118.9988901
35.402274,-118.9928535
35.4041112,-118.9759714
35.4050165,-118.9631281
35.4034053,-118.9550624
35.3894623,-118.9584296
35.3794847,-118.9585218
35.3796683,-118.9406532
35.379737,-118.9229278
35.4020275,-118.9413337
35.3898279,-118.9394705
35.3998325,-118.9219087
35.3896386,-118.9082647
35.4049931,-118.8966232
35.4222473,-118.9079019
35.3579658,-118.8755564
35.3671437,-118.9097512
35.3724048,-118.9022271
35.3682658,-118.9226604
35.3697841,-118.936261
35.370833,-118.9451246
35.3707155,-118.9574332
35.3743302,-118.9580398
35.3874473,-118.9720353
35.377139,-118.9753831
35.3834279,-118.9825024
35.3809977,-118.994198
35.3907585,-118.9903908
35.3939667,-118.9781966
35.3722473,-118.9890643
35.3769582,-119.0153949
35.3786716,-119.033399
35.3601532,-119.0495029
35.3579308,-119.083759
35.3660088,-119.0603689
35.3608268,-119.0347862
35.3604639,-119.0241678
35.3604141,-119.0074086
35.3604441,-119.0153687
35.3604083,-118.9985312
35.3566594,-118.9887513
35.3645543,-118.9873352
35.3597374,-118.975107
35.35765,-118.9344716
35.3600931,-118.9542942
35.3614351,-118.9631621
35.3241289,-118.9231677
35.3459412,-118.9453392
35.3231961,-118.9590308
35.3462897,-118.9932858
35.3362806,-118.9902464
35.329614,-118.9939388
35.3457339,-119.0117158
35.3430846,-119.0304638
35.3496301,-119.0295124
35.3449134,-119.0678215
35.351302,-119.105562
35.3457879,-119.0825787
35.3371405,-119.1201183
35.3431099,-119.0506301
35.3359425,-119.049604
35.3286336,-119.0481028
35.3264609,-119.0617564
35.3273754,-119.070111
35.3323425,-119.0852278
35.3230419,-119.0823043
35.3180791,-119.1187516
35.3162893,-119.1021478
35.3328959,-119.1045016
35.3272161,-119.0959308
35.3510055,-119.0582925
35.3503446,-119.0477783
35.3358268,-119.0304842
35.3286242,-119.0301956
35.328561,-119.0121173
35.3358221,-119.012111
35.3095691,-118.9945269
35.3174932,-119.0458982
35.3179747,-119.0288351
35.3070654,-119.0655635
35.3212993,-119.0121236
35.3140372,-119.0121312
35.3067749,-119.0121373
35.2995126,-119.0121441
35.3034813,-119.1010344
35.3000628,-119.0833167
35.3110896,-119.0832892
35.2995582,-119.0478187
35.3049001,-119.0426668
35.3035184,-119.1143189
35.3035181,-119.1234186
35.3053938,-119.0303474
35.3024984,-119.0250417
35.3510332,-119.1514658
35.2888869,-119.0203666
35.2886404,-118.9986461
35.2886982,-119.0522457
35.2742008,-119.0478215
35.2737976,-119.0319343
35.3382047,-119.1372019
35.3407855,-119.2046722
35.2777713,-119.0145144
35.2610042,-119.000668
35.2881829,-119.0338088
35.288671,-119.0433872
35.2887733,-119.0655505
35.2742933,-119.0655377
35.2640471,-119.0754843
35.2983441,-119.1848032
35.1899925,-119.1009485
35.0702231,-119.451887
35.2582904,-119.5019126
34.802456,-118.9627506
34.9553678,-119.1714843
34.8432832,-118.9897489
35.1650776,-119.4672709
35.1444229,-119.4614392
35.1294913,-119.4622029
35.4094907,-119.1014197
35.3907396,-119.1188797
35.3914329,-119.1006532
35.3762422,-119.1367321
35.3761948,-119.1190021
35.3706406,-119.1027528
35.4289772,-119.136883
35.4054176,-119.1364533
35.3910584,-119.1369582
35.4044901,-119.1173012
35.4157363,-119.1225576
35.3762394,-119.1544043
35.3576996,-119.137959
35.3650408,-119.1400234
35.3665932,-119.1706429
35.3693365,-119.2142746
35.3889479,-119.1566222
35.4104374,-119.150208
35.4207607,-119.1660956
35.4110356,-119.2142039
35.5027069,-119.1781788
35.5228503,-119.280697
35.5054276,-119.2910288
35.5063506,-119.271991
35.4961858,-119.2738672
35.5905564,-119.4114424
35.5833939,-119.3493658
35.6086914,-119.3444583
35.5722022,-119.351209
35.5917343,-119.3337642
35.5979162,-119.348129
35.5899296,-119.3473122
35.6497752,-119.7746623
35.783085,-119.3120866
35.7673126,-119.3223086
35.6698917,-119.1793152
35.7478582,-119.2921322
35.7468952,-119.2676544
35.6752697,-119.2157446
35.6669977,-119.2417788
35.681483,-119.243478
35.7788566,-119.2544669
35.757339,-119.2517659
35.7837173,-119.2462266
35.7868107,-119.2320485
35.7794626,-119.232308
35.7436341,-119.2324678
35.7710291,-119.2411623
35.7695493,-119.2298421
35.484358,-118.9832964
35.4390643,-118.8225658
35.5170098,-118.265824
35.6175465,-118.4522853
35.4635695,-118.6118735
35.6773299,-118.101417
35.6687224,-118.7867423
35.7285234,-117.7286991
35.6298168,-117.6877306
35.6480915,-117.6832328
35.6422887,-117.690525
35.607995,-117.6968305
35.6079664,-117.6791585
35.6166677,-117.6605801
35.6043775,-117.6480289
35.1220493,-118.007949
35.5725952,-117.6939426
35.572262,-117.8459565
35.1254645,-117.9765858
35.1274308,-117.9554226
34.8402217,-118.1914973
34.8801447,-118.3272928
35.0217689,-117.6748176
34.9149496,-117.872638
34.8619747,-118.167103
34.8582026,-118.1516336
34.8721108,-118.1861335
34.8531657,-118.1826241
35.0539688,-118.1693413
35.1129063,-118.5709793
35.1399584,-118.4819241
35.2513177,-118.3406115
35.1611022,-118.5218387
35.2055468,-118.6830789
35.1555924,-118.6061698
34.9695908,-118.7251827
35.0288241,-118.4085856
35.1312654,-118.4436267
35.1186685,-118.4438724
35.2620354,-118.9369122
35.1821665,-118.8856972
35.2236273,-118.83337
35.2017267,-118.846623
35.1979576,-118.8175042
35.2596885,-118.9232651
35.2390042,-118.911723
35.2715323,-118.9134883
35.2604928,-118.910156
35.209665,-117.8866346
35.412774,-119.3985787
36.3928943,-119.5983712
36.3510181,-119.8425961
36.2769538,-119.769357
36.3207094,-119.778526
36.3015715,-119.7738507
36.3057991,-119.8032658
36.3026577,-119.7910257
36.3278537,-119.7178903
36.3572087,-119.6505786
36.3498937,-119.6819083
36.3572411,-119.6639856
36.3580162,-119.6393197
36.3489843,-119.6219711
36.3279953,-119.6189814
36.3386062,-119.6485563
36.3286165,-119.6462216
36.3313556,-119.6766498
36.3196581,-119.6671973
36.3058649,-119.6730487
36.3080545,-119.6308433
36.2324904,-119.6239493
36.119739,-119.5542173
36.0861268,-119.5624953
36.0990536,-119.5600633
36.1028669,-119.5738328
36.01376,-119.7891118
36.0300554,-120.1317175
35.8987944,-120.0850411
36.3051812,-119.9245603
36.057953,-119.5540669
35.9704242,-120.1207
39.3331714,-122.898708
39.0412302,-122.9626051
39.0613022,-122.9165007
39.0371349,-122.9188324
39.1620236,-122.7065788
39.120886,-122.8631148
39.0218138,-122.6780777
39.081678,-122.575206
38.9857973,-122.5917589
38.985515,-122.6425345
38.9718368,-122.67148
38.9388352,-122.6301466
38.9565418,-122.6394514
38.9303812,-122.6934565
38.9862696,-122.7824591
38.9775783,-122.8895533
38.8821767,-122.7791923
38.8095353,-122.7318914
38.8477883,-122.4648516
38.8080109,-122.5554508
38.7540062,-122.5521097
40.8643392,-120.5937208
40.5011553,-120.9674678
40.3618083,-120.6742775
40.4542911,-120.5896112
40.4067172,-120.6448383
40.4780592,-120.6712575
40.442139,-120.3654057
40.276377,-120.5441539
40.1323961,-120.152486
34.2594737,-118.2929869
34.2677213,-118.2901465
34.2516083,-118.2816328
34.254329,-118.2925767
34.2513519,-118.2885261
34.2487777,-118.270999
34.2428521,-118.2941612
34.2250792,-118.3541879
34.216179,-118.3453979
34.209876,-118.3492653
34.2409052,-118.3395988
34.2732407,-118.3078874
34.2633843,-118.3073883
34.2656446,-118.3236267
34.2749357,-118.3434996
34.2573786,-118.3554785
34.2539688,-118.3183847
34.2559405,-118.3083483
34.2820993,-118.3925764
34.276148,-118.4046859
34.2731497,-118.3985699
34.2900933,-118.374193
34.2865005,-118.4160998
34.2790579,-118.4115542
34.2912875,-118.3931176
34.2763731,-118.4292815
34.2716582,-118.4180839
34.2742393,-118.4218751
34.2670388,-118.4327217
34.2587946,-118.4344932
34.2639207,-118.4286916
34.2555108,-118.4257479
34.2604355,-118.4189927
34.2579043,-118.4224647
34.2684745,-118.415214
34.255225,-118.4005884
34.2625305,-118.4088621
34.2465705,-118.4162955
34.2458703,-118.4209447
34.2489652,-118.4130092
34.2514971,-118.4095367
34.3253415,-118.4434033
34.3232264,-118.4294854
34.319137,-118.4095511
34.3055419,-118.4123941
34.3061546,-118.422207
34.3023558,-118.4268073
34.3060186,-118.4412741
34.3146862,-118.4482857
34.3221382,-118.4598094
34.3105741,-118.4365572
34.3132628,-118.4400764
34.3264211,-118.4796437
34.3088574,-118.4613523
34.3121073,-118.5243083
34.3033292,-118.4745764
34.2984691,-118.5084331
34.2863224,-118.5070136
34.2894657,-118.5220352
34.2905628,-118.4941725
34.2797379,-118.4939447
34.2930983,-118.4558345
34.2892496,-118.460655
34.3020803,-118.4467204
34.2975549,-118.4504817
34.2793058,-118.5416524
34.2804584,-118.5550665
34.286426,-118.5399996
34.2943135,-118.5460083
34.2840658,-118.5812419
34.2930831,-118.5616551
34.2809054,-118.566704
34.2771624,-118.46316
34.2774288,-118.4744906
34.2711982,-118.4804333
34.2687153,-118.4557009
34.2703268,-118.4389358
34.2593157,-118.4495333
34.2536518,-118.4654157
34.2615445,-118.4653518
34.2619342,-118.4808881
34.2537115,-118.4815974
34.2683099,-118.4950694
34.2748338,-118.5101489
34.2684432,-118.5148271
34.262647,-118.5471995
34.2539438,-118.5351373
34.2690645,-118.5343557
34.2539511,-118.5128425
34.2612078,-118.5128459
34.2608467,-118.5262266
34.2539293,-118.4966913
34.2611726,-118.4957411
34.2654115,-118.5852975
34.2658924,-118.5667261
34.2675047,-118.6227776
34.2606831,-118.6024264
34.2515,-118.607847
34.2266028,-118.6502378
34.225826,-118.6125452
34.2257746,-118.5939793
34.2382399,-118.651652
34.2451986,-118.6126947
34.2238854,-118.6016642
34.2319904,-118.6004946
34.2440457,-118.5583038
34.2436235,-118.5775956
34.2536782,-118.5721365
34.2529415,-118.5934782
34.253613,-118.5863726
34.2242425,-118.5666812
34.2284455,-118.5610661
34.2324832,-118.5919499
34.2358383,-118.5796232
34.2259883,-118.5894957
34.224146,-118.5787221
34.2394391,-118.5112304
34.2438279,-118.5274502
34.237491,-118.522646
34.2332349,-118.5376549
34.2461946,-118.5323978
34.2441108,-118.5382749
34.2422846,-118.548089
34.2259651,-118.5503049
34.2248079,-118.5151269
34.2247342,-118.5317299
34.2255624,-118.5416703
34.2391372,-118.4621301
34.2481946,-118.4598237
34.2426809,-118.4700957
34.2429089,-118.478874
34.2421587,-118.4896512
34.238143,-118.4987424
34.2281097,-118.4912814
34.2284788,-118.479077
34.2337311,-118.4702311
34.2301059,-118.4703116
34.2248464,-118.4703709
34.233678,-118.4621483
34.2300853,-118.4621861
34.2264373,-118.4643776
34.2351095,-118.4203143
34.2501205,-118.4331362
34.2417684,-118.4228648
34.2462338,-118.440639
34.2588359,-118.440754
34.2450202,-118.4516702
34.2369427,-118.4547256
34.233609,-118.4519009
34.2371666,-118.4458756
34.2407686,-118.4472672
34.2378874,-118.4353682
34.2207731,-118.4257669
34.2352193,-118.4310495
34.2329132,-118.4291943
34.2278369,-118.4412802
34.2191995,-118.4622655
34.2188235,-118.4548516
34.2151078,-118.4518684
34.22972,-118.4517987
34.223963,-118.4493666
34.2340798,-118.4488025
34.2226265,-118.4563815
34.225681,-118.4563753
34.2300529,-118.4563783
34.2152914,-118.4408399
34.2188821,-118.4323396
34.223913,-118.403944
34.2121224,-118.402062
34.224417,-118.3654293
34.2375131,-118.3842789
34.241882,-118.4049441
34.2276175,-118.3955625
34.2321519,-118.3919487
34.2110681,-118.4105906
34.2114871,-118.3928771
34.2192141,-118.3913636
34.2178665,-118.3832004
34.2147689,-118.4183782
34.2107757,-118.3719094
34.2142143,-118.3705556
34.2197648,-118.3736105
34.2143169,-118.3594491
34.2044832,-118.3919739
34.20361,-118.3832842
34.2027436,-118.3745716
34.2047368,-118.3664946
34.192132,-118.365403
34.1828906,-118.3650028
34.1967006,-118.3916113
34.193936,-118.3943295
34.1945637,-118.3835614
34.1937075,-118.3748665
34.2003096,-118.4001219
34.197275,-118.4116037
34.1965389,-118.4060882
34.1972397,-118.4219865
34.1936905,-118.4155624
34.1953384,-118.4290714
34.1884912,-118.423608
34.1774941,-118.4162038
34.1812199,-118.4263255
34.1848596,-118.4095169
34.179739,-118.4014358
34.1854544,-118.3937977
34.1758783,-118.3922288
34.1617442,-118.403266
34.1757824,-118.3833988
34.1884919,-118.3834122
34.1848613,-118.38341
34.1812288,-118.383406
34.1848664,-118.3746763
34.1776041,-118.374665
34.1739725,-118.3746553
34.1757378,-118.3642963
34.1739658,-118.4114177
34.1722741,-118.4267703
34.1620692,-118.4269321
34.1631392,-118.4158172
34.1702439,-118.4008746
34.1666099,-118.4008675
34.1685095,-118.3921314
34.1612478,-118.3921188
34.1667371,-118.3844985
34.1695168,-118.3660291
34.1667044,-118.3650522
34.1666571,-118.3737667
34.1565862,-118.3742188
34.163048,-118.3768649
34.1622827,-118.3724264
34.1622937,-118.3657855
34.1566283,-118.3655444
34.1578955,-118.3568636
34.2060072,-118.4445251
34.2043745,-118.4301703
34.2051759,-118.4357985
34.2066365,-118.4596472
34.2047822,-118.4531264
34.2083989,-118.4697657
34.2102531,-118.4782103
34.2184163,-118.4697511
34.1957241,-118.4800237
34.1993163,-118.4797991
34.1902695,-118.4880058
34.1902629,-118.4778055
34.1879128,-118.4698269
34.1974182,-118.4700952
34.1975153,-118.4530799
34.1974925,-118.4618228
34.1921963,-118.4576889
34.1885731,-118.4572358
34.1975649,-118.4443625
34.1975655,-118.4356225
34.1902993,-118.4356174
34.1902959,-118.4443506
34.1835838,-118.4443453
34.1835533,-118.4355767
34.1838638,-118.4605367
34.1830757,-118.4523813
34.1765275,-118.4588047
34.1703043,-118.4443439
34.1784585,-118.4410822
34.1712143,-118.4356063
34.1620698,-118.4435826
34.1602,-118.4355988
34.1682377,-118.4651573
34.1684788,-118.4552597
34.1616765,-118.4585185
34.2199093,-118.5393555
34.2111048,-118.538247
34.2034007,-118.5401318
34.1966625,-118.539496
34.2146244,-118.5056231
34.2147262,-118.514231
34.2146599,-118.5229633
34.2145917,-118.5316957
34.214718,-118.551356
34.2046643,-118.5578906
34.2035942,-118.5476933
34.204713,-118.5316786
34.2047052,-118.5229569
34.2047193,-118.5098593
34.1920691,-118.514195
34.1948951,-118.507196
34.1902625,-118.4956552
34.2020968,-118.4973692
34.1992573,-118.5273425
34.1956759,-118.5273085
34.1968245,-118.548597
34.1911391,-118.5469513
34.1888959,-118.5257626
34.1828565,-118.5282202
34.196082,-118.5571125
34.1844588,-118.5504885
34.1852327,-118.5382043
34.2029146,-118.5917267
34.2026924,-118.5855271
34.2143034,-118.5666432
34.2185595,-118.5814401
34.2119534,-118.5753847
34.2139885,-118.5912335
34.2136956,-118.6209257
34.203248,-118.611899
34.2139331,-118.6102868
34.217634,-118.6016952
34.2119147,-118.6017021
34.202023,-118.64714
34.2024601,-118.6306683
34.2140487,-118.6350313
34.2135678,-118.6565672
34.198294,-118.59964
34.2046283,-118.5952099
34.2046743,-118.6017183
34.2023735,-118.5779426
34.2046449,-118.5688121
34.1964858,-118.5762862
34.1948909,-118.5657988
34.1873507,-118.5606591
34.1914626,-118.5803105
34.1833588,-118.5842954
34.1918582,-118.5895109
34.1909915,-118.5939054
34.1886366,-118.6174552
34.1924609,-118.6102388
34.1810128,-118.6059584
34.1846696,-118.6097925
34.1904437,-118.603662
34.1903616,-118.6261323
34.188818,-118.6369084
34.1890902,-118.6495411
34.1938136,-118.662388
34.1661153,-118.6402345
34.1744854,-118.6013397
34.1737636,-118.5849481
34.1745779,-118.6102569
34.1739496,-118.6178069
34.176253,-118.6340417
34.177348,-118.6541956
34.1591455,-118.6108388
34.1554636,-118.6249424
34.1649344,-118.5768036
34.1634518,-118.5976927
34.1480383,-118.5720594
34.1488008,-118.5910495
34.1754113,-118.5117181
34.1756961,-118.5246446
34.1781538,-118.5581265
34.176723,-118.5383655
34.1762843,-118.5333072
34.1696955,-118.537583
34.1677649,-118.5517782
34.1628402,-118.5263111
34.1670182,-118.5202503
34.1675296,-118.5231656
34.1680216,-118.5257747
34.1640599,-118.5101001
34.157429,-118.4954117
34.144579,-118.5320785
34.1351431,-118.5137935
34.1400461,-118.4916264
34.1527171,-118.5455833
34.1428645,-118.5563557
34.151167,-118.4243044
34.1494929,-118.4318823
34.1519021,-118.4426826
34.1471798,-118.4423602
34.1549446,-118.4552465
34.151001,-118.4526294
34.1563069,-118.4629615
34.1506056,-118.4628536
34.1575339,-118.4761273
34.1405622,-118.4787549
34.1388889,-118.4612098
34.1379864,-118.4376485
34.148857,-118.3545369
34.1501345,-118.3626374
34.1494399,-118.3720618
34.1559853,-118.3878138
34.152183,-118.3866138
34.1534939,-118.4138689
34.1546507,-118.4021645
34.1476412,-118.40678
34.1450296,-118.3855058
34.1442858,-118.3727317
34.1410917,-118.3641876
34.1419414,-118.3723402
34.1289815,-118.3568128
34.1368977,-118.3857939
34.1338831,-118.3743634
34.1321312,-118.4000525
34.1358007,-118.4214241
34.145267,-118.2043861
34.136085,-118.223659
34.1367194,-118.2088736
34.1347811,-118.1928518
34.1297233,-118.2097405
34.1225069,-118.1817872
34.1156486,-118.1749059
34.1215773,-118.1746179
34.1199723,-118.1892861
34.125432,-118.1909385
34.1291817,-118.1973354
34.1210001,-118.2008163
34.1216662,-118.2092262
34.1257206,-118.2164099
34.1154022,-118.2030827
34.1109412,-118.2015849
34.1140024,-118.1948974
34.115176,-118.1898523
34.1093057,-118.1878599
34.1048444,-118.1836835
34.107365,-118.1978496
34.1039593,-118.1971254
34.1024707,-118.2060324
34.1062262,-118.2128244
34.0950599,-118.2170631
34.1001268,-118.2316876
34.1029045,-118.2232595
34.0922029,-118.2226256
34.0886826,-118.2248083
34.1284627,-118.2299806
34.1213123,-118.2188456
34.120029,-118.2241896
34.1150031,-118.2153416
34.1223497,-118.2404148
34.1126731,-118.2288551
34.1174905,-118.2455175
34.1117882,-118.2395216
34.1067595,-118.2354293
34.1160806,-118.2602407
34.1090483,-118.2514556
34.1054563,-118.2468522
34.1016126,-118.256724
34.1366071,-118.2703438
34.1124175,-118.2723964
34.1164011,-118.2797541
34.1207814,-118.2647639
34.1047367,-118.288505
34.1126894,-118.2884455
34.1035829,-118.2961605
34.1113316,-118.2957554
34.1112758,-118.309312
34.1200812,-118.3211428
34.1089232,-118.3192601
34.1077046,-118.3240616
34.1112603,-118.3297989
34.1124928,-118.3410239
34.1297719,-118.3309888
34.1351634,-118.3441134
34.0984761,-118.3613392
34.0980559,-118.3560718
34.1025151,-118.3477123
34.0997191,-118.3467929
34.100603,-118.3515882
34.0961645,-118.3468231
34.0961994,-118.3517319
34.1024648,-118.3423064
34.0977085,-118.34133
34.1033578,-118.329714
34.1034023,-118.3355352
34.1039629,-118.3177452
34.1035471,-118.3114567
34.1035718,-118.3027866
34.1035491,-118.3071514
34.0999771,-118.3113901
34.0999328,-118.3038048
34.099784,-118.3326563
34.0961818,-118.3359195
34.0943767,-118.3244586
34.0943604,-118.3299158
34.0944222,-118.3124771
34.094395,-118.319013
34.1009548,-118.3216769
34.0965841,-118.3049408
34.0929287,-118.304794
34.0985766,-118.2961735
34.0931674,-118.2939076
34.0930661,-118.2982811
34.0923345,-118.2865853
34.0962277,-118.2884036
34.0887621,-118.2881169
34.0851215,-118.2881029
34.0872608,-118.296037
34.0863852,-118.3059567
34.0885854,-118.3027208
34.0854739,-118.3192295
34.0887897,-118.3123611
34.088924,-118.3277122
34.0852963,-118.3277048
34.0906829,-118.3383611
34.0837728,-118.3388222
34.0852271,-118.3472967
34.0835415,-118.3553201
34.079743,-118.3284923
34.0798577,-118.3181008
34.07988,-118.3113323
34.079869,-118.3068568
34.0799255,-118.3024972
34.081365,-118.2961539
34.0776717,-118.2960541
34.0800134,-118.2881064
34.1114184,-118.3530199
34.116659,-118.3650891
34.1035086,-118.3749964
34.1016712,-118.3875194
34.0843098,-118.3642238
34.0850407,-118.3719012
34.0781753,-118.3695958
34.1022274,-118.2669741
34.1087422,-118.2785167
34.1029474,-118.2785412
34.0992506,-118.2836893
34.0916923,-118.2740531
34.0881865,-118.2646124
34.0808254,-118.2655482
34.0747292,-118.2686024
34.0737571,-118.2633774
34.0756705,-118.277696
34.0818094,-118.2769285
34.0787744,-118.2728192
34.0887786,-118.2823148
34.0871531,-118.2791664
34.0808128,-118.28244
34.0907632,-118.2343586
34.0811373,-118.2520467
34.0929146,-118.250437
34.0832,-118.2571856
34.0717475,-118.2577066
34.0683314,-118.2519864
34.0685435,-118.2457754
34.0768133,-118.2172897
34.0800545,-118.2197173
34.0793607,-118.1974043
34.0700703,-118.1996896
34.0762204,-118.211907
34.0812849,-118.2032927
34.0941911,-118.2003961
34.0896162,-118.2093313
34.0678503,-118.2202429
34.0693157,-118.2109573
34.0721667,-118.2096449
34.0650794,-118.2115758
34.0948043,-118.1743332
34.0949804,-118.1636455
34.0887085,-118.1785472
34.0882421,-118.1878388
34.097882,-118.1838819
34.0782936,-118.1857852
34.0689106,-118.1877681
34.0865745,-118.1646554
34.0851726,-118.1739007
34.080828,-118.173792
34.0726971,-118.1774624
34.07715,-118.1678921
34.0674315,-118.1708887
34.059079,-118.1964766
34.0526028,-118.1968646
34.0597594,-118.2062827
34.057226,-118.2185819
34.0516727,-118.2082016
34.0508472,-118.2114522
34.0498932,-118.2009322
34.0468935,-118.2031501
34.0449856,-118.1955756
34.0333803,-118.1944807
34.038787,-118.1987145
34.0338905,-118.201168
34.0436195,-118.2050757
34.0387491,-118.2078724
34.0461881,-118.2152707
34.0445316,-118.2116198
34.0366414,-118.2158297
34.030982,-118.2124516
34.0285558,-118.2030003
34.0238153,-118.2058412
34.0248828,-118.1955701
34.0175004,-118.1974975
34.0245059,-118.2142985
34.0187542,-118.2117951
34.0682177,-118.2320356
34.057123,-118.2311021
34.0325743,-118.2243204
34.027277,-118.2328862
34.0477555,-118.2332714
34.0437716,-118.2249549
34.0486658,-118.2254588
34.0474873,-118.2440019
34.0467318,-118.2403201
34.0436632,-118.2476235
34.0426955,-118.2456376
34.0401465,-118.2415808
34.0612027,-118.2448177
34.0592851,-118.2395097
34.0644824,-118.2392725
34.0432917,-118.2538919
34.0463014,-118.2514975
34.049428,-118.2496616
34.0488584,-118.2464257
34.046001,-118.2492681
34.0446014,-118.2506539
34.0562223,-118.246642
34.0564422,-118.2529675
34.052707,-118.253084
34.0463506,-118.2647778
34.0477448,-118.2564092
34.0429141,-118.2641664
34.0398342,-118.2590061
34.0605441,-118.2552847
34.0655189,-118.2571976
34.0619781,-118.2658491
34.0634788,-118.2624816
34.0637659,-118.2691298
34.0683644,-118.2660132
34.0695316,-118.2719463
34.066049,-118.2741645
34.072159,-118.2817724
34.069709,-118.2779829
34.0657276,-118.2825414
34.0627628,-118.2811045
34.059675,-118.2770843
34.0621454,-118.2786688
34.0564462,-118.2723721
34.0597997,-118.2733596
34.0595681,-118.2700929
34.05711,-118.2640302
34.0591782,-118.2663761
34.0576485,-118.2677496
34.0542615,-118.2674354
34.0523851,-118.2626532
34.0554715,-118.2599943
34.05073,-118.2683015
34.0567212,-118.2815247
34.0546619,-118.2772209
34.0531328,-118.2738446
34.0529626,-118.2819584
34.0505519,-118.2769503
34.0491173,-118.2823449
34.0472132,-118.2782548
34.0468502,-118.2723098
34.0677859,-118.3317418
34.07301,-118.2854106
34.0726793,-118.2892234
34.0627183,-118.2871904
34.0663331,-118.2880332
34.0745294,-118.2984693
34.0745209,-118.294113
34.0709091,-118.2984928
34.0708715,-118.2941394
34.0726142,-118.3073155
34.0726363,-118.3029423
34.0724565,-118.3152596
34.0653405,-118.3184531
34.0671466,-118.311582
34.0635115,-118.3115783
34.0635374,-118.3047254
34.067188,-118.3022323
34.0671619,-118.3066067
34.0672078,-118.2985036
34.067232,-118.292902
34.0672221,-118.2953981
34.0635956,-118.2941414
34.0635726,-118.2984975
34.0563658,-118.287932
34.0597621,-118.2903562
34.0598252,-118.2865323
34.0597633,-118.2935144
34.0598538,-118.2979144
34.0561038,-118.2981624
34.056128,-118.2940726
34.0595607,-118.3022261
34.0560876,-118.3019777
34.05607,-118.3053637
34.0586417,-118.3069674
34.0598448,-118.3138698
34.0563607,-118.3130597
34.0543037,-118.3193139
34.0585147,-118.3261907
34.0518662,-118.3305985
34.0494541,-118.3215149
34.0506364,-118.3126928
34.0526559,-118.3045301
34.0490294,-118.3045035
34.0508743,-118.2978915
34.050883,-118.2937
34.0537069,-118.2879026
34.0498405,-118.2878882
34.0748535,-118.348502
34.0746639,-118.3392739
34.0781666,-118.3573276
34.0712362,-118.3578948
34.0668419,-118.3541156
34.0671209,-118.3501895
34.0689566,-118.3506352
34.0727874,-118.3656444
34.0664969,-118.3661529
34.0713889,-118.3730522
34.0729569,-118.3800897
34.0742469,-118.3891907
34.0743077,-118.3857264
34.0636762,-118.3535529
34.0649899,-118.3456017
34.0569255,-118.3379721
34.0593993,-118.3477029
34.0550334,-118.3487365
34.061113,-118.3681221
34.0590623,-118.3575091
34.0567002,-118.3797321
34.0611535,-118.3804364
34.0482451,-118.371949
34.0557841,-118.3706043
34.0475565,-118.3635867
34.054212,-118.3622486
34.0523836,-118.38703
34.0495333,-118.3804933
34.0465241,-118.3554675
34.0508918,-118.3537896
34.049584,-118.3424594
34.0443254,-118.3275531
34.0435631,-118.3206759
34.0427907,-118.3423056
34.0434012,-118.3348919
34.0427467,-118.3548171
34.0369278,-118.3592342
34.0373857,-118.3505694
34.0371838,-118.3427434
34.0373889,-118.3333058
34.0334074,-118.3337765
34.0377797,-118.3230095
34.0326941,-118.3230172
34.0276144,-118.3229262
34.0222083,-118.3226729
34.0267587,-118.3318299
34.0209191,-118.3405648
34.0277561,-118.3490693
34.029939,-118.3547601
34.0297377,-118.3605226
34.0296515,-118.3698125
34.0278406,-118.3401928
34.023934,-118.3662035
34.0457195,-118.2878287
34.0421001,-118.2878972
34.0436624,-118.3028632
34.0435736,-118.2960214
34.0417457,-118.3114921
34.0453825,-118.3084384
34.045362,-118.3146461
34.033886,-118.3132694
34.0384431,-118.3090474
34.0348455,-118.3046372
34.0348166,-118.2959265
34.0384299,-118.2921027
34.0346983,-118.2876315
34.0306568,-118.2923015
34.0304526,-118.2864985
34.0267671,-118.289558
34.0281954,-118.3132805
34.0218914,-118.3132782
34.027317,-118.3023777
34.0309167,-118.3024156
34.0218497,-118.3045508
34.0218424,-118.295871
34.0209296,-118.2856599
34.0367636,-118.2658976
34.0304827,-118.2686569
34.0406213,-118.2767182
34.044384,-118.2827213
34.041585,-118.2808542
34.0351369,-118.2799794
34.0316495,-118.2769038
34.0222989,-118.2718023
34.0286296,-118.2806701
34.0248596,-118.2796034
34.0244804,-118.2502706
34.0326185,-118.2477706
34.0241996,-118.2622815
34.0218419,-118.2570623
34.0176396,-118.2647766
34.0170825,-118.2596808
34.0185256,-118.2469968
34.0157537,-118.251933
34.009617,-118.2439607
34.010412,-118.2534818
34.0060455,-118.2513193
34.011351,-118.262416
34.0078219,-118.263636
34.01374,-118.2691132
34.0082598,-118.2718914
34.003492,-118.2690648
34.0036935,-118.2608661
33.9993679,-118.2542903
33.999367,-118.2499406
33.9992469,-118.2432565
33.9920544,-118.2430143
33.9921607,-118.2520958
33.9982715,-118.2608283
33.9979135,-118.2706778
33.9922359,-118.2695618
33.9925311,-118.2608177
34.0152478,-118.2765579
34.0145285,-118.2980282
34.0145635,-118.2893753
34.0153549,-118.3020819
34.0140532,-118.3058946
34.0145548,-118.3129995
34.0072777,-118.3108266
34.00727,-118.3023599
34.0072718,-118.298033
34.0072782,-118.2937148
34.0073136,-118.2893576
34.0074463,-118.284071
34.0074446,-118.2774651
33.9983026,-118.2761377
34.001808,-118.2792325
33.9994947,-118.2893178
33.9996748,-118.2839315
34.0017243,-118.2978735
33.9974228,-118.2981841
34.0001927,-118.3082233
33.998535,-118.3135729
33.9920834,-118.3108167
33.9921082,-118.3023519
33.9920845,-118.2958368
33.9921998,-118.2892962
33.9924358,-118.2837479
33.9923979,-118.2771883
34.0126054,-118.3235438
34.0114647,-118.3190195
34.0164073,-118.3311523
34.00781,-118.3313568
34.0067851,-118.3258096
33.9974948,-118.3244351
34.0018666,-118.3244227
33.9920177,-118.327561
33.9872213,-118.3276852
33.9818234,-118.3220826
33.9817876,-118.3286609
33.9822575,-118.3340918
33.9852423,-118.3463239
33.9745535,-118.3221148
33.9730801,-118.330376
34.0168971,-118.3717636
34.0147343,-118.3396088
34.0099782,-118.3409807
34.0184551,-118.3467705
34.0147165,-118.3491895
34.0154268,-118.3522256
34.0192273,-118.3540683
34.0067001,-118.3512616
33.9856234,-118.2913772
33.9857553,-118.2837235
33.9857256,-118.2991149
33.9863341,-118.3100903
33.9782832,-118.3110714
33.9784675,-118.2948084
33.9784618,-118.3013342
33.9783023,-118.2893094
33.9785135,-118.2838719
33.9726959,-118.2861364
33.9692863,-118.2861511
33.9709601,-118.2981214
33.9709293,-118.3111925
33.9472944,-118.3097251
33.963628,-118.3111989
33.9634958,-118.2979777
33.9660436,-118.2861074
33.9621527,-118.2861548
33.9563491,-118.3089917
33.9857805,-118.2771699
33.9856782,-118.2649765
33.9785291,-118.2773062
33.9785676,-118.2717384
33.9783876,-118.2631028
33.9729857,-118.2628927
33.9693296,-118.2630441
33.972837,-118.2752978
33.9694506,-118.2749022
33.966092,-118.2752631
33.962202,-118.2750006
33.9660533,-118.2629318
33.962408,-118.2629489
33.9583159,-118.2637831
33.9542642,-118.263888
33.9560337,-118.2761415
33.956406,-118.283803
33.9564141,-118.2892796
33.9499184,-118.2857158
33.9446893,-118.2854788
33.946927,-118.2756654
33.946945,-118.2684059
33.9470153,-118.2593919
33.9397051,-118.261893
33.9323798,-118.2603545
33.9352313,-118.2637959
33.9296426,-118.2679732
33.9252619,-118.2614024
33.936494,-118.2716976
33.9364446,-118.2768362
33.9402403,-118.2858348
33.9334312,-118.2857529
33.9261331,-118.2862377
33.9255825,-118.2755595
33.9392821,-118.2502155
33.9456299,-118.2323662
33.950737,-118.2379637
33.9465593,-118.240423
33.948506,-118.2461145
33.9323759,-118.2502423
33.9363535,-118.2426486
33.9398628,-118.2362448
33.9390066,-118.2314369
33.9326936,-118.2351416
34.1132006,-118.4248437
34.117582,-118.3864111
34.1126013,-118.4072679
34.1132765,-118.4418058
34.108023,-118.4569641
34.1017341,-118.4698062
34.0925404,-118.4910639
34.0751234,-118.4768411
34.0660696,-118.4868492
34.0918093,-118.508627
34.0503509,-118.5202383
34.0738344,-118.5557893
34.0522392,-118.5493086
34.040805,-118.5419865
34.0351983,-118.5245644
34.0458645,-118.5024565
34.0545499,-118.4815022
34.0595085,-118.4693771
34.0549771,-118.4662764
34.0514491,-118.4660451
34.0505183,-118.4624275
34.0476827,-118.4788954
34.0453339,-118.4691329
34.0737151,-118.4288493
34.0668275,-118.4364091
34.0621133,-118.4382515
34.0616509,-118.4446082
34.0710687,-118.4454342
34.067274,-118.4534106
34.0677546,-118.451161
34.0657336,-118.4489319
34.0613919,-118.4490612
34.0656025,-118.4632446
34.0704417,-118.4594425
34.056703,-118.4448253
34.0563691,-118.4414877
34.0520292,-118.438695
34.0508537,-118.4453248
34.0558599,-118.4327259
34.0602409,-118.434157
34.0627353,-118.4220876
34.0642617,-118.4273369
34.050791,-118.4279971
34.0539673,-118.4218545
34.0443021,-118.4402893
34.0470561,-118.4339786
34.0452043,-118.4496931
34.0474941,-118.4566299
34.0456314,-118.4605333
34.0412046,-118.4672574
34.0433912,-118.464012
34.0375502,-118.4621616
34.0424856,-118.4542291
34.040449,-118.4574873
34.0340797,-118.4524613
34.0387217,-118.4441579
34.03958,-118.4306812
34.056456,-118.4137158
34.0475522,-118.4201983
34.043325,-118.404305
34.0530704,-118.3948253
34.0444598,-118.4122005
34.0433812,-118.3937878
34.0418546,-118.3794518
34.0432688,-118.384482
34.036336,-118.387153
34.032045,-118.3968111
34.0209031,-118.4064763
34.0218574,-118.4018807
34.0249593,-118.4031746
34.0280469,-118.4067099
34.0296868,-118.4132103
34.0259582,-118.4105667
34.0282202,-118.3947356
34.0256717,-118.3983188
34.0328855,-118.3797742
34.0399075,-118.3708123
34.0339126,-118.4268131
34.0313918,-118.4420025
34.0259601,-118.4413946
34.0100779,-118.4473997
34.0166821,-118.4382414
34.0210549,-118.4304607
34.0251282,-118.4259054
34.0229895,-118.4150805
34.028889,-118.4195622
34.0167262,-118.4182342
34.0194715,-118.4103492
34.0201691,-118.4138661
34.0131825,-118.4231336
34.0096289,-118.4316771
34.0037101,-118.4422882
34.0003832,-118.4341265
33.9975532,-118.4391489
34.0050155,-118.4222404
34.0021096,-118.4274418
34.0034845,-118.4598118
33.9975912,-118.4669822
33.9955625,-118.4722134
33.9918529,-118.4792029
33.9949909,-118.4776989
33.9867153,-118.472226
33.9933608,-118.4599433
33.9983793,-118.4526783
33.9927102,-118.4512626
33.9832035,-118.4661393
33.9875224,-118.4489221
33.9709011,-118.4615184
33.9992665,-118.4045296
33.9979789,-118.4112469
33.9956333,-118.4203026
33.9882746,-118.4233089
33.9798033,-118.4332118
33.9854415,-118.4325112
33.9906137,-118.4391729
33.9918105,-118.4148705
33.9864759,-118.4066251
33.975793,-118.4154909
33.9775186,-118.4205947
33.9691783,-118.3890198
33.9753456,-118.3783735
33.9761861,-118.3703576
33.9668881,-118.4095017
33.9665412,-118.4180348
33.9637725,-118.4345193
33.9564713,-118.4348338
33.9551349,-118.4383274
33.956751,-118.4214686
33.9577155,-118.4293504
33.9713675,-118.4003336
33.9652179,-118.3783987
33.9526286,-118.3822385
33.9490353,-118.3743485
33.9559664,-118.402225
33.9583191,-118.4523594
33.9200911,-118.2868209
33.912792,-118.2869267
33.9024424,-118.2871419
33.8886904,-118.2870814
33.8771395,-118.286709
33.8641805,-118.2951289
33.8513017,-118.2993461
33.8390639,-118.303344
33.8319847,-118.3077452
33.8297185,-118.3026955
33.8183565,-118.3038904
33.823538,-118.3035584
33.8111773,-118.3038284
33.8016119,-118.3042086
33.7926172,-118.3043149
33.7818249,-118.3043625
33.7873771,-118.3035525
33.7979782,-118.2603808
33.7957904,-118.247563
33.7948377,-118.2693892
33.7946618,-118.2795526
33.7848764,-118.2782902
33.794128,-118.2898931
33.7902748,-118.2975505
33.7865877,-118.271694
33.7868323,-118.2658196
33.787324,-118.2581968
33.7874696,-118.2479267
33.7780093,-118.2549078
33.7795265,-118.2714945
33.7797819,-118.2656258
33.7729434,-118.267011
33.7748702,-118.2774453
33.7616099,-118.2947359
33.7476138,-118.2839528
33.7410279,-118.2837798
33.7545885,-118.3012745
33.7411716,-118.3150067
33.7465581,-118.3038513
33.7480876,-118.2927139
33.7397829,-118.2923625
33.7301628,-118.2945655
33.7344706,-118.2956423
33.7336236,-118.3123901
33.7325963,-118.3049776
33.7346618,-118.284187
33.7282151,-118.2850928
33.7249036,-118.2914165
33.7247349,-118.2990073
33.7180342,-118.314919
33.7208388,-118.3228117
33.7107078,-118.3025064
33.7155921,-118.2963264
33.7088571,-118.2869206
33.7159024,-118.2903209
34.2442558,-118.2325716
34.2283768,-118.2386852
34.2511012,-118.2525977
34.2284548,-118.2563999
34.2206887,-118.2400494
34.2109438,-118.2283376
34.2154603,-118.2420735
34.2038272,-118.2338438
34.2038347,-118.2517672
34.1833023,-118.2644781
34.1845879,-118.220602
34.1700186,-118.2103257
34.1545652,-118.2003124
34.1564802,-118.2309561
34.1622943,-118.2471275
34.1662572,-118.2609478
34.161482,-118.2597444
34.1684098,-118.2729275
34.1631614,-118.2724011
34.1750805,-118.2714599
34.1815516,-118.2829278
34.1752845,-118.2869812
34.1724288,-118.2887629
34.1623874,-118.2865467
34.1621154,-118.2987272
34.1584908,-118.2746677
34.1511594,-118.2692641
34.1556264,-118.2611397
34.1492141,-118.2597025
34.1555376,-118.2518321
34.1550284,-118.2448519
34.1491687,-118.2505278
34.1487828,-118.2439771
34.1488475,-118.2387735
34.1347523,-118.2363802
34.1425784,-118.238019
34.1453999,-118.2320955
34.1444791,-118.2484452
34.1407531,-118.2485559
34.1446832,-118.2632444
34.1403264,-118.261783
34.1316143,-118.2597447
34.1376048,-118.2473422
34.1351285,-118.2491936
34.1273089,-118.253077
34.1276376,-118.2463924
34.2073831,-118.3073649
34.1922052,-118.3045922
34.1866134,-118.2959512
34.1991485,-118.3178553
34.202677,-118.3354064
34.1946547,-118.3394509
34.1936346,-118.3272405
34.1920712,-118.3179763
34.1853923,-118.312844
34.175806,-118.3002488
34.1830931,-118.3046921
34.179407,-118.3086042
34.1741488,-118.3221829
34.1813842,-118.3309896
34.184898,-118.344165
34.1856903,-118.3546268
34.1720072,-118.353119
34.1741462,-118.3431013
34.1622734,-118.3493174
34.1648374,-118.3382685
34.1535332,-118.334357
34.1519687,-118.3457252
34.1617644,-118.3200887
34.1659449,-118.3059263
34.1710001,-118.3112874
34.2992784,-118.4326573
34.292404,-118.4244249
34.286034,-118.4396366
34.2897466,-118.4345091
34.2821476,-118.4458612
34.1521556,-117.7176795
34.128066,-117.7147728
34.1348083,-117.7779112
34.1266483,-117.7730491
34.1328213,-117.7561453
34.1048517,-117.7978096
34.1356418,-117.8240948
34.1467828,-117.8007925
34.1534341,-117.828925
34.1610929,-117.8642089
34.1381275,-117.9091006
34.1546148,-117.9217301
34.1519934,-117.8945884
34.1368076,-117.8808668
34.1408746,-117.8525
34.1415042,-117.8658886
34.1236002,-117.854163
34.1310435,-117.866662
34.125033,-117.8360111
34.1133365,-117.833697
34.1119792,-117.8504216
34.0673148,-117.8138235
34.0851077,-117.8182916
34.111192,-117.814475
34.0988537,-117.8289334
34.0968737,-117.778655
34.1170701,-117.7643631
34.1060811,-117.7639868
34.1155849,-117.7434651
34.1021372,-117.7522686
34.1013065,-117.7418297
34.1145966,-117.7080592
34.1142801,-117.728494
34.1007069,-117.7086988
34.1011641,-117.7249135
34.0873245,-117.7243424
34.0874189,-117.7134868
34.0860496,-117.7337464
34.0849366,-117.747025
34.0821081,-117.7665908
34.0680346,-117.770088
34.0671279,-117.7559081
34.0617068,-117.7658059
34.0502856,-117.8132614
34.0557858,-117.8199724
34.0674874,-117.793282
34.0670404,-117.7827824
34.0542894,-117.7643708
34.0478733,-117.7646933
34.0474602,-117.7542728
34.069332,-117.7392134
34.0699706,-117.7465394
34.0635302,-117.7279205
34.0780801,-117.7254183
34.071705,-117.7311684
34.0716306,-117.7205135
34.0542821,-117.7349296
34.0478489,-117.7453051
34.0483749,-117.7321891
34.0340047,-117.7449569
34.0393884,-117.7335899
34.0260758,-117.736193
34.0380811,-117.7562292
33.9779399,-117.8483535
34.0318156,-117.7985828
34.0376162,-117.7830815
34.0305562,-117.7652744
34.00884,-117.8115666
34.0052006,-117.7963389
34.0159791,-117.7799574
33.9984361,-117.8239765
33.9851655,-117.8120046
33.9592385,-117.8255138
33.9970125,-117.8572097
34.0170108,-117.8334009
33.9933332,-117.836974
34.0082843,-117.8649253
34.0180144,-117.8559099
34.0313386,-117.8398564
34.0292579,-117.8513684
34.0386079,-117.8726572
34.0254873,-117.8819037
34.0492746,-117.845788
34.0625414,-117.851864
34.0760031,-117.8613914
34.0914898,-117.8557417
34.092943,-117.8464352
34.097573,-117.8769958
34.087543,-117.8722435
34.1029152,-117.8678976
34.1030793,-117.8463468
34.1215086,-117.8732472
34.1120834,-117.8724803
34.1141409,-117.8861258
34.1142597,-117.8946925
34.1265873,-117.8953117
34.1250568,-117.8857418
34.1275266,-117.9041106
34.117896,-117.903464
34.1292278,-117.916183
34.1199537,-117.9259181
34.1109251,-117.9220312
34.1105983,-117.9120723
34.1104925,-117.9033404
34.111855,-117.963614
34.0721312,-117.9962625
34.0707544,-117.9850286
34.0641759,-117.9903099
34.0774343,-117.9798478
34.0808589,-117.971971
34.0723997,-117.9670237
34.0971903,-117.977077
34.0869985,-117.9791157
34.0875933,-117.9726977
34.1013179,-117.9659823
34.1032743,-117.949001
34.0958307,-117.9616912
34.0891905,-117.9627063
34.0839121,-117.9513657
34.0808488,-117.9632
34.0762606,-117.9569614
34.085166,-117.9377973
34.0764607,-117.9439929
34.0915703,-117.931539
34.0789211,-117.9284644
34.0796236,-117.9156009
34.0937659,-117.9211246
34.0921945,-117.9121006
34.1033944,-117.9126784
34.1030755,-117.8902535
34.0922258,-117.9014277
34.0902906,-117.8911488
34.0802569,-117.8911998
34.0781246,-117.904658
34.0606465,-117.8779405
34.0642092,-117.9009462
34.0663578,-117.9188723
34.055737,-117.9166732
34.0542813,-117.9318958
34.0552711,-117.9463761
34.0659535,-117.9382452
34.0639097,-117.9540826
34.0554476,-117.9650285
34.0603274,-117.976221
34.0555809,-117.991289
34.0478649,-117.9723257
34.0437456,-117.9767958
34.0353096,-117.965298
34.032141,-117.9553676
34.0454913,-117.9587133
34.0395101,-117.9608467
34.0523629,-117.9577582
34.046637,-117.9477563
34.0439866,-117.9379348
34.0384097,-117.9461731
34.0323937,-117.9468466
34.0139438,-117.9297961
34.0211206,-117.9466149
34.0302232,-117.9214927
34.0229329,-117.9348629
34.0421526,-117.9301339
34.0407402,-117.9245461
34.045598,-117.9158494
34.0379752,-117.9156728
34.0490207,-117.8958117
34.0345437,-117.9014171
34.0241485,-117.9093284
34.0224507,-117.8980812
34.0161504,-117.8978145
34.0089074,-117.8755523
34.0084495,-117.8838337
34.0192207,-117.9160251
34.0123196,-117.9134033
34.009534,-117.9031875
34.0087852,-117.8924297
33.994422,-117.8795586
33.9915986,-117.898722
34.0430987,-117.9982628
34.0390639,-118.0166353
34.0353961,-118.0031754
34.018275,-117.9819245
34.0145909,-118.0024823
33.983157,-117.9826865
33.9987706,-117.9710616
34.0020976,-117.9800005
33.9953111,-117.9375991
33.99344,-117.9490595
33.9886544,-117.9633888
33.9851013,-117.9197736
33.9761439,-117.9255181
33.9840707,-117.9429855
33.9780094,-117.9604542
34.0002892,-117.9583656
33.9592167,-117.8886028
33.9818656,-117.8795993
33.9842243,-117.8573528
33.9700245,-117.9023476
33.9841386,-117.9033277
33.9805469,-117.8965408
34.0577434,-117.7503192
34.1118065,-117.7812612
34.0511608,-117.796105
34.0091681,-117.9626924
34.1722651,-117.9421585
34.1384686,-117.961767
34.1402472,-117.9486874
34.13755,-117.9755734
34.1285937,-117.9800384
34.1531592,-117.9688184
34.1651251,-117.9854038
34.153182,-118.0038011
34.1632548,-118.0252477
34.1748525,-118.0569913
34.162053,-118.052919
34.1553775,-118.0470542
34.1422654,-118.0608911
34.1378492,-118.0416921
34.1300364,-118.0586172
34.1270542,-118.0591177
34.1384568,-118.0267442
34.1278374,-118.0195417
34.1156122,-118.0227563
34.1416432,-118.0114568
34.1348717,-118.0145416
34.144709,-117.9844264
34.1484802,-118.0130107
34.1483495,-117.9977187
34.1360861,-117.9972169
34.1234436,-117.9954127
34.1251274,-118.0066747
34.1116649,-118.010701
34.0981939,-118.0327899
34.1024524,-118.0204
34.11017,-118.0429935
34.1211647,-118.0426301
34.1198024,-118.0616206
34.1101738,-118.0605045
34.1026294,-118.0443582
34.1021592,-118.0597828
34.095895,-118.0429243
34.0927379,-118.0587894
34.086454,-118.0838285
34.0853194,-118.0709482
34.0865238,-118.0462778
34.0910085,-118.0229572
34.0850985,-118.0290726
34.0934041,-118.0123277
34.0953777,-118.001331
34.0820032,-118.0143396
34.0814708,-118.0052966
34.0741029,-118.0325211
34.0769216,-118.0467069
34.078871,-118.0533056
34.0766629,-118.0708582
34.0787234,-118.0599421
34.066243,-118.0595625
34.0678171,-118.0368622
34.0630031,-118.014388
34.0708941,-118.019896
34.0702955,-118.0127154
34.0715068,-118.0077568
34.0684885,-118.0062454
34.0596025,-118.0345817
34.0627564,-118.0270375
34.0605164,-118.0484418
34.0567584,-118.062176
34.0670821,-118.0761201
34.0592472,-118.0747627
34.0396389,-118.0443414
34.0494816,-118.0371004
34.0587041,-118.0200912
34.0529761,-118.0280671
34.0521631,-118.0141812
34.0465456,-118.022658
34.0402202,-118.0321895
34.0505486,-118.050749
34.1784093,-118.0870401
34.1694689,-118.0721794
34.1920485,-118.1161844
34.2022974,-118.1374923
34.2115233,-118.1530651
34.1943814,-118.1576995
34.2173074,-118.1809076
34.2182586,-118.1926525
34.2062406,-118.1950104
34.2237427,-118.2192387
34.1929284,-118.1988009
34.1647644,-118.1815624
34.1761857,-118.1602397
34.186125,-118.1608293
34.1851953,-118.1397371
34.180972,-118.1154462
34.1740052,-118.111733
34.1723196,-118.124676
34.174165,-118.1372082
34.1752067,-118.1462036
34.1625121,-118.1568222
34.1583127,-118.1655566
34.154452,-118.1488732
34.1487588,-118.148119
34.1633689,-118.1438322
34.1633406,-118.1483611
34.1634006,-118.1369963
34.1548912,-118.1369512
34.1489274,-118.13693
34.1549625,-118.1270033
34.1490512,-118.126802
34.1651965,-118.1262387
34.1655638,-118.1005901
34.1609655,-118.1135074
34.1519263,-118.1144873
34.1522194,-118.1012717
34.1537976,-118.0900698
34.1551566,-118.0752072
34.1382818,-118.0776335
34.1403957,-118.0894883
34.1392218,-118.102524
34.1413741,-118.1123757
34.1384354,-118.1269577
34.1408642,-118.1368374
34.1408045,-118.1458928
34.1381332,-118.157179
34.1341118,-118.1745514
34.1292208,-118.156538
34.1265375,-118.1384937
34.1223718,-118.1142336
34.1176486,-118.1278865
34.1273015,-118.0983767
34.1205918,-118.0862078
34.1261899,-118.0762456
34.1180317,-118.0740581
34.1092,-118.0734465
34.1081935,-118.0849734
34.1081475,-118.1107586
34.1089007,-118.0972909
34.1012449,-118.1218022
34.0951421,-118.1377177
34.0961677,-118.1316021
34.1039997,-118.1321698
34.1082685,-118.1449206
34.1194181,-118.1466951
34.1193308,-118.161353
34.1049415,-118.1699087
34.1101198,-118.1628752
34.10578,-118.1537051
34.0820547,-118.152618
34.0909207,-118.1536066
34.0957577,-118.1472584
34.0869807,-118.140161
34.0802799,-118.1389262
34.0736606,-118.139349
34.0876622,-118.1302887
34.0951891,-118.1189727
34.0991227,-118.106972
34.0998357,-118.094455
34.093458,-118.0983355
34.0976021,-118.0712136
34.0980895,-118.0816593
34.0762772,-118.0825326
34.0831934,-118.1039745
34.0817769,-118.0898121
34.0840699,-118.095439
34.0821843,-118.1127589
34.0841555,-118.1201868
34.0832452,-118.1260625
34.0719026,-118.1255941
34.0764499,-118.125985
34.0661708,-118.1198426
34.0663894,-118.1118998
34.0679641,-118.1291575
34.064306,-118.1290008
34.0653167,-118.1407538
34.0710196,-118.155045
34.0661164,-118.1501366
34.0529634,-118.1585861
34.0488369,-118.1482676
34.0587488,-118.1353858
34.050659,-118.1328703
34.0590071,-118.1219962
34.0589573,-118.1124273
34.0741046,-118.0990696
34.0691095,-118.0987405
34.0644299,-118.0988908
34.0674668,-118.0863199
34.0571971,-118.0862346
34.0463451,-118.0851206
34.0589818,-118.1037641
34.0586251,-118.0948587
34.0502444,-118.1001251
34.0409045,-118.0939467
34.0472694,-118.1133924
34.037622,-118.1397485
34.0414852,-118.1338308
34.0369451,-118.1149074
33.957068,-117.945019
33.9612627,-117.9943139
33.9459895,-117.9814957
33.9623741,-117.9739695
34.0156458,-118.0405568
34.0036015,-118.0763818
34.0103869,-118.0604339
34.0138837,-118.0738973
34.015387,-118.0846905
34.0073841,-118.0883168
34.0000986,-118.0983071
33.9847965,-118.0855627
33.9931522,-118.079233
33.9886235,-118.0702221
33.9822727,-118.0620364
33.998859,-118.0627746
33.9914123,-118.0592558
33.9911857,-118.048873
33.9819854,-118.0473796
34.0016567,-118.0208418
33.9861018,-118.0364753
33.9792515,-118.0369951
33.9760066,-118.0085566
33.9618209,-118.0198835
33.9679116,-118.0292523
33.971739,-118.0408537
33.9698819,-118.0349208
33.9558395,-118.027457
33.9631765,-118.0393768
33.960905,-118.0477931
33.9516968,-118.0343795
33.9726646,-118.0522272
33.9767969,-118.0718786
33.9673929,-118.0753036
33.9763939,-118.0968706
33.9737097,-118.0905791
33.9740171,-118.1046758
33.9650177,-118.1032467
33.9633116,-118.0927211
33.9565893,-118.0939098
33.9547947,-118.0715453
33.9408779,-118.0892207
33.9459765,-118.0409409
33.9243441,-118.0508252
33.9281744,-118.0407064
33.9202427,-118.0432662
33.9279734,-118.0347279
33.9207603,-118.0236715
33.9324918,-118.0266537
33.9393795,-118.0348881
33.9480802,-118.0151414
33.9416417,-118.0213686
33.935539,-117.9846665
33.9417625,-118.0007907
33.933028,-118.0133875
33.9319865,-118.0033324
33.9225245,-118.0111735
33.9114235,-117.9990386
33.9274179,-117.9948416
33.9222611,-117.9844839
33.906948,-117.9854852
33.9137263,-117.9858097
33.8962831,-117.9932311
33.8982866,-118.0035625
33.8898408,-118.0069031
33.8844512,-118.0180522
33.9096153,-118.0157307
33.9092862,-118.0239805
33.9099113,-118.0333322
33.9394609,-118.0581548
34.028274,-118.1114285
34.020019,-118.1126395
34.0255882,-118.0902015
34.0116507,-118.0998041
34.0153528,-118.1154765
34.0298138,-118.1344535
34.0266482,-118.1264604
34.0190693,-118.1283266
34.0294615,-118.155189
34.0278115,-118.1479458
34.0382967,-118.1545859
34.0387584,-118.1658839
34.053334,-118.1734507
34.0592132,-118.183977
34.0508765,-118.1883898
34.0522792,-118.1813186
34.0432749,-118.1886037
34.0445234,-118.1810098
34.0407655,-118.1739001
34.0360923,-118.1885019
34.0368402,-118.1815816
34.0297371,-118.1860676
34.0257387,-118.185928
34.0217432,-118.1822337
34.0168871,-118.1827461
34.019891,-118.1708472
34.0294081,-118.1747448
34.0282176,-118.1673943
34.0186759,-118.1647906
34.0298,-118.1615182
34.0238371,-118.1623741
34.0216887,-118.1520851
34.0158731,-118.1597749
34.0187046,-118.1391703
34.0132489,-118.1423382
34.0117794,-118.13246
34.0060094,-118.1235544
34.0035292,-118.117405
34.0048535,-118.1062505
33.9983747,-118.1116637
33.986768,-118.1226036
34.0096885,-118.1751711
34.0003294,-118.1463431
33.9848466,-118.1524876
33.9899239,-118.2209803
33.9842413,-118.2251677
33.9832062,-118.2208725
33.9846156,-118.2333907
33.9856156,-118.2424751
33.9864059,-118.2520926
33.9790503,-118.2520343
33.9802221,-118.24555
33.9773986,-118.2408235
33.9773034,-118.2332633
33.9766899,-118.224409
33.9828819,-118.216407
33.9765382,-118.2167357
33.9819165,-118.2081695
33.9761872,-118.2089834
33.9927923,-118.2024051
33.993662,-118.1935822
33.9898752,-118.1951817
33.9879813,-118.1871944
33.9854565,-118.200577
33.9848309,-118.1932502
33.9805004,-118.1941967
33.9771948,-118.1965242
33.9724728,-118.195066
33.988846,-118.1820765
33.9835968,-118.1827006
33.983738,-118.1752709
33.9748075,-118.1839743
33.9752682,-118.1791375
33.9745955,-118.1751119
33.9704698,-118.170644
33.9740105,-118.1555455
33.967443,-118.1537012
33.9679322,-118.1468675
33.9674772,-118.1399873
33.9718355,-118.1657832
33.9702059,-118.1616452
33.9580513,-118.167277
33.959603,-118.1611103
33.9567675,-118.1550245
33.9599704,-118.1852817
33.9585722,-118.1740888
33.9681727,-118.1971846
33.9662544,-118.1906215
33.9660331,-118.1829301
33.9654756,-118.1747795
33.9677241,-118.2076372
33.9653735,-118.2006924
33.9682914,-118.2147574
33.971185,-118.2216728
33.9692765,-118.2254355
33.9631931,-118.2273157
33.9707698,-118.2367913
33.9714062,-118.2531399
33.9711665,-118.2465194
33.9644276,-118.2488118
33.9587246,-118.2488361
33.9512593,-118.2508919
33.9615844,-118.2361363
33.953754,-118.2348542
33.961166,-118.2221109
33.9614982,-118.2153145
33.9552551,-118.2144693
33.9564949,-118.2236211
33.9506731,-118.2241036
33.9487813,-118.2165071
33.9476557,-118.2252846
33.9419438,-118.2211115
33.9601821,-118.2041472
33.9542813,-118.2050283
33.9408622,-118.2075251
33.9480872,-118.2100618
33.9476027,-118.2033667
33.9462081,-118.194008
33.9393897,-118.1958301
33.9548717,-118.1918918
33.9431242,-118.1690175
33.9427497,-118.1850472
33.9448594,-118.1782351
33.9231802,-118.171612
33.9154886,-118.1636452
33.9220463,-118.1824356
33.9310496,-118.1901863
33.9231954,-118.1941847
33.9432105,-118.2152045
33.9338506,-118.2061462
33.9275095,-118.204389
33.9335724,-118.2196231
33.9326766,-118.2282409
33.9247081,-118.2193041
33.9159653,-118.2135933
33.9243583,-118.2341162
33.9255436,-118.2453429
33.9200981,-118.2555478
33.9194635,-118.2717325
33.9109785,-118.2718223
33.8839258,-118.2700081
33.8984704,-118.2607508
33.907644,-118.2543859
33.911833,-118.2410907
33.9155373,-118.2347634
33.9091527,-118.2322807
33.9148,-118.2271367
33.9139626,-118.2207009
33.9078481,-118.2119135
33.8993442,-118.2100023
33.8997851,-118.2183077
33.9170434,-118.2033604
33.9118044,-118.1946754
33.9098797,-118.1866746
33.9055708,-118.203158
33.901222,-118.196493
33.9009214,-118.1908014
33.8932111,-118.199065
33.8921461,-118.1889406
33.8868935,-118.1971508
33.8923624,-118.2109036
33.8814617,-118.2121771
33.8906616,-118.2355121
33.8940909,-118.2253101
33.9058097,-118.2266176
33.8996058,-118.2263096
33.9013299,-118.2360631
33.8995905,-118.2473887
33.8918787,-118.2453652
33.8906775,-118.2582528
33.8810425,-118.2539046
33.8849107,-118.2347142
33.877131,-118.2306136
33.8522481,-118.2413562
33.8612491,-118.2239158
33.8355154,-118.232875
33.8648869,-118.2521159
33.8525481,-118.2569604
33.8527553,-118.268884
33.8387785,-118.2825106
33.838789,-118.2933074
33.8331813,-118.2920619
33.8216423,-118.2814216
33.8044719,-118.2937967
33.8149727,-118.2926058
33.8217191,-118.2931883
33.8134162,-118.2813181
33.8216408,-118.269697
33.8035184,-118.2698962
33.8122707,-118.2718045
33.8149069,-118.2674553
33.8414725,-118.2732944
33.8305218,-118.2671816
33.8278768,-118.2729168
33.829792,-118.25529
33.8155623,-118.2550214
33.8406153,-118.2181146
33.8304309,-118.2160453
33.9278487,-118.07705
33.9278463,-118.0841476
33.9212703,-118.0897042
33.9242357,-118.1045526
33.9522986,-118.1017791
33.9485103,-118.1075693
33.9622691,-118.1171582
33.9551248,-118.1223634
33.9642238,-118.1314443
33.9508037,-118.1392048
33.9551285,-118.1484663
33.9420607,-118.1289738
33.9477159,-118.1251864
33.9356232,-118.1127866
33.9414237,-118.1143227
33.9218213,-118.1262274
33.9271447,-118.1196789
33.9280828,-118.1453111
33.9217962,-118.1395384
33.9275276,-118.1366232
33.9352796,-118.1339117
33.9440441,-118.1559843
33.9414582,-118.1459849
33.9372442,-118.1606755
33.9270686,-118.1527452
33.9172388,-118.147433
33.9131098,-118.1330166
33.9132697,-118.118832
33.9105555,-118.1046206
33.9123664,-118.0951779
33.9131184,-118.0876278
33.9054717,-118.0880792
33.9087246,-118.07318
33.9126424,-118.0648508
33.9065192,-118.0577725
33.8991507,-118.0498802
33.8913016,-118.0776264
33.8912309,-118.0639397
33.8985899,-118.0732039
33.8984772,-118.091192
33.8912102,-118.0911533
33.8945972,-118.1040729
33.8905614,-118.1115699
33.9060338,-118.1262841
33.9074818,-118.1138489
33.9043767,-118.1392813
33.9082352,-118.1471817
33.899999,-118.1515696
33.9130459,-118.1541186
33.9067388,-118.1554543
33.9068575,-118.1716472
33.9089692,-118.1644315
33.9070176,-118.1770919
33.8975428,-118.1828739
33.8927048,-118.1687296
33.8861963,-118.1719652
33.8928036,-118.1514235
33.8851402,-118.1530886
33.8990638,-118.1322329
33.8922721,-118.1336322
33.8928105,-118.1236012
33.8860491,-118.1198534
33.896438,-118.1198673
33.8838462,-118.138274
33.8802194,-118.1247134
33.8847475,-118.1285839
33.8822626,-118.1456094
33.8729673,-118.1469095
33.8736922,-118.1382212
33.8737235,-118.1295274
33.8737602,-118.1212147
33.8726125,-118.1125129
33.8797293,-118.0389061
33.8767524,-118.0551677
33.8836152,-118.0681113
33.8741129,-118.069656
33.8520795,-118.0774113
33.8553141,-118.0672795
33.8623366,-118.0548905
33.8682287,-118.0397288
33.853417,-118.0578794
33.872133,-118.1001151
33.8523009,-118.0931498
33.8836408,-118.0892786
33.8842945,-118.0768827
33.8768314,-118.0832603
33.8693943,-118.0806897
33.8612644,-118.0792347
33.8430305,-118.0882639
33.8352186,-118.089263
33.8421351,-118.0756803
33.8348007,-118.0743604
33.839494,-118.0644185
33.8200771,-118.0728449
33.8276575,-118.0768179
33.8295224,-118.068418
33.9220961,-118.0716029
33.863466,-118.117102
33.8646576,-118.129473
33.8646109,-118.1402263
33.8644443,-118.1532248
33.879429,-118.1785084
33.8783269,-118.1600077
33.8716329,-118.1556129
33.8596484,-118.1925812
33.8563177,-118.1926968
33.8721417,-118.1887479
33.8644669,-118.1891228
33.8685443,-118.1986552
33.8778669,-118.2044991
33.877496,-118.1959346
33.8674703,-118.166802
33.8646299,-118.1802089
33.8710042,-118.1793689
33.8569402,-118.1809849
33.856156,-118.1729328
33.8571713,-118.1623205
33.8538919,-118.1483367
33.8505828,-118.1612953
33.8533032,-118.1353409
33.8524335,-118.1089643
33.8532314,-118.1210795
33.8388317,-118.1016258
33.8432785,-118.1162992
33.8359668,-118.1163384
33.8359574,-118.1337041
33.8432218,-118.1335566
33.8356395,-118.1500711
33.836022,-118.158392
33.8421855,-118.1835447
33.8387012,-118.169799
33.8472309,-118.1723747
33.8498715,-118.1813827
33.847882,-118.199443
33.8493201,-118.191734
33.8499458,-118.1870723
33.8334835,-118.1970981
33.8319302,-118.1774538
33.8229181,-118.1746784
33.81618,-118.1953378
33.8089196,-118.1953401
33.8223423,-118.2212245
33.8165383,-118.2182796
33.8071157,-118.2140846
33.801549,-118.212716
33.793484,-118.1915444
33.7943972,-118.2020691
33.7934906,-118.1964734
33.8014503,-118.1934104
33.7989399,-118.2007652
33.800619,-118.1853159
33.7934864,-118.1850191
33.7932987,-118.1757271
33.812873,-118.1795106
33.8016879,-118.1691388
33.7986098,-118.1589748
33.8270219,-118.1316188
33.8262637,-118.1094908
33.8242122,-118.0984125
33.8135353,-118.0775765
33.8144739,-118.1017387
33.8138403,-118.122827
33.803924,-118.1276823
33.8019004,-118.1433453
33.7994363,-118.118082
33.8050344,-118.102337
33.7873397,-118.1000457
33.7757438,-118.1050845
33.7834928,-118.1274859
33.7921434,-118.1251759
33.7913351,-118.1378252
33.7947828,-118.1474233
33.7857831,-118.1434681
33.7881242,-118.1623977
33.7844124,-118.1621912
33.7861755,-118.153488
33.7864873,-118.1767949
33.7858671,-118.1704604
33.7862258,-118.1850263
33.7863532,-118.200174
33.7862264,-118.1915438
33.7794168,-118.2013699
33.778962,-118.197207
33.7789661,-118.1937148
33.7726767,-118.2024636
33.7723157,-118.1952012
33.7607008,-118.1971195
33.7723836,-118.1867637
33.7789685,-118.1886964
33.7789718,-118.1828489
33.778974,-118.1785058
33.7789756,-118.1741618
33.7789729,-118.1698152
33.7722391,-118.1787305
33.7719179,-118.1740905
33.7718291,-118.1697407
33.7665662,-118.1799258
33.7640391,-118.1730543
33.7526438,-118.159894
33.7715794,-118.1642807
33.7717856,-118.1577274
33.7791377,-118.164632
33.7807787,-118.1567668
33.7771513,-118.157318
33.776873,-118.1401379
33.7707927,-118.1480649
33.7525713,-118.1586796
33.7398185,-118.1397692
33.7629063,-118.135114
33.7543199,-118.1217851
33.7396064,-118.1387839
33.7700579,-118.1126708
33.7557499,-118.1100855
33.7654065,-118.1205075
33.7707391,-118.1353099
33.8179964,-118.2094625
33.9311761,-118.0970125
33.8227747,-118.1957507
33.7948387,-118.2162875
33.7824816,-118.1157436
33.3424605,-118.3292211
32.92557,-118.4972902
33.9551471,-118.2956255
33.9482522,-118.2972695
33.9426036,-118.2991423
33.9354641,-118.3046578
33.9355949,-118.2983324
33.9353608,-118.2940128
33.9369118,-118.3141122
33.9345323,-118.3220565
33.9418498,-118.3220544
33.9416202,-118.3307594
33.9497147,-118.3335012
33.958348,-118.3373377
33.9545341,-118.3237463
33.9654794,-118.3221115
33.9661039,-118.3367197
33.9720411,-118.3522568
33.9786571,-118.3522115
33.9771678,-118.3411003
33.9643251,-118.3486875
33.9565607,-118.3475932
33.9490818,-118.3482313
33.9490727,-118.3569389
33.962383,-118.357722
33.9558199,-118.3570019
33.9791778,-118.363824
33.9692983,-118.3644406
33.9741892,-118.3617818
33.9590575,-118.3700611
33.9509443,-118.3657334
33.9436514,-118.3633461
33.9400822,-118.3635824
33.9348,-118.3638535
33.9353001,-118.3498492
33.9436357,-118.3504258
33.9400113,-118.3504318
33.9415861,-118.3395043
33.9267098,-118.3391699
33.9343496,-118.3393882
33.9283058,-118.3567384
33.9279467,-118.3484192
33.9200581,-118.3481425
33.9204031,-118.3581593
33.9226614,-118.3710688
33.9273542,-118.3646302
33.9067415,-118.3657538
33.905068,-118.3742669
33.9091623,-118.3568525
33.9130743,-118.3481183
33.906025,-118.3481533
33.9055479,-118.3373323
33.9055546,-118.341667
33.9073761,-118.33084
33.9037379,-118.3308405
33.9128051,-118.3416726
33.912654,-118.3371732
33.9110731,-118.3305824
33.9195907,-118.3309833
33.9142038,-118.3174586
33.9073822,-118.3218497
33.9230881,-118.3160924
33.927402,-118.3001717
33.9201775,-118.3003773
33.9079762,-118.3065724
33.8933016,-118.2965026
33.8982954,-118.3047564
33.8909348,-118.304508
33.9035477,-118.2961504
33.8976939,-118.2950879
33.8867825,-118.2954546
33.8771829,-118.295231
33.8701465,-118.3023094
33.8840992,-118.3062131
33.8740638,-118.3082458
33.8934717,-118.3134344
33.8993747,-118.3208781
33.8893924,-118.3223468
33.8829956,-118.3393815
33.898257,-118.3395521
33.9001198,-118.3317138
33.8975222,-118.3302073
33.8985392,-118.3480963
33.8909804,-118.3481442
33.8981177,-118.3585646
33.8914717,-118.3565904
33.8837388,-118.3568418
33.8765977,-118.3569295
33.8845047,-118.3477188
33.8789437,-118.3487271
33.931209,-118.330725
33.741006,-118.302932
33.9274048,-118.4038218
33.9200287,-118.4041547
33.9274501,-118.4208606
33.9201935,-118.418063
33.9033703,-118.4218562
33.8984626,-118.4050812
33.8915717,-118.4018082
33.8923672,-118.4165728
33.8941912,-118.3862707
33.8873664,-118.3699983
33.876482,-118.3656204
33.8764601,-118.3749726
33.8695951,-118.3619509
33.8622506,-118.3649802
33.8699757,-118.3812879
33.8617562,-118.3826394
33.8622022,-118.3764818
33.8804019,-118.383318
33.8800941,-118.3916672
33.8828078,-118.4003277
33.8807307,-118.410369
33.8698475,-118.3939677
33.8698189,-118.4052955
33.8600276,-118.3883814
33.8575404,-118.3992831
33.8496176,-118.3827586
33.8499555,-118.394439
33.8350748,-118.3797461
33.8337216,-118.3900969
33.8222769,-118.3903264
33.8227217,-118.3796422
33.8792212,-118.319173
33.8758732,-118.3390297
33.8773079,-118.3308068
33.8681429,-118.3164997
33.8697405,-118.3325911
33.8628071,-118.3318539
33.8662186,-118.3493187
33.8428957,-118.3368653
33.8538097,-118.3586745
33.8530293,-118.3702823
33.8441205,-118.3697251
33.8403645,-118.3491229
33.8453408,-118.3504673
33.8401305,-118.360106
33.8454601,-118.3588724
33.8317827,-118.3529869
33.8322224,-118.3675832
33.8273615,-118.3328098
33.8273239,-118.340573
33.8382367,-118.3181299
33.8257908,-118.3159443
33.8244877,-118.3230148
33.8123572,-118.3130811
33.8139782,-118.3240422
33.8072129,-118.3366655
33.8211157,-118.3462592
33.8209946,-118.3675156
33.8218914,-118.3550066
33.812055,-118.3581565
33.8068097,-118.3711834
33.8113912,-118.3878823
33.7865847,-118.3329508
33.7959818,-118.3446895
33.8038625,-118.3166166
33.7944957,-118.3132363
33.7964561,-118.3227832
33.7819976,-118.3125479
33.7874679,-118.3208673
33.7791915,-118.336844
33.7885725,-118.3578962
33.8001638,-118.3869835
33.7882092,-118.4049517
33.7724316,-118.4179511
33.7670991,-118.3748908
33.7630528,-118.3853125
33.7735719,-118.3868779
33.7725789,-118.3974716
33.7558674,-118.4075895
33.7762285,-118.3690173
33.7863514,-118.3788676
33.7600164,-118.3471684
33.7513409,-118.3835062
33.7385168,-118.3696845
33.7610955,-118.3132073
33.7548021,-118.3294037
34.0925747,-118.3524483
34.0892775,-118.3538978
34.0924899,-118.365303
34.0918484,-118.3720584
34.0812987,-118.3811478
34.0876363,-118.3878296
34.0902917,-118.3807073
34.0892642,-118.4021007
34.0805209,-118.4165583
34.0717107,-118.3967808
34.0684224,-118.3820829
34.064565,-118.3853968
34.0620828,-118.3944002
34.0618692,-118.4057731
34.0412036,-118.4943488
34.0339243,-118.4898132
34.0274086,-118.4978403
34.0293136,-118.5076229
34.0190747,-118.503319
34.0281567,-118.4904213
34.0254597,-118.4872348
34.0389491,-118.4799628
34.0350094,-118.4754273
34.032337,-118.4722531
34.0227687,-118.4840964
34.0274489,-118.465741
34.0188907,-118.4789709
34.012479,-118.4951703
34.005774,-118.4861752
34.0009853,-118.4807228
34.0133521,-118.4729854
34.0081676,-118.4672197
34.0182907,-118.4559701
34.0251002,-118.3843439
34.0146198,-118.3963576
34.0124336,-118.3860791
33.9958996,-118.3961597
34.0058662,-118.400984
34.0114681,-118.4101859
34.0053604,-118.4165319
33.9954427,-118.4325909
33.9766581,-118.4536582
33.9874686,-118.3730265
33.9857371,-118.3881332
33.9917092,-118.3544096
33.9985885,-118.3401633
34.1340645,-118.6268306
34.1188748,-118.6018319
34.0901508,-118.6392857
34.1150973,-118.6856946
34.1453278,-118.6590622
34.1609658,-118.6976455
34.160739,-118.6696774
34.1501314,-118.7797726
34.1448378,-118.8170419
34.1531531,-118.7176005
34.1472401,-118.7503937
34.1591197,-118.743988
34.1126336,-118.7962735
34.1211089,-118.7391728
34.1345485,-118.7098735
34.160152,-118.7813943
34.0602402,-118.8610455
34.0618547,-118.7415768
34.0252688,-118.8239248
34.0181655,-118.7932584
34.0575757,-118.6666196
34.051667,-118.6049698
34.6825868,-117.7517043
34.6298162,-117.8431552
34.5925627,-117.8491551
34.7006469,-118.0672443
34.6835703,-118.120601
34.6639325,-118.102603
34.6822442,-118.1080488
34.6823349,-118.0991407
34.6789817,-118.0721979
34.6799338,-118.0894795
34.6775866,-118.0825422
34.7114773,-118.120934
34.7004763,-118.1244376
34.6932021,-118.1241062
34.6968119,-118.1081654
34.7040799,-118.0992696
34.7094389,-118.0851167
34.6958149,-118.0873845
34.6819687,-118.14081
34.6820995,-118.1567565
34.6528581,-118.1345977
34.6531321,-118.1551278
34.7109691,-118.143204
34.6953331,-118.1590805
34.69644,-118.1419762
34.7113055,-118.1615957
34.7133329,-118.1527878
34.7258225,-118.2459383
34.7933571,-118.2199113
34.6931925,-118.2276878
34.6530404,-118.1832497
34.6966423,-118.1748108
34.6821498,-118.1746568
34.6674783,-118.1924508
34.6708476,-118.1722433
34.6784987,-118.2243853
34.6789369,-118.1909797
34.6988264,-118.1946323
34.663883,-118.2254095
34.6604382,-118.2101153
34.7464476,-118.5702726
34.6789981,-118.3864277
34.6669986,-118.2460489
34.6541249,-118.2460846
34.6777567,-118.2827356
34.6250446,-118.3024864
34.6314418,-118.2529173
34.7122504,-117.9785573
34.5346329,-117.9074722
34.6173553,-118.1947725
34.6385384,-118.1966937
34.6259419,-118.1724239
34.5379508,-118.1303814
34.595584,-118.1753866
34.5963169,-118.1557651
34.6075169,-118.1989028
34.5742111,-118.2180443
34.6136153,-118.1327083
34.6382752,-118.2230349
34.6227294,-118.2221613
34.573907,-118.153381
34.5646789,-118.1228242
34.579648,-118.1255179
34.5802057,-118.112519
34.5800249,-118.1008047
34.5690669,-118.1046034
34.5617295,-118.1040565
34.5829354,-118.0773655
34.5769105,-118.07892
34.5684895,-118.0627805
34.5618494,-118.0672703
34.5659547,-118.0896549
34.5650346,-118.0810001
34.5534723,-117.9994644
34.5503802,-118.1040712
34.5287425,-118.0414407
34.5516547,-118.0529587
34.5723683,-118.0370203
34.5616733,-118.0375369
34.5546511,-118.0700947
34.5463872,-118.0731854
34.5666675,-118.0119652
34.5617689,-118.024092
34.5767789,-118.0199431
34.5644099,-118.0519544
34.5755991,-118.0535535
34.5174011,-118.1884839
34.4409913,-118.4105624
34.462063,-118.3958221
34.408525,-118.4091281
34.4552224,-118.3565595
34.515942,-118.3096339
34.4430508,-118.1682734
34.4839878,-117.8077879
34.6140391,-117.97786
34.4297662,-118.5230964
34.4782935,-118.5215026
34.4638784,-118.5208803
34.4473253,-118.5296449
34.4558936,-118.5295464
34.4715219,-118.4990703
34.4395918,-118.48665
34.4303366,-118.486524
34.4151458,-118.4899601
34.4040807,-118.4945381
34.4388053,-118.4511824
34.4193105,-118.4640472
34.4236171,-118.4469244
34.4232114,-118.4402442
34.4356652,-118.4274136
34.4180533,-118.4333418
34.396988,-118.4713568
34.3909961,-118.4411237
34.4435485,-118.5164043
34.4533926,-118.5168986
34.415428,-118.4492578
34.4116202,-118.4516966
34.4226571,-118.4848089
34.470768,-118.4496499
34.5455874,-118.4200953
34.633162,-118.6001597
34.572904,-118.7432926
34.4444857,-118.6737987
34.4525214,-118.5535741
34.4462512,-118.5457329
34.4524557,-118.5384383
34.4354255,-118.5391687
34.431492,-118.5621604
34.4257895,-118.5500603
34.4774437,-118.6326811
34.4595671,-118.6222783
34.4636693,-118.6354865
34.4804638,-118.5501866
34.4468472,-118.5765302
34.465384,-118.5983695
34.3160081,-118.6106718
34.3630171,-118.5258986
34.3715782,-118.5511232
34.4029836,-118.5246277
34.3826426,-118.5490972
34.3510453,-118.5978803
34.4146918,-118.5679312
34.4105552,-118.5503607
34.4044037,-118.5606309
34.3971336,-118.5454055
34.3830973,-118.513062
34.3873773,-118.5672498
34.3860639,-118.5964152
34.4151337,-118.612578
34.3867094,-118.5394175
34.382219,-118.5315185
34.376269,-118.5185808
34.3709658,-118.5071739
34.3144808,-117.9304341
34.1997152,-118.3575366
33.8104081,-118.2386708
34.8099855,-117.9667196
34.6384747,-118.0723227
33.8534589,-118.3273387
33.8144246,-118.0865098
33.7665067,-118.1007304
34.2106316,-118.4906758
34.1276025,-118.296381
34.0786807,-118.239514
33.7868656,-118.2146254
33.9255374,-118.1619504
33.916497,-118.3871461
33.7824778,-118.2384201
33.7732472,-118.2888391
34.001123,-118.2108689
34.0573727,-118.4568915
33.8185805,-118.1516654
34.0925672,-118.5343628
34.2266905,-118.3034043
34.270047,-118.3813338
34.3040449,-118.4807217
34.232009,-118.6343023
34.1803242,-118.4883751
33.8419161,-118.2448859
34.2734804,-118.2633014
33.9423871,-118.4160617
33.9096235,-118.4094782
33.7376649,-118.257964
33.7443155,-118.2203101
33.8977271,-118.0397946
34.0105697,-117.9354578
34.0376682,-118.0694193
33.8025776,-118.2800393
34.0010705,-118.375497
34.1387351,-118.3508573
33.9991909,-118.7921877
33.9135866,-118.4928691
33.6975355,-118.3480953
37.3965946,-119.3767852
37.5026245,-119.5194295
37.3198198,-119.6160776
37.1853582,-119.7721217
37.1891883,-119.8802873
37.2007899,-119.6956425
37.2743975,-119.6649168
37.1053529,-120.1416152
37.0454623,-120.3025921
37.1018738,-120.3199636
37.1111437,-120.2544609
37.1195801,-120.2696966
37.0354879,-120.0985123
36.9648983,-119.8457067
36.93292,-120.0433392
36.9391514,-120.0638491
36.9413199,-120.1065639
36.9737665,-120.1811155
37.0431408,-119.9882049
37.0058016,-120.0667673
36.9449365,-119.9073292
36.9659794,-119.9634084
36.9462467,-120.0218529
36.9719028,-120.0609518
36.9793081,-120.0497262
36.9796367,-120.0643234
36.9667902,-120.0812696
36.9511694,-120.0873976
36.956224,-120.0662401
36.9617347,-120.0589263
36.9670977,-120.0449966
36.9512885,-120.0451888
36.9584665,-120.0441502
36.894676,-120.228364
38.1284139,-122.5334193
38.0983525,-122.5447788
38.1315685,-122.5915684
38.1166084,-122.5912872
38.1104411,-122.5703276
38.133232,-122.6580087
38.098306,-122.5861375
38.0879383,-122.5585807
38.0844628,-122.5745218
38.0739634,-122.5535492
38.0608177,-122.5689222
38.0825826,-122.5096172
38.0494844,-122.5270678
38.0600944,-122.5064097
38.0300902,-122.5177252
38.0055375,-122.5028107
38.0384996,-122.5839959
38.017656,-122.5616702
37.9972146,-122.53873
37.9991444,-122.5498145
37.9815035,-122.5305031
37.983487,-122.5480915
37.9840195,-122.5112814
37.985633,-122.474165
37.9718673,-122.526997
37.9698609,-122.5395198
37.9610214,-122.5206079
37.9558873,-122.4938964
37.9647246,-122.5035931
37.9659228,-122.505765
38.0139328,-122.6665068
37.9758046,-122.5935768
38.0029324,-122.5996143
38.0060117,-122.5832526
37.979641,-122.5758726
37.974622,-122.5640075
37.9638025,-122.5614951
37.9436158,-122.5533733
37.9456796,-122.5282641
37.9530661,-122.5245086
37.9480362,-122.5465157
37.9337978,-122.5370667
37.9240821,-122.5231872
37.9424206,-122.4988472
37.9411316,-122.4920858
37.8735672,-122.4709947
37.9026341,-122.4888202
37.8787769,-122.4496504
37.8886599,-122.5058805
37.9121527,-122.5404887
37.899975,-122.5225708
37.9104369,-122.5585065
37.8716996,-122.5316069
37.8939641,-122.5498544
37.8688708,-122.5128206
37.8511021,-122.4854014
37.8653197,-122.5026377
37.856434,-122.478445
37.9207111,-122.5974613
37.9216421,-122.6984111
38.0652782,-122.8839193
38.183609,-122.8025005
37.9956135,-123.0361398
37.5593266,-120.1610355
37.3724448,-120.0839008
37.6729487,-120.1089266
37.4296933,-119.8411982
37.5832557,-119.7651669
37.6979738,-119.5740176
39.7629881,-123.1572763
39.7952095,-123.6196974
39.455171,-123.638408
39.4499078,-123.8051687
39.4312988,-123.8014847
39.3648705,-123.3580212
39.5203692,-123.3513976
39.4224535,-123.3672551
39.3237324,-123.204942
39.3439207,-123.0742992
39.2552088,-123.3540678
39.1633087,-123.6926518
39.3756995,-123.7650258
39.3269074,-123.6719876
38.8846355,-123.5511675
39.1071277,-123.4588038
39.1014223,-123.2883087
39.1424076,-123.2304255
39.1622742,-123.2161465
39.1553765,-123.1986199
39.1357597,-123.202651
39.1624023,-123.1105871
38.9361372,-123.1194447
39.3802945,-123.837729
37.459795,-120.7094467
37.4123664,-120.7903626
37.4241825,-120.7799026
37.4347438,-120.7885133
37.4002299,-120.6908186
37.3413009,-120.7492817
37.3799247,-120.7331794
37.3759697,-120.7149837
37.3402713,-120.8828702
37.4249828,-120.8415795
37.3864867,-120.913969
37.4217409,-120.5674195
37.3940516,-120.6111639
37.3573666,-120.6498175
37.361094,-120.6223956
37.3564573,-120.6034459
37.3659259,-120.5989221
37.3486522,-120.6046693
37.3235979,-120.607301
37.3545276,-120.5795735
37.3433591,-120.5854604
37.203588,-120.5697813
37.3146965,-120.5474353
37.3361551,-120.554154
37.3206471,-120.495454
37.3183669,-120.477943
37.3162986,-120.5116506
37.330488,-120.4789043
37.349706,-120.4837725
37.3349369,-120.5065304
37.3252966,-120.4601195
37.3136674,-120.4472741
37.3071954,-120.4917746
37.3040362,-120.4781907
37.2986938,-120.4642099
37.3030351,-120.4432482
37.2921188,-120.5149483
37.2989187,-120.4965605
37.2927274,-120.4990996
37.2916308,-120.4768027
37.2809026,-120.4968331
37.2801478,-120.4671657
37.2875185,-120.4452153
37.3433213,-120.4370181
37.355853,-120.3392864
37.2236134,-120.2247446
37.1886009,-120.8961062
37.1871821,-121.1049765
36.9542373,-120.9793353
37.0634742,-120.8585279
37.0841366,-120.8620954
37.0858279,-120.8424804
37.0496097,-120.8634443
37.0497481,-120.8233031
37.0766885,-120.7934993
37.0732839,-120.8306584
37.0633457,-120.8152188
37.0439737,-120.6551864
36.9729892,-120.6190008
36.9818629,-120.6356596
37.499088,-120.4694335
37.2693929,-120.402075
37.3158862,-120.4080396
41.5074206,-120.5539218
41.5108055,-121.2486404
41.6379522,-120.6933431
41.5772357,-120.0924522
37.680912,-118.5531055
38.2173511,-119.1242068
37.6055826,-118.9701024
37.6667865,-119.0226571
36.7398419,-121.6216521
36.7132771,-121.6495278
36.712683,-121.621008
36.7114943,-121.6399562
36.7102274,-121.6307269
36.7023913,-121.6435842
36.7030907,-121.6595817
36.6928894,-121.6499433
36.6758882,-121.6327942
36.6843587,-121.6342814
36.6799302,-121.6171938
36.6877999,-121.6091487
36.6846397,-121.6108778
36.6748899,-121.6146898
36.6690582,-121.6261025
36.6646451,-121.6493229
36.6748845,-121.6550762
36.6706218,-121.6639509
36.6584132,-121.6725274
36.6701185,-121.6776093
36.678845,-121.6692674
36.6893747,-121.6700285
36.6856739,-121.6550156
36.8715786,-121.7706766
36.8844436,-121.6811787
36.8474336,-121.6842241
36.8191591,-121.6752959
36.7510823,-121.7175784
36.7648402,-121.7533763
36.7895164,-121.6227734
36.7319333,-121.6896251
36.7291549,-121.6494211
36.7243315,-121.654345
36.7063035,-121.6134029
36.6969398,-121.604063
36.6886971,-121.5991693
36.6852793,-121.5676557
36.6930243,-121.6144991
36.6950956,-121.6225012
36.5436798,-121.6316313
36.492358,-121.4789669
36.4743205,-121.3770688
36.4818749,-121.6894397
36.3913637,-121.6806215
36.3597388,-121.4651771
36.415945,-121.3164457
36.4355464,-121.3299972
36.4318458,-121.3207781
36.4616023,-121.2981854
36.3293134,-121.2400259
36.3169984,-121.244254
36.3542478,-121.2461492
36.2128208,-121.1254698
36.1770603,-121.2767662
36.246079,-121.0176253
36.2042075,-121.121195
35.9668581,-120.9172021
36.2803804,-121.6972544
36.4997312,-121.871267
36.5525118,-121.8877967
36.5403969,-121.8179114
36.5294601,-121.9250324
36.5585612,-121.9212894
36.5494476,-121.9239502
36.5784117,-121.9422053
36.6003756,-121.9488877
36.6034617,-121.9272234
36.6129762,-121.9252483
36.6173279,-121.9208292
36.6199026,-121.9174657
36.6228559,-121.9132892
36.6262314,-121.9319044
36.6097599,-121.913178
36.6126752,-121.8991991
36.6045157,-121.911505
36.6020796,-121.8947009
36.5895596,-121.9094933
36.5938492,-121.8844269
36.5816363,-121.8795869
36.5623052,-121.8055065
36.5941325,-121.8548464
36.5939202,-121.8380597
36.603362,-121.8317468
36.6015567,-121.8432617
36.6107804,-121.8411902
36.6128974,-121.8292766
36.6190341,-121.8296873
36.6151532,-121.8487991
36.6634389,-121.8002812
36.6518615,-121.7987528
36.6605315,-121.7650065
36.6438701,-121.8233903
36.595779,-121.784575
36.5799031,-121.6548989
36.6765137,-121.7937321
36.6807321,-121.7902463
36.7171425,-121.8036184
36.7093302,-121.7718206
36.6483828,-121.6367292
36.8334157,-121.7572058
36.8010562,-121.7117029
36.5828283,-121.4196107
36.6632958,-121.6049632
36.7177418,-121.9641161
38.2918397,-122.2978636
38.2954236,-122.2885169
38.2870988,-122.2891839
38.28795,-122.2739891
38.2874768,-122.2591559
38.3108242,-122.2620407
38.3110983,-122.3010928
38.3052531,-122.287051
38.317079,-122.2915951
38.3152192,-122.2812515
38.3317566,-122.3124397
38.334581,-122.2995123
38.3098465,-122.3294506
38.3153568,-122.315412
38.3056856,-122.3106008
38.3307724,-122.3302221
38.3234476,-122.3205427
38.2692695,-122.30278
38.288832,-122.3383135
38.2946547,-122.3074338
38.274245,-122.2727846
38.2373457,-122.2312309
38.1612495,-122.2397673
38.2033546,-122.2809609
38.1712166,-122.260628
38.1609837,-122.2597964
38.3068422,-122.3458092
38.2693294,-122.3654555
38.3694953,-122.3628375
38.3935118,-122.3655355
38.4066026,-122.2800482
38.3227889,-122.2248883
38.4219801,-122.1823391
38.4765085,-122.4672115
38.5026048,-122.4521007
38.5082184,-122.4787754
38.5549366,-122.4312603
38.6404729,-122.2866466
38.638815,-122.525787
38.5814083,-122.5826961
39.124831,-121.0499716
39.1509511,-121.0593919
39.068005,-121.1014847
39.0271511,-121.083805
39.0722964,-121.0431089
39.10219,-121.200011
39.1602775,-121.0974699
39.24605,-121.1801765
39.1755854,-121.2253941
39.2650892,-121.2296526
39.2116644,-121.0816493
39.2337563,-121.0869263
39.2332975,-121.0511573
39.2297614,-121.0267992
39.2101339,-121.0371684
39.2295298,-120.8825536
39.1611141,-121.005663
39.3058929,-120.9405534
39.2508975,-121.045279
39.4173331,-120.5885542
39.342348,-120.1090918
39.3406604,-120.171729
39.3421409,-120.2613747
39.3274339,-120.2668468
39.3564647,-120.2317013
39.350653,-120.1915261
33.9427647,-117.9631381
33.9340209,-117.972269
33.9346776,-117.9615275
33.9324824,-117.9531628
33.9331435,-117.9434406
33.9227671,-117.9678486
33.9209014,-117.9511671
33.9244375,-117.9455411
33.940824,-117.9410039
33.9388372,-117.9286875
33.9393103,-117.9199501
33.9247336,-117.9292136
33.9340988,-117.9135027
33.9154345,-117.9082181
33.9160556,-117.890708
33.9038169,-117.8940242
33.938319,-117.8887853
33.9264991,-117.8945165
33.8908936,-117.9021324
33.8952809,-117.9213112
33.9104416,-117.9234129
33.8866381,-117.9568638
33.9117646,-117.9402667
33.8932937,-117.9383193
33.9054515,-117.9505071
33.9118184,-117.9677188
33.9002308,-117.9684399
33.8671814,-117.979525
33.8630156,-117.9720501
33.8637759,-117.9637238
33.8637798,-117.9548148
33.8567331,-117.9588441
33.8735241,-117.9535931
33.8604798,-117.9459428
33.8605165,-117.937447
33.8733305,-117.9361038
33.8755102,-117.9257733
33.8797538,-117.9180787
33.880582,-117.907682
33.8715955,-117.9057059
33.8707215,-117.8891126
33.8793633,-117.8934361
33.8820583,-117.8831378
33.8608342,-117.9286331
33.8615748,-117.9022903
33.9044712,-117.8756618
33.8930103,-117.8785247
33.9025381,-117.8612771
33.8923778,-117.862511
33.8856931,-117.8692764
33.8766552,-117.8702302
33.8561655,-117.8519526
33.8823899,-117.8528754
33.8721807,-117.8529122
33.9029232,-117.8494835
33.8939104,-117.8479811
33.8579676,-117.8750183
33.8703829,-117.8729876
33.8654909,-117.8706076
33.8895405,-117.8163113
33.868626,-117.763585
33.8951692,-117.8357083
33.8842982,-117.8350581
33.8715012,-117.8062244
33.8581232,-117.8046708
33.917542,-117.8653648
33.8779864,-117.794769
33.8698165,-117.7846683
33.8764203,-117.8282551
33.8683071,-117.8310403
33.9061473,-117.7927162
33.896973,-117.7814562
33.8986954,-117.7692755
33.8994,-117.7529433
33.8743468,-117.7098301
33.8939942,-117.7311788
33.8831155,-117.7050608
33.8867546,-117.7814387
33.8794719,-117.7667185
33.9124563,-117.8357565
33.9386678,-117.8257696
33.8517027,-117.8127665
33.8584329,-117.7734031
33.8166155,-117.7564056
33.7979555,-117.8074249
33.7808693,-117.8028433
33.8443711,-117.8118234
33.8406807,-117.7923531
33.8037516,-117.7802613
33.7973502,-117.7954088
33.8488328,-117.7697025
33.8356458,-117.7654493
33.8548685,-117.7545025
33.8599299,-117.7444675
33.8371914,-117.7321707
33.811026,-117.6969462
33.6141596,-117.6660675
33.6050678,-117.6672345
33.7494876,-117.6163863
33.5912249,-117.6666408
33.5727476,-117.6651142
33.6164589,-117.6973606
33.6091503,-117.6853284
33.6059752,-117.6438225
33.55068,-117.6666493
33.6288846,-117.6812546
33.6244283,-117.6770403
33.6446586,-117.6650242
33.6412824,-117.661318
33.6443064,-117.6494963
33.6322217,-117.6565092
33.6452899,-117.640004
33.63945,-117.6299671
33.6373238,-117.6437788
33.6185325,-117.6540509
33.6195275,-117.6376827
33.5941864,-117.6469211
33.5764351,-117.6492296
33.5812401,-117.6535608
33.6518163,-117.5071044
33.6539944,-117.5682677
33.5965852,-117.567123
33.6082129,-117.5913027
33.5815287,-117.5981029
33.5765886,-117.5831908
33.6575309,-117.6419276
33.651764,-117.6288906
33.6638248,-117.6150118
33.6489586,-117.5956891
33.6485029,-117.5883621
33.6159751,-117.6205427
33.6388097,-117.5952959
33.641631,-117.5850141
33.5699117,-117.640169
33.5409988,-117.6451783
33.5521359,-117.6382734
33.5222902,-117.6458826
33.4785252,-117.5953057
33.4734038,-117.5830923
33.5184948,-117.5437029
33.586945,-117.6167142
33.5399881,-117.5948829
33.4374395,-117.6339537
33.4320655,-117.621785
33.4249906,-117.6239766
33.4460857,-117.5948352
33.4676404,-117.6267181
33.4567135,-117.6170651
33.4308168,-117.6067263
33.4200735,-117.5931414
33.4008823,-117.5974403
33.4146683,-117.609857
33.460947,-117.6673152
33.4867824,-117.6485449
33.4726083,-117.6384355
33.4516492,-117.6512749
33.4993764,-117.7425163
33.5987527,-117.6918666
33.4942878,-117.6810635
33.5068418,-117.6615037
33.4622587,-117.6973164
33.5378494,-117.6797319
33.5110087,-117.7138298
33.5382812,-117.7080964
33.5707126,-117.7106408
33.4741037,-117.7165218
33.5002854,-117.7268045
33.5265675,-117.730867
33.5365937,-117.7194079
33.5874295,-117.6925474
33.5832048,-117.6841367
33.5316199,-117.6978084
33.5264817,-117.6933882
33.5168081,-117.6960579
33.5007819,-117.7016699
33.5688296,-117.6835972
33.5603874,-117.7049719
33.5589692,-117.6948277
33.5469795,-117.6966091
33.5025259,-117.6868669
33.4834265,-117.7050629
33.4800979,-117.6965196
33.492418,-117.6744668
33.4817173,-117.6780547
33.6493459,-117.704766
33.6380407,-117.7185089
33.6235666,-117.7042969
33.6396957,-117.6945315
33.6340547,-117.6895286
33.7055515,-117.7621304
33.7636019,-117.7649501
33.7169344,-117.7543676
33.6695033,-117.6788628
33.65888,-117.6599285
33.6444339,-117.6761482
33.6565412,-117.6804279
33.6829143,-117.6498082
33.6797854,-117.633177
33.7064721,-117.739799
33.7152771,-117.6850058
33.6994791,-117.7529852
33.6939752,-117.7453018
33.6880204,-117.7600673
33.7383582,-117.7738553
33.7305072,-117.7692958
33.7255006,-117.7556906
33.7364976,-117.7349328
33.6799753,-117.6991452
33.6704684,-117.7304207
33.7195629,-117.811026
33.6925839,-117.7753374
33.6856826,-117.7807058
33.6844543,-117.7983795
33.678779,-117.7893209
33.6693594,-117.7980786
33.6594335,-117.7578719
33.6693095,-117.8184805
33.6744311,-117.8086676
33.6849393,-117.8221596
33.6802874,-117.8217234
33.6736209,-117.8238921
33.7297953,-117.7970172
33.7021007,-117.784626
33.7086371,-117.7951974
33.6926896,-117.7907469
33.6936324,-117.8050892
33.6902035,-117.8137796
33.6639057,-117.7845669
33.6747665,-117.7726183
33.7118461,-117.7722976
33.7246636,-117.7870397
33.7188583,-117.7816152
33.5427708,-117.7839464
33.6691905,-117.8609131
33.6639878,-117.8339404
33.6439363,-117.8381633
33.54337,-117.7618013
33.530692,-117.762767
33.6159775,-117.7215654
33.5930991,-117.7057725
33.6526182,-117.8396935
33.6527333,-117.833652
33.6518934,-117.8126304
33.634782,-117.8209398
33.6520438,-117.7890614
33.6401283,-117.8123266
33.5306084,-117.7473419
33.56422,-117.7393871
33.5918913,-117.7320508
33.6011414,-117.7384305
33.5832391,-117.7170667
33.576522,-117.7237995
33.5792026,-117.7338983
33.5601443,-117.7293403
33.5648039,-117.7222301
33.6018744,-117.7261697
33.6046208,-117.8634236
33.5950576,-117.8291306
33.6150925,-117.839299
33.6069475,-117.7160991
33.6044734,-117.7076522
33.6109722,-117.737898
33.5997255,-117.7565534
33.6627696,-117.8194404
33.6611788,-117.8047827
33.6198996,-117.7457069
33.6364763,-117.7465014
33.6473598,-117.7718736
33.6241133,-117.7925755
33.5737494,-117.7918476
33.6331904,-117.855413
33.6175251,-117.8565189
33.6048432,-117.8809155
33.5927639,-117.8701726
33.6053278,-117.9157274
33.6122378,-117.915989
33.6335765,-117.8840997
33.6130439,-117.8955202
33.605086,-117.8923185
33.6333298,-117.868556
33.6149296,-117.8780261
33.6532836,-117.8787414
33.6281163,-117.8983938
33.6644113,-117.8830875
33.6580897,-117.8936526
33.6441646,-117.8996392
33.650871,-117.9035762
33.6418498,-117.908706
33.6368927,-117.9169861
33.6313438,-117.9133067
33.6209027,-117.9165233
33.6171634,-117.9357308
33.6469767,-117.9429797
33.6315655,-117.9427058
33.6383279,-117.937407
33.6377144,-117.9273493
33.6484332,-117.9275356
33.6469108,-117.9184745
33.6763992,-117.9275165
33.6606156,-117.9416686
33.6899398,-117.9302089
33.6813269,-117.933236
33.6655719,-117.9278881
33.6552393,-117.9255747
33.6779027,-117.9136299
33.6821556,-117.9007831
33.6714531,-117.8988944
33.6619896,-117.9136205
33.6609028,-117.9028423
33.6826195,-117.8854728
33.6908191,-117.8774197
33.6933666,-117.9102462
33.7068329,-117.862573
33.7015141,-117.8725721
33.7088227,-117.880925
33.6980398,-117.8817469
33.721282,-117.8902703
33.7217323,-117.8808865
33.7055576,-117.9143089
33.6995404,-117.8938358
33.7211578,-117.9108898
33.7211061,-117.8986836
33.7097314,-117.900654
33.7090748,-117.8928567
33.7216699,-117.870064
33.7196057,-117.8602323
33.7280559,-117.8469468
33.7522099,-117.8596881
33.7481442,-117.8492851
33.7378829,-117.8422024
33.7377146,-117.8366401
33.7385522,-117.8569744
33.7284275,-117.8600162
33.734324,-117.8712799
33.7363844,-117.8640244
33.730917,-117.8955124
33.7308151,-117.8825425
33.743555,-117.8891783
33.7442645,-117.899419
33.7360737,-117.9088098
33.7371813,-117.9026546
33.7368341,-117.8922263
33.7432644,-117.8788563
33.7370585,-117.8798552
33.748073,-117.8685376
33.7572599,-117.8707228
33.7582622,-117.8656949
33.7556681,-117.879726
33.7530867,-117.9003601
33.7548946,-117.8902562
33.7748641,-117.8809944
33.7644599,-117.8899385
33.7661681,-117.8739775
33.7674534,-117.8608693
33.7532867,-117.8424353
33.7679798,-117.8477516
33.7634533,-117.8412681
33.7530974,-117.8244625
33.7440239,-117.8246747
33.741904,-117.807244
33.7362411,-117.8127013
33.7329217,-117.8214885
33.7284876,-117.8147887
33.7365911,-117.8294395
33.6945574,-117.8441272
33.7230118,-117.8325163
33.7065531,-117.8220205
33.7487978,-117.8013386
33.7789826,-117.7854325
33.7768438,-117.7699603
33.7537203,-117.7856485
33.7399533,-117.7819968
33.766702,-117.8278543
33.7587899,-117.8143983
33.7672498,-117.8074361
33.7931874,-117.8367135
33.7805344,-117.8378115
33.7841461,-117.8204064
33.776931,-117.820557
33.8223129,-117.809036
33.8112385,-117.8116387
33.8180906,-117.82984
33.807971,-117.8287446
33.8321962,-117.8268662
33.831945,-117.80585
33.7971208,-117.8255792
33.7920364,-117.8187444
33.7914977,-117.8531049
33.7807141,-117.8508355
33.783476,-117.8693817
33.7756099,-117.8661691
33.7840999,-117.8916633
33.783462,-117.901819
33.7964377,-117.8843992
33.7938846,-117.8707223
33.8373815,-117.8540483
33.8393064,-117.8392835
33.8144337,-117.8613023
33.8051381,-117.8488227
33.8056408,-117.8401794
33.8225982,-117.8434316
33.8327573,-117.896248
33.8118256,-117.8907963
33.8354855,-117.879074
33.8291436,-117.8794687
33.8232253,-117.8776182
33.8462667,-117.8849288
33.8506272,-117.8977733
33.8434369,-117.8971362
33.8438163,-117.8762297
33.8441318,-117.858244
33.846642,-117.9187355
33.85032,-117.9120904
33.8507453,-117.933024
33.8440428,-117.9331121
33.8509554,-117.9566062
33.843269,-117.9482316
33.8485739,-117.9804657
33.8453363,-117.9689154
33.8358485,-117.9806012
33.8246197,-118.0065084
33.8247002,-117.9977769
33.8247759,-117.9890362
33.8248552,-117.980284
33.8249717,-117.9717657
33.8323796,-117.9633147
33.8355936,-117.9526151
33.8264399,-117.948788
33.8274725,-117.9346588
33.8201019,-117.9300546
33.8357929,-117.9285565
33.8386596,-117.911715
33.8342568,-117.9106145
33.8282532,-117.914757
33.8141322,-117.910319
33.8251532,-117.9095108
33.8211215,-117.9110788
33.7996822,-117.9195904
33.7975374,-117.9020092
33.8106404,-117.9305408
33.8142493,-117.9414133
33.804464,-117.9399832
33.8214013,-117.958885
33.8103895,-117.9632329
33.8104384,-117.9545104
33.8100654,-118.0063667
33.81016,-117.9976437
33.810202,-117.9889032
33.8102754,-117.9801356
33.8103706,-117.9716643
33.7992973,-117.9918205
33.7920054,-117.9916861
33.7957685,-117.9799125
33.7957982,-117.9715258
33.7886468,-118.0049706
33.7847458,-117.9915613
33.7848357,-117.9757201
33.7774539,-117.9914541
33.7775512,-117.9756059
33.7958099,-117.9631339
33.7953384,-117.9555411
33.7849481,-117.9586224
33.7961088,-117.9469276
33.7874758,-117.9397292
33.78879,-117.9281104
33.7888535,-117.9193342
33.7888906,-117.9105799
33.774306,-117.9263206
33.7788137,-117.9171462
33.7737751,-117.9441552
33.774216,-117.9350465
33.7776731,-117.9584718
33.7703805,-117.9579741
33.7710918,-117.9771951
33.7655569,-117.9803615
33.7606739,-117.9622131
33.7632139,-117.9463184
33.7535135,-117.9447927
33.7485812,-117.9548863
33.7521267,-117.9679745
33.7523664,-117.9332194
33.7633574,-117.9289907
33.7524439,-117.9245717
33.7636581,-117.9089192
33.7575059,-117.9106488
33.7507951,-117.9146518
33.7713059,-117.9150747
33.770691,-117.9011275
33.7345899,-117.925469
33.7378669,-117.9417352
33.7377201,-117.9503795
33.7083526,-117.9847336
33.6835535,-117.9626937
33.6757269,-117.9624687
33.6802777,-117.9481206
33.6636513,-117.9506384
33.6446413,-117.9767121
33.7375621,-117.9678007
33.7376034,-117.9590548
33.723079,-117.9675804
33.7219602,-117.9462686
33.7235939,-117.9329098
33.7241157,-117.9227863
33.7046746,-117.9372009
33.6940852,-117.9499072
33.6940317,-117.9737035
33.6942404,-117.9606349
33.7084651,-117.9760616
33.7086328,-117.9673875
33.6939797,-117.9845182
33.6622665,-117.9654799
33.665046,-117.9580453
33.6470177,-117.9671282
33.64069,-117.95956
33.7264223,-117.9801983
33.719172,-117.980803
33.664929,-117.9840914
33.6649454,-117.9754489
33.6794371,-117.9842902
33.6794798,-117.9756487
33.7416391,-117.9330902
33.7416923,-117.9244471
33.7418244,-117.91608
33.7088786,-117.9586812
33.7087027,-117.9499292
33.6793721,-117.9932453
33.6661406,-117.9937184
33.6509015,-117.9924346
33.677314,-118.0195333
33.6760101,-118.0028204
33.66484,-118.0134388
33.6610404,-118.0028287
33.7083357,-117.9977973
33.7074697,-118.0193274
33.7190957,-118.0153179
33.726392,-118.0154385
33.7225872,-118.0283982
33.7226068,-118.0371737
33.7265068,-117.9978887
33.719217,-117.9978509
33.7064714,-118.0126393
33.6927398,-118.0285016
33.7188931,-118.0458582
33.7097167,-118.0546838
33.690113,-117.9949313
33.6980069,-118.0038344
33.7508498,-118.0636903
33.7512108,-118.0946098
33.7206734,-118.075778
33.7249948,-118.0488764
33.7700978,-118.0833027
33.7652357,-118.0877826
33.7384711,-118.105723
33.7444635,-118.1043364
33.7174759,-118.0667384
33.7227495,-118.0610462
33.7496311,-118.0061611
33.7516671,-118.0200958
33.7473935,-118.0334998
33.7372031,-118.0199636
33.7366332,-118.0085345
33.7483622,-117.9852881
33.7410721,-117.9853642
33.7338428,-117.9850382
33.765783,-117.9907063
33.757341,-117.9939643
33.755705,-117.9809384
33.7661851,-118.0205288
33.7664926,-118.0116756
33.7664961,-118.0028939
33.7701936,-118.029878
33.7647488,-118.0359657
33.7897486,-118.0344624
33.7847215,-118.0198654
33.7772554,-118.0221376
33.7803613,-118.0368158
33.7981512,-118.079092
33.7860198,-118.0863456
33.7799533,-118.0798959
33.792026,-118.0197653
33.7993147,-118.0196525
33.7780719,-118.0585144
33.8013114,-118.0632114
33.7926206,-118.0523757
33.8416603,-118.0450025
33.8253864,-118.041495
33.8142936,-118.0572772
33.8081618,-118.0666483
33.8207314,-118.0281903
33.8305661,-118.0297412
33.8349406,-118.0524061
33.8066097,-118.0372135
33.8131222,-118.0403113
33.8583828,-118.0380232
33.8485883,-118.041294
33.8258098,-118.0571887
33.8205123,-118.0500218
33.8355721,-118.0152633
33.8245792,-118.0152251
33.8135237,-118.019392
33.8534449,-118.0275965
33.8527439,-118.0111021
33.8428805,-118.0109172
33.8427884,-118.0282835
33.8529083,-117.9934181
33.8405494,-117.9950643
33.8646765,-118.0150263
33.8686572,-117.9934922
33.88346,-117.9820593
33.8849628,-117.971306
33.8774101,-118.0038989
33.8796677,-117.9952602
33.8096249,-117.9186718
33.5354639,-117.8593391
39.2079313,-120.1434473
39.2320185,-120.0963996
39.2614322,-120.0403968
39.2475277,-120.0199033
39.0828051,-120.5640417
38.9050569,-121.074891
38.8923185,-121.0770717
38.883438,-121.0643371
38.88795,-121.1494678
38.8567146,-121.0997167
38.7673953,-121.1351476
38.7555932,-121.1996984
38.7326431,-121.2016653
38.7199281,-121.2040519
38.7888982,-121.1823899
38.826529,-121.1428143
38.7263795,-121.2381975
38.7385778,-121.2394141
38.7388256,-121.2624492
38.7329396,-121.2705132
38.7246552,-121.2750015
38.7237694,-121.2543801
38.7523489,-121.2454992
38.7289395,-121.2933237
38.7453927,-121.2762314
38.7381496,-121.293227
38.7393485,-121.3164067
38.7645705,-121.2757092
38.7839394,-121.2991466
38.7668123,-121.3199082
38.7573511,-121.3225905
38.7846216,-121.3520848
38.7763331,-121.347341
38.782269,-121.3194929
38.7827445,-121.3355152
38.755663,-121.2989416
38.7654853,-121.3053861
38.7619124,-121.3460981
38.7556462,-121.3436518
38.7956517,-121.2279757
38.7965217,-121.250877
38.7811448,-121.238007
38.7814044,-121.2192849
38.8290529,-121.2420643
38.8444046,-121.2239941
38.7872347,-121.2611822
38.7790994,-121.2540572
38.809736,-121.2691293
38.8039379,-121.2616929
38.8284635,-121.199892
38.8664057,-121.1914705
38.9699167,-121.2844386
38.8302553,-121.2868025
38.8239763,-121.2646847
38.7839109,-121.3708719
38.7850361,-121.3934117
38.7675468,-121.4295459
38.8803813,-121.4052413
38.8964464,-121.287416
38.8903019,-121.303039
38.9192661,-121.1180058
38.922173,-121.0568294
38.9522451,-121.1106507
38.9821047,-121.1646138
38.9814709,-121.0699543
38.9479977,-121.0601197
38.993655,-120.9841213
39.009987,-121.019603
39.0569709,-120.9537177
39.2708296,-120.1308716
39.2246605,-120.7182112
39.2581988,-120.3619496
39.122651,-120.2157837
39.1853773,-120.1846313
39.0716092,-120.1657977
38.7648483,-121.2389893
38.7391442,-121.3640005
38.7794828,-121.2860177
38.7891007,-121.2777257
38.8000344,-121.2769378
38.8063897,-121.2959512
38.8009765,-121.3307363
38.857816,-121.326876
38.8759015,-121.3178934
38.9111534,-121.3496906
38.857706,-121.2392811
38.8499796,-121.2813029
38.8568609,-121.2638454
38.8715277,-121.2828207
38.8769708,-121.2568862
38.8889816,-121.3278582
39.1401552,-120.0704189
39.9345095,-120.9336052
39.7569427,-120.6672907
39.8313724,-121.0253109
39.9140149,-120.3358401
40.0916292,-120.910825
40.3853393,-121.3550617
40.2383156,-121.1980772
33.9972756,-117.3518996
33.9928507,-117.3656092
34.0052804,-117.3666531
33.981434,-117.3950475
33.9798418,-117.3763659
33.9711743,-117.3677234
33.9685092,-117.3545294
33.9858161,-117.3560307
33.9799005,-117.3528319
33.9390841,-117.3713613
33.9557504,-117.3611851
33.9151963,-117.3709369
33.924054,-117.3543688
33.967557,-117.3889779
33.9653834,-117.4115762
33.9577091,-117.4411265
33.9516686,-117.4098503
33.9518517,-117.4237908
33.9549035,-117.3909919
33.9429753,-117.382535
33.9303688,-117.4058257
33.9380023,-117.4081832
33.9417307,-117.4200459
33.9291919,-117.4320055
33.9381423,-117.4393372
33.9420148,-117.4471929
33.9154306,-117.4486324
33.9268423,-117.4484557
33.9061238,-117.4050093
33.8968819,-117.4412265
33.9098213,-117.4379037
33.918645,-117.4211712
34.02279,-117.3964984
34.0234613,-117.4403531
33.9839503,-117.4187992
33.9821628,-117.4334348
33.9943481,-117.4072103
33.9997288,-117.3999055
33.99336,-117.4427252
34.0084009,-117.4511663
34.0009668,-117.4162564
33.9999002,-117.428168
33.9745905,-117.4836128
33.9918254,-117.4960233
33.9729184,-117.4613233
33.9891664,-117.460654
34.0075611,-117.4773709
34.022516,-117.4882969
34.0258487,-117.5162881
33.9705168,-117.526465
33.9861341,-117.5316346
33.9962787,-117.5140276
33.9827133,-117.5145711
33.9114883,-117.6312527
33.9608518,-117.5886982
33.9420499,-117.5775081
33.9797988,-117.5715481
34.0084123,-117.5342359
33.9635816,-117.5713198
33.9635847,-117.5800359
33.9680493,-117.5626522
33.9692253,-117.5500947
33.9319208,-117.5759903
33.9395775,-117.5471113
33.9420596,-117.5346297
33.9104977,-117.6005669
33.9048342,-117.5896725
33.8991187,-117.5771521
33.8926414,-117.5553304
33.9244565,-117.5494884
33.916534,-117.5336103
33.8973552,-117.5175804
33.8930996,-117.5115316
33.9023443,-117.5250193
33.8910642,-117.5284998
33.9134464,-117.4897786
33.9263666,-117.5081994
33.9193799,-117.5003176
33.9304798,-117.4972884
33.9496836,-117.4643999
33.9516995,-117.4726482
33.9486696,-117.4904563
33.9592372,-117.4976668
33.9430035,-117.464757
33.9403266,-117.4871242
33.923878,-117.4621002
33.9344497,-117.470731
33.9337586,-117.457896
33.9292791,-117.4846527
33.9207824,-117.4769727
33.897337,-117.461188
33.8922056,-117.4724083
33.8925274,-117.4884564
33.9035266,-117.4870785
33.9110608,-117.4726363
33.9042089,-117.469161
33.8800756,-117.5305874
33.878511,-117.5160215
33.8857499,-117.5057517
33.8755961,-117.447595
33.8730771,-117.467839
33.8585141,-117.4974545
33.8919967,-117.6059596
33.8739925,-117.5686515
33.8772272,-117.5541498
33.8674156,-117.576529
33.8785017,-117.5888243
33.8770106,-117.5781627
33.8367893,-117.5829634
33.8504553,-117.5996971
33.8648961,-117.5910555
33.8513236,-117.5872061
33.860135,-117.5772414
33.8473236,-117.5718743
33.8557384,-117.5449898
33.8446869,-117.5490456
33.8616017,-117.5634468
33.866679,-117.553333
33.8817748,-117.6536965
33.8697102,-117.6042543
33.8710694,-117.59586
33.8381856,-117.522205
33.7892199,-117.4949771
33.8730615,-117.6359855
33.8641707,-117.6207861
33.7225228,-117.4619129
33.7507402,-117.5089067
33.8706184,-117.3647047
33.8872792,-117.3757723
33.8972475,-117.3464492
33.7798705,-117.4096816
33.8481383,-117.4083363
33.8604957,-117.3150981
33.8508928,-117.2731862
33.9108604,-117.3206859
33.8960082,-117.2986464
33.8918646,-117.3072947
33.8843072,-117.322357
33.8951465,-117.322734
33.9590453,-117.3297346
33.9419215,-117.3385529
33.9416366,-117.3455921
33.9951998,-117.3421808
33.9895557,-117.3350138
33.9488684,-117.2850505
33.9766456,-117.3167939
33.9794937,-117.2918083
33.9278407,-117.3222401
34.0129489,-117.3226718
33.9523147,-117.1429248
33.9455386,-117.2040032
33.9488477,-117.2207856
33.943773,-117.2347523
33.9438287,-117.2526691
33.9493596,-117.2526028
33.9539269,-117.2395681
33.9542945,-117.2309662
33.9567077,-117.252396
33.9676198,-117.2544363
33.967321,-117.2371448
33.9841925,-117.2208111
33.9293133,-117.28252
33.8831037,-117.2329274
33.8955489,-117.239288
33.9100514,-117.2306582
33.9100517,-117.2393048
33.919149,-117.2480601
33.9191537,-117.2567772
33.9345424,-117.2569855
33.9336217,-117.2481693
33.9354567,-117.2406622
33.9227363,-117.2393879
33.9119231,-117.2131721
33.9118705,-117.2218488
33.9373528,-117.2274689
33.9304056,-117.2250806
33.9220397,-117.2272172
33.9276085,-117.271605
33.9355502,-117.2696227
33.9319935,-117.2002245
33.9260714,-117.1876334
33.8798565,-117.1552994
33.8897102,-117.1134304
33.8390883,-117.23009
33.8222048,-117.1728555
33.81057,-117.2108009
33.8045006,-117.2181499
33.8411165,-117.1987844
33.8338634,-117.1933153
33.8156648,-117.2217224
33.8265454,-117.2151335
33.6888938,-117.1906302
33.7141447,-117.2157957
33.7014269,-117.1928919
33.6784416,-117.2596623
33.6865062,-117.2551285
33.6997108,-117.2534257
33.7976037,-117.1606974
33.7737277,-117.1147818
33.7246852,-117.0784115
33.6960986,-117.1493903
33.714291,-117.1236656
33.7304367,-117.1724338
33.7592842,-117.1666966
33.7394656,-117.2214165
33.6997156,-117.2264364
33.665223,-117.2267421
33.6663741,-117.0779511
33.6779397,-117.1519414
33.6550902,-117.1551086
33.7251033,-117.1977608
33.7161589,-117.1983059
33.6777922,-117.1883297
33.6560907,-117.1886171
33.826142,-117.0844666
33.778279,-117.0632869
33.797845,-117.2196889
33.7935861,-117.2041411
33.6806028,-117.2811199
33.7056543,-117.3119839
33.6870543,-117.3058055
33.7098214,-117.1785991
33.7028358,-117.1643829
33.79116,-117.2279728
33.7772572,-117.2325416
33.7493422,-117.3068291
33.8027798,-117.3133054
33.813195,-117.2535207
33.8199065,-117.2811533
33.7398807,-117.2541415
33.7840101,-117.251356
33.6459281,-117.3119644
33.6741552,-117.3812306
33.7062882,-117.3607115
33.682498,-117.3445157
33.7167408,-117.4192829
33.6671772,-117.4175994
33.7013221,-117.3888259
33.6841707,-117.3879128
33.5477886,-117.1148324
33.4817676,-117.0671175
33.4416403,-116.9699905
33.6144265,-117.0915822
33.6046821,-117.1070103
33.5651234,-117.1918935
33.4742547,-117.1109103
33.4677881,-117.1064252
33.5598275,-117.1447884
33.5698486,-117.1620199
33.5646419,-117.1737504
33.517011,-117.147694
33.5297694,-117.1367216
33.5318881,-117.1188981
33.504032,-117.1342194
33.4870977,-117.1248116
33.5911983,-117.224956
33.5752338,-117.2137517
33.5845532,-117.2060351
33.6249763,-117.115566
33.5134722,-117.0704108
33.4713037,-117.0854896
33.4597565,-117.0885307
33.4547692,-117.1565512
33.479534,-117.0867251
33.5081066,-117.105457
33.4952197,-117.1030729
33.4917233,-117.0839947
33.5115829,-117.1314903
33.5207847,-117.1047071
33.6015382,-117.2589383
33.6006686,-117.2755965
33.5522152,-117.3020438
33.6430873,-117.2478194
33.6075961,-117.2312199
33.609071,-117.1893503
33.6278555,-117.2176974
33.5907214,-117.0287051
33.5428104,-116.9590173
33.5903125,-117.094356
33.5886488,-117.1162964
33.5657389,-117.1261289
33.5554102,-117.0783394
33.5464501,-117.1337923
33.6817006,-116.8892587
33.7332579,-116.9996659
33.7246401,-116.9786782
33.7440141,-116.9520967
33.751115,-116.9504264
33.7452198,-116.9363867
33.7476958,-116.9237749
33.7312673,-116.960699
33.7338858,-116.9506407
33.7331931,-116.9389808
33.7338091,-116.9264553
33.7166603,-116.9908874
33.7228335,-117.0232843
33.6971609,-117.0183104
33.7475602,-116.9695083
33.7372831,-116.9686965
33.7376041,-116.9826738
33.7502798,-116.9865118
33.7461746,-117.0000447
33.7583075,-116.9935262
33.7696783,-116.994327
33.7970347,-116.9556879
33.7716284,-116.9444015
33.7749302,-116.9288156
33.8217138,-117.0200534
33.7676719,-117.0127272
33.7371433,-117.020487
33.7577008,-117.0242647
33.7630731,-116.9741422
33.7748225,-116.9685455
33.7608961,-116.9486385
33.7619089,-116.9280474
33.7834486,-116.9530306
33.7875282,-116.9662949
33.7262689,-116.8640681
33.7510081,-116.9112184
33.7537529,-116.90027
33.9948688,-117.0457924
33.9591434,-116.9737171
33.976834,-116.9469611
33.9554592,-117.0006491
33.8767216,-116.9530089
33.9343237,-116.8252309
33.937452,-116.9514019
33.9185093,-116.9607492
33.9374621,-116.9602337
33.926218,-117.0605348
33.9802371,-117.0777946
33.9824111,-117.0046389
33.9397208,-116.9742932
33.9269395,-116.9768263
33.9266791,-116.8942771
33.9307499,-116.8940377
33.9368726,-116.9288048
33.9846131,-116.9050755
33.9357645,-116.8681004
33.919657,-116.8724065
33.4671972,-116.4711924
33.7705515,-116.7879765
33.8038178,-116.6792727
33.5441782,-116.8654043
33.6258723,-116.6640432
33.821196,-116.3874317
33.9472557,-116.5281762
33.9650257,-116.5060565
33.954147,-116.4896937
33.9373778,-116.5112051
33.9393721,-116.4759837
33.9822915,-116.5360204
33.973306,-116.4887947
33.8530198,-116.3795717
33.9727898,-116.6546179
33.9339564,-116.4359785
33.9938092,-116.4945442
33.8376124,-116.5369071
33.8540687,-116.5205082
33.863302,-116.5474414
33.8766106,-116.6275213
33.8231858,-116.5194219
33.8222668,-116.4872907
33.8100915,-116.5037759
33.8050178,-116.536936
33.812654,-116.5369599
33.7047767,-116.4917939
33.87828,-116.5444568
33.8086237,-116.4712229
33.7318369,-116.3141498
33.7942301,-116.4493909
33.7755085,-116.4163763
33.763166,-116.4012162
33.7653336,-116.3648177
33.797319,-116.403939
33.7786151,-116.3591714
33.8413521,-116.4670932
33.8341094,-116.4669443
33.8269186,-116.4711902
33.819638,-116.4690836
33.7509498,-116.3212439
33.7405243,-116.3441869
33.7488598,-116.382169
33.7489338,-116.3623857
33.8196032,-116.449434
33.826972,-116.4495502
33.8123211,-116.4624623
33.8050597,-116.4624115
33.7746714,-116.4690053
33.7483581,-116.4428899
33.6549641,-116.3122385
33.6653271,-116.3111037
33.6948368,-116.3865607
33.7048236,-116.387138
33.7157012,-116.3969668
33.7163491,-116.3757286
33.7348325,-116.3868788
33.7324563,-116.3693669
33.6842558,-116.304766
33.7190019,-116.3232926
33.7257301,-116.3498891
33.6766047,-116.4286895
33.6570004,-116.3457664
33.7257613,-116.3845048
33.724806,-116.3682129
33.6791968,-116.2809947
33.6936573,-116.2807908
33.7074307,-116.2405275
33.7260991,-116.2381506
33.730735,-116.2611913
33.7142853,-116.2596224
33.7365423,-116.2855038
33.7486002,-116.2433518
33.7289861,-116.2476921
33.7260248,-116.1811511
33.6963102,-116.2578731
33.6929269,-116.2077696
33.8022017,-116.2439847
33.7491593,-116.2890686
33.7256097,-116.2852919
33.7164015,-116.2818505
33.7343347,-116.2251547
33.7247482,-116.2114685
33.7478689,-116.2255222
33.7413288,-116.20799
33.7069675,-116.2260948
33.72091,-116.2278836
33.6710396,-116.233783
33.5893496,-116.0658126
33.5778283,-116.0688484
33.4686716,-115.8568524
33.6435634,-116.2590657
33.6323616,-116.2447783
33.6333794,-116.1831423
33.6558262,-116.1220454
33.5916554,-116.2239041
33.4780008,-116.0880605
33.564006,-116.1584508
33.662898,-116.1700591
33.6712424,-116.1823843
33.6774058,-116.1657166
33.6810735,-116.1857331
33.6619506,-116.189441
33.6721712,-116.1927494
33.5281671,-114.6694119
33.6142234,-114.5838963
33.6137829,-114.609989
33.6249027,-114.5972328
33.5994708,-114.5966887
33.5708444,-117.4049932
33.6498576,-117.3608432
33.627302,-117.3081329
33.6510929,-117.2771726
33.6205591,-117.2726363
33.9709274,-117.333312
33.9794398,-117.3331958
33.927069,-117.5730342
33.9124674,-117.5749589
33.8915866,-117.276735
33.9283078,-117.2132757
33.7785595,-115.3687419
33.6218613,-114.5601089
33.9177523,-116.4319169
33.90678,-116.3494734
33.8367116,-117.5575664
33.8252128,-117.5553377
33.8153269,-117.5882346
33.8889374,-117.540661
33.8795848,-117.210061
33.9088488,-117.1909759
33.870565,-117.2215776
33.900986,-117.2130878
33.8974314,-117.2217753
33.8789648,-117.1985032
33.8815373,-117.1813749
33.6926884,-116.24043
33.6928501,-116.2251831
33.7596323,-116.2675135
33.7040565,-116.2077625
33.7133938,-116.212409
33.5357554,-117.1578847
33.5777058,-117.2475986
33.5219461,-117.2545877
33.546201,-117.1978916
33.574149,-117.1426898
33.5885847,-117.1536321
33.5907724,-117.1874848
33.579596,-117.1886829
33.5502749,-117.1501601
33.549813,-117.1642747
33.5516808,-117.1742253
33.5730861,-117.2285257
33.6151759,-117.149645
33.6313483,-117.163345
33.9348155,-117.2991513
33.9518968,-117.308654
33.8965004,-117.2043216
33.4881154,-117.2137878
33.7912054,-116.981562
33.8201839,-116.9596802
33.7886254,-116.2919058
33.7680073,-116.2948487
34.013613,-114.4708398
33.7018697,-116.1821931
33.7649103,-116.5735745
33.8257929,-116.4318499
33.8054921,-116.5231199
33.7941045,-116.5369038
33.781769,-116.4504635
33.7854221,-116.489098
33.8050537,-116.48846
33.7938045,-116.4662731
33.8375996,-116.5019552
33.8522106,-116.5368326
33.8231245,-116.5369013
33.77407,-116.8807172
33.9361587,-117.3162137
33.5615489,-114.9127108
38.5777705,-121.432632
38.5740594,-121.440758
38.5773838,-121.4547432
38.5800861,-121.469372
38.5843213,-121.4856339
38.5826868,-121.4795188
38.5854811,-121.4916773
38.5818714,-121.5016595
38.5770653,-121.5044795
38.576653,-121.4821334
38.5773937,-121.4932684
38.5711443,-121.4845191
38.5723435,-121.4906895
38.5684782,-121.4745179
38.573984,-121.4721306
38.5674597,-121.4593774
38.5599963,-121.4349267
38.5643486,-121.4474142
38.5490845,-121.4280432
38.5533291,-121.4486404
38.5542221,-121.4637479
38.5618891,-121.4773744
38.5652846,-121.4903061
38.5693327,-121.5063658
38.5601168,-121.5079991
38.5571708,-121.4938311
38.5448312,-121.4973382
38.5455452,-121.4812453
38.5543039,-121.4817038
38.5476099,-121.4711098
38.5429371,-121.4582463
38.5428857,-121.4347593
38.5358304,-121.4194466
38.5359695,-121.4376337
38.5286464,-121.4185713
38.5287426,-121.435958
38.5184589,-121.4335115
38.513306,-121.4182262
38.5205733,-121.4183309
38.5289945,-121.5039421
38.5121908,-121.5088949
38.5331684,-121.4883176
38.5245176,-121.4885738
38.5327552,-121.4778779
38.5336236,-121.4693182
38.5073142,-121.4931707
38.5303294,-121.5186401
38.5110145,-121.5376295
38.5072047,-121.5248771
38.489903,-121.5470459
38.480004,-121.5283512
38.4756559,-121.5213443
38.493451,-121.5106637
38.5147748,-121.5189578
38.5017199,-121.5454108
38.5060756,-121.5515091
38.4869695,-121.5343281
38.4950808,-121.5333575
38.4867855,-121.5240112
38.4887193,-121.5168934
38.5066191,-121.4785228
38.4887496,-121.4990251
38.4884205,-121.4862812
38.4881987,-121.4743864
38.4785337,-121.491901
38.4751579,-121.485456
38.5311698,-121.4507437
38.532368,-121.4602788
38.5180285,-121.4711734
38.5025521,-121.4629263
38.5176604,-121.4600558
38.5221988,-121.448252
38.5148437,-121.4466914
38.5002139,-121.4394835
38.5068873,-121.4469045
38.5067175,-121.4221791
38.4995505,-121.4190445
38.4880638,-121.4464626
38.4780464,-121.4583035
38.4854276,-121.4563988
38.4893485,-121.4634353
38.4777349,-121.432773
38.4777543,-121.4455851
38.4848798,-121.4265186
38.4892071,-121.4202294
38.4894981,-121.4117346
38.4884254,-121.4013864
38.4891655,-121.3831276
38.5590043,-121.4229418
38.5593317,-121.394154
38.5497903,-121.385415
38.5374689,-121.3955102
38.5919067,-121.484356
38.5897818,-121.432067
38.5658477,-121.4167264
38.5698188,-121.3915944
38.6046274,-121.4270026
38.6033897,-121.4083506
38.5924593,-121.4107149
38.5779288,-121.4084345
38.5852419,-121.4130197
38.5851649,-121.4060948
38.6032015,-121.3922066
38.5922351,-121.3922567
38.5813574,-121.3922087
38.6029899,-121.3737749
38.5863007,-121.3743962
38.6027461,-121.355268
38.582703,-121.357377
38.5863682,-121.3394431
38.636246,-121.3570577
38.6137442,-121.3506354
38.6206259,-121.3564192
38.6158347,-121.3737809
38.6342017,-121.37517
38.6249563,-121.3737088
38.6259083,-121.3914626
38.6142372,-121.3922389
38.6163928,-121.4222802
38.6232107,-121.4057513
38.6162372,-121.4094799
38.6225203,-121.4292379
38.6417287,-121.4202442
38.6379415,-121.438207
38.6488664,-121.4387189
38.6251642,-121.4410175
38.6485991,-121.4650243
38.6481424,-121.4521807
38.632475,-121.463671
38.6332061,-121.4522851
38.6209692,-121.452212
38.6135131,-121.4515224
38.6171433,-121.4616777
38.5986963,-121.4671068
38.6081265,-121.454292
38.6233797,-121.4729191
38.603,-121.4817381
38.6099173,-121.5148924
38.617466,-121.5075882
38.6203564,-121.5016424
38.6248908,-121.4912778
38.6385467,-121.5416222
38.6116619,-121.54606
38.6450949,-121.4947736
38.608575,-121.5307665
38.633463,-121.4869167
38.6296865,-121.5032958
38.6175616,-121.4908397
38.610441,-121.4899969
38.6486547,-121.5345997
38.65246,-121.5633386
38.6500999,-121.5180781
38.6375744,-121.5160231
38.7022909,-121.5487912
38.6630134,-121.5168452
38.6775795,-121.500568
38.663527,-121.489582
38.6578904,-121.5936907
38.6712894,-121.5335461
38.6806477,-121.5189524
38.6720661,-121.5127952
38.673824,-121.5236774
38.6833031,-121.423953
38.6623784,-121.4465162
38.7199051,-121.4511579
38.7064567,-121.4297674
38.6834922,-121.465714
38.6910277,-121.4478446
38.6627193,-121.3982061
38.6869574,-121.3788717
38.6775875,-121.3711115
38.6420403,-121.3933099
38.6881636,-121.3583148
38.6790053,-121.3467506
38.6811008,-121.3538795
38.7139046,-121.3948906
38.6917961,-121.3409233
38.6718265,-121.3628015
38.6646872,-121.3667921
38.7094156,-121.3801503
38.707515,-121.37028
38.6994816,-121.3466005
38.6982473,-121.3576571
38.7214772,-121.3727251
38.7222559,-121.3876534
38.7226029,-121.3548798
38.6994863,-121.3729583
38.6968026,-121.3901307
38.7180234,-121.3282918
38.7132482,-121.3406272
38.7077756,-121.3590594
38.7133682,-121.3544212
38.668659,-121.3442773
38.6572651,-121.3509893
38.6476294,-121.3613447
38.6317814,-121.337078
38.6434948,-121.3365195
38.6537416,-121.333848
38.6172556,-121.3373165
38.603266,-121.3357388
38.631336,-121.3149373
38.6165035,-121.3109972
38.6559109,-121.3175668
38.656309,-121.3002417
38.642939,-121.3017946
38.6425987,-121.3197236
38.6479246,-121.2083958
38.6490292,-121.2391074
38.6582631,-121.2821975
38.6584824,-121.2582305
38.6440127,-121.2588808
38.6426638,-121.2796618
38.6991374,-121.3002414
38.7128329,-121.297039
38.6652577,-121.3188938
38.6710386,-121.3008525
38.6894181,-121.2669973
38.6713848,-121.2532644
38.7140076,-121.2615566
38.7059315,-121.255185
38.7123566,-121.3175711
38.7183809,-121.3044646
38.7026611,-121.3205839
38.6950515,-121.3319913
38.6817547,-121.3261844
38.6952077,-121.3150241
38.6657665,-121.331598
38.6727159,-121.3179766
38.6826779,-121.3077793
38.6856204,-121.2953869
38.6709704,-121.2885166
38.6711638,-121.2781931
38.6711,-121.2669754
38.6948489,-121.2790679
38.6841331,-121.2813111
38.7028825,-121.2827534
38.714169,-121.2812589
38.6845185,-121.2564915
38.6916716,-121.2486909
38.6986392,-121.2324674
38.6713445,-121.2349623
38.6722962,-121.2146576
38.6652033,-121.2010755
38.6853491,-121.2128128
38.6875399,-121.1856973
38.702513,-121.1740028
38.7023418,-121.2087748
38.6804424,-121.1501743
38.6662844,-121.1653198
38.6759691,-121.175736
38.6960006,-121.130227
38.6530361,-121.1797987
38.6632674,-121.1454813
38.6700383,-121.1441492
38.6506226,-121.1293034
38.6395899,-121.1274845
38.6779296,-121.1230683
38.6654891,-121.1202103
38.6698999,-121.1025624
38.6509225,-121.1036665
38.5212587,-121.0585673
38.5075145,-121.1180094
38.6306876,-121.2455336
38.6225116,-121.2404822
38.554344,-121.2341126
38.6002992,-121.2103613
38.5374318,-121.2334006
38.5344863,-121.2041802
38.5404857,-121.2631919
38.5557636,-121.2938015
38.5983186,-121.2967505
38.6120369,-121.2817018
38.6063736,-121.2771388
38.5972308,-121.3242593
38.5941628,-121.3129043
38.5877273,-121.3171784
38.6245437,-121.27396
38.6080686,-121.3045812
38.5669269,-121.3260509
38.5280933,-121.3075728
38.5733375,-121.322109
38.576376,-121.3037636
38.5873447,-121.2993999
38.5900766,-121.2809266
38.5746645,-121.2716436
38.5548133,-121.3408051
38.5619376,-121.371319
38.56658,-121.3633877
38.572235,-121.3437933
38.5505795,-121.3548712
38.5555504,-121.3606353
38.5576271,-121.3713784
38.5419331,-121.3639394
38.5389672,-121.3457892
38.5001117,-121.3413811
38.4162688,-121.362367
38.4166716,-121.3819931
38.4008878,-121.3774487
38.3944915,-121.3620314
38.4728809,-121.3529406
38.4586769,-121.3629228
38.438079,-121.3624666
38.4780935,-121.3810288
38.4645471,-121.3784573
38.4778971,-121.3993657
38.4699141,-121.4036544
38.4604893,-121.403343
38.4601607,-121.3889396
38.4310597,-121.3851642
38.4655654,-121.2914003
38.3994013,-121.345268
38.4581469,-121.3443101
38.4732642,-121.3162322
38.4163489,-121.3439362
38.4381518,-121.339287
38.4463368,-121.3750234
38.445785,-121.3867947
38.4465455,-121.4005698
38.420539,-121.2944057
38.3451903,-121.2760218
38.3858209,-121.1689727
38.3129807,-121.1234487
38.2709268,-121.2724647
38.2847959,-121.2798018
38.279349,-121.2998769
38.2769169,-121.3716467
38.2668921,-121.3246541
38.2720248,-121.308317
38.2467506,-121.2975665
38.4662262,-121.4730627
38.4477124,-121.4161732
38.4461379,-121.4335344
38.4555299,-121.4375735
38.4154723,-121.398898
38.4158537,-121.412217
38.437264,-121.4319342
38.4168544,-121.4258928
38.4120092,-121.441457
38.4423863,-121.466027
38.4120917,-121.4675273
38.4014918,-121.4255366
38.4632142,-121.4384109
38.4697876,-121.4409187
38.3880761,-121.4631921
38.386851,-121.4250567
38.4298959,-121.4080981
38.4700199,-121.430955
38.4651181,-121.4215553
38.4270799,-121.4220371
38.4287943,-121.4371081
38.4238205,-121.4660343
38.4232615,-121.4774471
38.3824334,-121.4408449
38.3896194,-121.4434159
38.401312,-121.4368424
38.4013743,-121.4472397
38.4016323,-121.3931602
38.4009925,-121.4098678
38.3826848,-121.392925
38.3360221,-121.4080964
38.0700922,-121.7093528
38.2710059,-121.5387474
38.6944637,-121.1537533
36.9011737,-121.3587465
36.8258065,-121.5185645
36.8617477,-121.4226066
36.8479717,-121.4052567
36.8433241,-121.3793238
36.8531554,-121.3836822
36.8280891,-121.3701113
36.8345846,-121.3809565
36.8474191,-121.419686
36.8305138,-121.4128266
36.8046677,-121.3600183
36.5846722,-121.0019667
34.0159119,-117.7526116
34.0059222,-117.7509679
33.9935071,-117.7389283
33.9861395,-117.7223861
33.9714129,-117.7402927
33.9733424,-117.7236934
33.9515775,-117.7602943
33.9539757,-117.6693475
33.9779786,-117.7591432
33.9791911,-117.782242
33.9802224,-117.7018972
33.9645064,-117.7026857
33.9191433,-117.6799811
33.9259702,-117.7185708
34.0892427,-117.6959221
34.0780511,-117.7026392
34.0801578,-117.6870214
34.0703759,-117.7067716
34.0704075,-117.6895559
34.0536473,-117.6942317
34.0652583,-117.7093818
34.0626975,-117.6971378
34.0546594,-117.7148741
34.048523,-117.7141754
34.0151615,-117.7237288
34.0393758,-117.7129528
34.0410698,-117.6905816
34.0262232,-117.7068158
34.0153374,-117.706717
33.9996718,-117.6947907
34.0296797,-117.6843653
34.0227451,-117.6828193
34.0155079,-117.6893011
34.0155355,-117.6740258
34.1564204,-117.6587047
34.1124449,-117.6395637
34.1162767,-117.6203447
34.1406258,-117.677823
34.141776,-117.6602406
34.1272028,-117.6804248
34.1280249,-117.6607392
34.1139279,-117.6835386
34.1142493,-117.6606628
34.1262224,-117.6325852
34.1364594,-117.6438003
34.1007391,-117.6910756
34.1008082,-117.6718364
34.1024197,-117.6582388
34.0916975,-117.6755256
34.0917427,-117.6605421
34.1030014,-117.6395703
34.0962136,-117.6392629
34.0904765,-117.6426747
34.0808017,-117.6754832
34.0687514,-117.6754429
34.0660715,-117.6629921
34.0789691,-117.6560801
34.0781089,-117.6654013
34.0794781,-117.6460511
34.0846031,-117.6280461
34.0885081,-117.6198734
34.078896,-117.6153156
34.0745763,-117.6247141
34.0780753,-117.6369026
34.0856011,-117.5989045
34.0772115,-117.6039166
34.0668011,-117.6510112
34.0672615,-117.6409852
34.0667121,-117.6324257
34.0670436,-117.6199919
34.0577807,-117.6180157
34.0437,-117.6751848
34.0254601,-117.6612142
34.0362371,-117.6597588
34.0526203,-117.6610837
34.0453933,-117.6601251
34.040947,-117.6174059
34.0248546,-117.6458256
34.0249334,-117.6305677
34.025502,-117.6187363
34.0246746,-117.6035299
34.0339136,-117.6439434
34.0429009,-117.6469663
34.048259,-117.6422286
34.0083628,-117.6630434
34.0081367,-117.5757482
33.9442011,-117.6280865
33.9893984,-117.6051785
33.9750043,-117.6290487
34.0085204,-117.6218774
34.0085366,-117.6546811
34.1543885,-117.6164991
34.138221,-117.6072895
34.1480654,-117.6279835
34.1271062,-117.6071663
34.115982,-117.6074135
34.1549972,-117.5933144
34.1432748,-117.5845618
34.1435799,-117.5672454
34.1530008,-117.5552301
34.1294228,-117.5930105
34.1282537,-117.5821678
34.1139413,-117.5959326
34.1142025,-117.582716
34.1309825,-117.5670798
34.1291288,-117.5519608
34.1202031,-117.5626734
34.1223633,-117.5015513
34.1139317,-117.495486
34.1576128,-117.4622135
34.1651517,-117.4697193
34.1429422,-117.5100475
34.157787,-117.5056476
34.1543117,-117.5333596
34.1248355,-117.5388987
34.1292595,-117.5276915
34.1234416,-117.5163496
34.1103575,-117.5346157
34.1178269,-117.5346432
34.1160203,-117.5656981
34.1118129,-117.552597
34.1105617,-117.5662139
34.098787,-117.6242985
34.1030228,-117.6080465
34.0978837,-117.60459
34.1005564,-117.5866696
34.0750326,-117.5692572
34.0881445,-117.5831129
34.0918026,-117.5605124
34.0735962,-117.5077951
34.0245953,-117.586378
34.0931818,-117.5314673
34.128184,-117.4156002
34.1176605,-117.4162682
34.1258178,-117.4457357
34.1233292,-117.4327227
34.1277867,-117.4606188
34.128541,-117.4706985
34.1143349,-117.4776006
34.1133554,-117.460403
34.1358454,-117.4801715
34.1433197,-117.4623929
34.0919942,-117.4800234
34.1029095,-117.4800094
34.0890001,-117.4622625
34.0998713,-117.4625277
34.074329,-117.477198
34.0775321,-117.4580772
34.0775238,-117.46681
34.0426941,-117.4982032
34.0358513,-117.4928202
34.0421634,-117.4765838
34.0513558,-117.422521
34.0569856,-117.4695201
34.0460383,-117.453897
34.03936,-117.4508403
34.1651384,-117.425631
34.1440873,-117.3930954
34.1776714,-117.388419
34.1578471,-117.4093325
34.1434656,-117.4447932
34.1567387,-117.4310596
34.1102337,-117.4447262
34.1029542,-117.4469078
34.0957106,-117.4468885
34.1048589,-117.4303718
34.1030682,-117.4227318
34.0993753,-117.4357865
34.0848049,-117.4490622
34.0848452,-117.440068
34.0812616,-117.4269801
34.0885258,-117.4270031
34.0723283,-117.4447484
34.0726026,-117.4226926
34.0994731,-117.413994
34.0837315,-117.408112
34.1082848,-117.4050566
34.0975385,-117.4055522
34.125057,-117.3923323
34.1195504,-117.375879
34.1293952,-117.3778763
34.1104058,-117.3900615
34.103182,-117.3776534
34.0995052,-117.392199
34.0886285,-117.3921294
34.0813583,-117.392117
34.0730055,-117.396582
34.0887229,-117.3711097
34.0768408,-117.3768767
34.0814165,-117.3615997
34.0760667,-117.358974
34.0995419,-117.3703725
34.1284775,-117.3641065
34.1129684,-117.3642497
34.1242313,-117.3521023
34.1002728,-117.360507
34.0557926,-117.4033115
34.0437257,-117.3867642
34.0390952,-117.3604857
34.1657154,-117.347706
34.1410146,-117.3316062
34.1522231,-117.3418506
34.1272673,-117.3315695
34.1259545,-117.3182081
34.1114179,-117.3460627
34.1128414,-117.3322549
34.0941662,-117.3529046
34.0928564,-117.3410106
34.1014112,-117.3419718
34.2196215,-117.3854467
34.1718995,-117.2852183
34.1689704,-117.3017644
34.1770962,-117.3024683
34.1870244,-117.31834
34.1912719,-117.3523945
34.1965191,-117.3395821
34.1673556,-117.3292199
34.1566319,-117.3081225
34.1419842,-117.3082471
34.124489,-117.308567
34.1120542,-117.3081812
34.1001699,-117.3078718
34.0943238,-117.3192878
34.155868,-117.2757398
34.1605704,-117.2889805
34.1445247,-117.2817174
34.1397261,-117.2914063
34.1322964,-117.2908879
34.1250012,-117.2982891
34.125004,-117.2865029
34.116688,-117.2960942
34.1185714,-117.2842446
34.1006349,-117.2926005
34.1092386,-117.2844304
34.156016,-117.2622698
34.1560621,-117.2508689
34.1426733,-117.2668225
34.145671,-117.2514317
34.1392052,-117.2535715
34.1303052,-117.2682465
34.1248101,-117.2606784
34.1286599,-117.2484059
34.1157719,-117.2698942
34.1157592,-117.2523402
34.1002292,-117.2713393
34.1074524,-117.2590878
34.0729192,-117.3378085
34.0821143,-117.3367459
34.0900468,-117.3337913
34.0833052,-117.3219389
34.0782872,-117.3100391
34.0718278,-117.3146188
34.0289616,-117.3029787
34.0309296,-117.2876608
34.0256933,-117.3235855
34.0385957,-117.3231362
34.059419,-117.30615
34.0568668,-117.288612
34.0390446,-117.3106385
34.0478233,-117.3011532
34.0684645,-117.2511419
34.0782038,-117.2648615
34.0556846,-117.2682416
34.0583655,-117.2531226
34.0549663,-117.2379965
34.0237434,-117.2235216
34.0392373,-117.2597818
34.1425429,-117.2054264
34.1322117,-117.2349556
34.124938,-117.2349387
34.1248923,-117.2108858
34.1321599,-117.2108868
34.1557646,-117.2351871
34.142551,-117.2350746
34.1151433,-117.2199116
34.1064459,-117.197144
34.118524,-117.2367327
34.1120694,-117.23417
34.0734032,-117.2191795
34.1157924,-117.1817526
34.1022739,-117.1522178
34.1283025,-117.1846808
34.1287592,-117.1504949
34.081199,-117.1893524
34.0700618,-117.1781209
34.0642016,-117.1891623
34.0555602,-117.1894607
34.0509173,-117.1807339
34.0442684,-117.1762099
34.0421857,-117.2026147
34.0296989,-117.1899517
34.0628647,-117.147643
34.0479661,-117.1538908
34.0591972,-117.1651325
34.0702751,-117.1662286
34.0790738,-117.1525095
34.0336601,-117.1610389
34.0149343,-117.1307107
34.0607814,-117.1306474
34.070874,-117.0889857
34.0278345,-117.0935604
34.0150028,-117.0304418
34.0121649,-117.0472277
34.0257126,-117.0491081
34.0410432,-116.9623071
34.0258614,-117.0106293
34.0221325,-117.0744829
34.0156541,-117.0618561
34.0435497,-117.0900072
34.0433312,-117.047022
34.033952,-117.0368248
35.5387479,-117.3220048
34.4143079,-117.5382646
34.4240676,-117.4554664
34.4661355,-117.62011
34.4027575,-117.6297819
34.4848042,-117.5382975
34.4520113,-117.5382885
34.514002,-117.4082124
34.5131471,-117.425229
34.5456915,-117.3639761
34.5199399,-117.3573351
34.5176229,-117.3818852
34.5416538,-117.4159854
34.5237243,-117.4267276
34.5916168,-117.4166619
34.5703026,-117.4091357
34.5545151,-117.5143528
34.630638,-117.5205628
34.4742652,-117.4353371
34.4957861,-117.4429286
34.4807029,-117.3897425
34.497823,-117.3741466
34.4958674,-117.3906908
34.3550726,-117.6226567
34.2662961,-117.5405795
34.9077517,-117.0327825
34.8973703,-117.0457963
34.8912837,-117.0096202
34.8901434,-117.0371355
34.4035955,-117.1389945
34.4570452,-117.1945742
34.4848736,-117.1641151
34.5287444,-117.1729656
34.5311782,-117.2006679
34.519993,-117.2616723
34.4517457,-117.240767
34.4443613,-117.2222066
34.4784196,-117.2037853
34.4878822,-117.197475
34.5307267,-117.2473358
34.5102582,-117.2222392
34.493125,-117.2247154
34.4815317,-117.2345262
34.5447144,-117.2304917
34.5369451,-117.2168232
34.535916,-117.3009281
34.4768743,-117.3728997
34.478278,-117.356568
34.4902655,-117.3407034
34.4940958,-117.3581281
34.5067523,-117.3135253
34.5147771,-117.287959
34.5079183,-117.3350145
34.5534446,-117.3149808
34.5359455,-117.3255347
34.5154459,-117.3391379
34.5250009,-117.3320772
34.4488261,-117.3822355
34.4570326,-117.3367099
34.4610778,-117.2985044
34.4538885,-117.268212
34.4359597,-117.3059014
34.4374608,-117.3254425
34.4348092,-117.3552414
34.4044658,-117.3172318
34.4026561,-117.272407
34.4030828,-117.2524716
34.3822836,-117.3347178
34.336794,-117.3111382
34.4867942,-117.2729534
34.4300063,-117.27982
34.4254028,-117.2498345
34.4129132,-117.3369998
34.4146348,-117.353108
34.3999479,-117.2983169
34.4164792,-117.2931764
34.3743695,-117.4075488
34.4779342,-117.3211596
34.4863122,-117.3268627
34.4878791,-117.2920124
34.4781048,-117.303666
34.4829955,-117.2598774
34.4968183,-117.267587
34.4006469,-117.3623881
34.3997193,-117.3871379
35.1478612,-115.8783789
34.4592614,-116.1380779
34.1997526,-116.3830577
34.0777452,-116.4710612
34.1516786,-116.08907
34.0582671,-116.5601965
34.1084263,-116.3113492
34.1711569,-116.2970601
34.1916561,-116.063967
34.3821828,-116.6220325
34.1762433,-115.25038
34.148604,-116.0017268
34.121929,-116.4465137
34.1547747,-116.4297791
34.1100768,-116.3865683
34.0953018,-116.4040632
34.2070242,-116.18473
34.0802795,-116.20558
34.1429013,-116.0542212
34.1237036,-116.0527342
34.2516838,-116.4293448
34.3287866,-116.4246234
34.8240671,-114.6750276
34.2344335,-117.2680269
34.2536638,-117.279282
34.2700821,-117.3520808
34.2587545,-117.3129594
34.2632292,-117.2094243
34.2581084,-117.2291158
34.3212918,-117.1825896
34.2571798,-117.168112
34.1977455,-117.2141269
34.2407445,-117.1996441
34.2336803,-117.2345653
34.1730842,-117.1403551
34.2553357,-117.0878551
34.2507603,-116.8822975
34.2351291,-116.862027
34.2412057,-116.9082131
34.241064,-116.9457564
34.3023474,-116.949733
34.2725022,-116.7541149
34.24691,-116.8516241
34.2648676,-116.8488425
34.25274,-116.8289796
34.2361726,-116.8230112
34.1438202,-116.8683764
34.7506039,-117.3373732
35.0494454,-117.2941317
34.7138452,-117.2159049
34.8328331,-117.0841254
34.8349834,-117.1482404
34.9440423,-117.0754815
34.8711512,-117.0147806
34.8750136,-116.9691248
34.5925409,-117.2235881
34.403245,-116.9358916
34.5785549,-117.0798418
34.6614867,-116.9072949
33.992355,-117.6674901
33.9787678,-117.6700292
34.1394113,-117.2196639
34.0757233,-117.2904529
34.0588015,-117.3237245
34.0490495,-117.5557698
35.46344,-116.614245
34.5022634,-114.8402004
34.1887788,-114.3064842
34.0978708,-117.239776
34.5899226,-117.3731621
32.7529852,-117.1858795
32.7540028,-117.1733775
32.7453947,-117.1751539
32.7453524,-117.1653987
32.7443221,-117.1598012
32.7533382,-117.1630702
32.7605138,-117.1519499
32.7529575,-117.1518411
32.7447605,-117.1513507
32.744784,-117.142027
32.7518587,-117.1400445
32.7518453,-117.1444293
32.7602503,-117.1417054
32.7652836,-117.1335163
32.7579893,-117.1286986
32.758151,-117.1345126
32.7518842,-117.1289229
32.7518762,-117.1344805
32.74474,-117.1330809
32.7437315,-117.1233878
32.7521608,-117.121322
32.7582434,-117.1207284
32.7624395,-117.1137191
32.7631982,-117.1221303
32.7697884,-117.1197707
32.7699088,-117.104336
32.7645657,-117.0929102
32.7586876,-117.1084657
32.7524807,-117.1124957
32.7523973,-117.1051018
32.7573492,-117.0947635
32.7525425,-117.0963988
32.7470748,-117.1152037
32.746819,-117.1052234
32.7400397,-117.1096437
32.7281529,-117.1080467
32.7449119,-117.0966252
32.7357595,-117.097275
32.7542099,-117.0728017
32.7451544,-117.0658539
32.7338692,-117.0835759
32.7529867,-117.0895143
32.7531727,-117.0830585
32.7439931,-117.0896386
32.7439483,-117.0844893
32.7392559,-117.0716411
32.7297628,-117.0732171
32.7755049,-117.0837585
32.7638395,-117.0835975
32.7647343,-117.0739033
32.7604865,-117.0590339
32.7498572,-117.0553352
32.7715643,-117.0626516
32.7711434,-117.0496451
32.7174952,-117.0753791
32.7250633,-117.0575504
32.7130441,-117.0611857
32.6994123,-117.0801318
32.7070141,-117.0441008
32.710698,-117.0295699
32.7062651,-117.0230028
32.7074405,-117.0155785
32.6918462,-117.0556189
32.6960753,-117.0733528
32.7058946,-117.0628721
32.6961875,-117.0644788
32.6998003,-117.045003
32.6955808,-117.0379718
32.6836181,-117.0608884
32.6720618,-117.0643798
32.6568386,-117.0579765
32.6716968,-117.0309545
32.6786839,-117.0452404
32.6835968,-117.0387603
32.6775705,-117.0547677
32.6696658,-117.0538249
32.688526,-117.0307834
32.6945179,-117.020195
32.7027511,-117.1018933
32.6927627,-117.0986384
32.7067337,-117.0903055
32.6978493,-117.0900849
32.7250255,-117.0950446
32.7136581,-117.1085904
32.7139897,-117.0939554
32.7060389,-117.1145661
32.6985999,-117.113535
32.6909969,-117.116542
32.6929463,-117.1073974
32.6866567,-117.1075926
32.6807857,-117.125661
32.7035578,-117.1267807
32.696749,-117.1263197
32.708778,-117.127113
32.7152107,-117.1262765
32.713716,-117.1381056
32.7293502,-117.1194471
32.7353586,-117.1293851
32.724322,-117.1296412
32.717631,-117.1381733
32.7151763,-117.1448989
32.7083898,-117.14508
32.7084535,-117.1381422
32.7017785,-117.1386657
32.6925295,-117.1440193
32.7089039,-117.1498194
32.709045,-117.154004
32.6978029,-117.1559017
32.7154834,-117.1506961
32.7156318,-117.1551725
32.715696,-117.158805
32.7156722,-117.1637863
32.7087944,-117.1583407
32.7150401,-117.1708804
32.7085418,-117.163859
32.7241331,-117.1468039
32.7214504,-117.1629514
32.7307683,-117.1465365
32.7252925,-117.1625726
32.7261294,-117.1689043
32.7240567,-117.1717549
32.7293439,-117.1642626
32.7360508,-117.164543
32.7364188,-117.1737119
32.7318243,-117.1920307
32.740472,-117.197199
32.7521788,-117.2007826
32.745617,-117.2061685
32.7547547,-117.2292638
32.7501624,-117.2185931
32.7430457,-117.221947
32.732371,-117.2356355
32.717207,-117.2390182
32.7215901,-117.2533174
32.7357705,-117.2446667
32.7380385,-117.252242
32.7427262,-117.2532896
32.7473561,-117.2314742
32.7436679,-117.2377585
32.7519747,-117.2431575
32.747805,-117.2489105
32.7727787,-117.2172697
32.7665864,-117.2501116
32.7883849,-117.2400754
32.7899,-117.2350654
32.8037836,-117.2244914
32.7996991,-117.2526157
32.7965191,-117.2417581
32.7981576,-117.2344938
32.7943988,-117.2539835
32.8028078,-117.236271
32.802253,-117.2428699
32.8083069,-117.2422493
32.8047666,-117.2546785
32.8086093,-117.2628601
32.8329093,-117.2778263
32.8191521,-117.273466
32.8440338,-117.2730627
32.8463177,-117.2765927
32.8161877,-117.2324544
32.840773,-117.2571775
32.8797676,-117.231815
32.8472292,-117.2264968
32.8522157,-117.2118141
32.8253136,-117.2458483
32.8253212,-117.2633257
32.9057435,-117.252772
32.8551862,-117.2409435
32.9516034,-117.2502783
32.9682257,-117.2421215
32.9682233,-117.2061478
32.9512327,-117.2211586
32.9426037,-117.2241058
32.9678415,-117.1331584
32.9583797,-117.1358284
32.9030498,-117.2324729
32.8626551,-117.2175882
32.8583725,-117.1962568
32.8501751,-117.1915848
32.9125345,-117.1878012
32.9234425,-117.1578601
32.9147375,-117.1629598
32.9166879,-117.1487913
32.8914562,-117.1716869
32.9071751,-117.1501108
32.9272107,-117.1381437
32.9328144,-117.133675
32.9217551,-117.1266053
32.9209153,-117.1397621
32.9164937,-117.1353259
32.9099606,-117.1335089
32.9102966,-117.1205023
32.8998834,-117.1295174
32.8680175,-117.2341699
32.8589288,-117.2334341
32.8654714,-117.2229253
32.8599378,-117.2274155
32.9411206,-117.1442816
32.9504231,-117.1549557
32.9674554,-117.1552936
32.9692378,-117.1416539
32.9495005,-117.2310555
32.9408405,-117.2351196
32.9138604,-117.2230757
32.9263898,-117.1946621
32.9286051,-117.2301246
32.9310677,-117.213149
32.8658678,-117.20096
32.8699148,-117.2056306
32.8698489,-117.2243086
32.8745994,-117.2161852
32.8692851,-117.2161322
32.9341462,-117.1180084
32.9283981,-117.1225673
32.8318579,-117.2237844
32.8373462,-117.2067777
32.8176159,-117.2136663
32.8226369,-117.195777
32.8403003,-117.1850064
32.8302338,-117.1867776
32.8262504,-117.1737801
32.8149642,-117.171816
32.8083015,-117.1629348
32.8259845,-117.141589
32.8093223,-117.1881489
32.8034143,-117.1810994
32.7908268,-117.1779397
32.7979879,-117.1639702
32.788404,-117.1558899
32.7824563,-117.1653561
32.7726385,-117.172759
32.7638332,-117.1785432
32.7782874,-117.1788276
32.8002635,-117.2039447
32.80353,-117.1955336
32.7878125,-117.1957245
32.7799093,-117.1959447
32.7677269,-117.1885238
32.7707029,-117.202338
32.7724256,-117.1908305
32.8014697,-117.1462997
32.7810699,-117.1476855
32.7897799,-117.1395049
32.8015574,-117.1342573
32.7910178,-117.1279161
32.7997469,-117.1197439
32.7743909,-117.1351253
32.7728901,-117.1512546
32.8653405,-117.1173286
32.8335046,-117.1102351
32.9019274,-117.0284232
32.8437051,-117.0656323
32.8247352,-117.0924729
32.8174841,-117.075273
32.8056457,-117.0965022
32.8171382,-117.109103
32.8035147,-117.1084004
32.7987225,-117.0846348
32.7846744,-117.1060347
32.7867228,-117.091731
32.7956719,-117.0736104
32.8068414,-117.0606979
32.7850586,-117.0733912
32.7864962,-117.0489529
32.7984504,-117.0307351
32.7968315,-117.0141373
32.8086291,-117.0132342
32.8156127,-117.0343361
32.6853619,-117.2455744
32.7078737,-117.1701579
32.5868141,-117.0554425
32.5788402,-117.0440687
32.5709253,-117.0522684
32.5641852,-117.0496292
32.5473763,-117.0528794
32.5783698,-117.0636964
32.5795147,-117.0547796
32.5607766,-117.0585027
32.5555376,-117.0474702
32.5601479,-116.9530262
32.5796769,-116.9587972
32.5746931,-117.0293457
32.5775258,-117.0139541
32.5833052,-117.014373
32.5996071,-117.0958443
32.5673173,-117.097017
32.5718118,-117.0723454
32.58375,-117.0787464
32.5498297,-117.0906305
32.5703465,-117.0885752
32.5642007,-117.0662929
32.5688881,-117.0803945
32.5653537,-117.1145672
32.580152,-117.1240184
32.575638,-117.1144635
32.5793992,-117.1072099
32.5727786,-117.1057141
32.5854741,-117.1255467
32.5860192,-117.1129158
32.6235959,-117.1291773
32.6906311,-117.182643
32.6854273,-117.1703734
32.694483,-117.1685108
32.6983939,-117.1778071
32.6987955,-117.2091097
32.6663314,-117.0964015
32.6599903,-117.0941732
32.6738101,-117.0970458
32.6804224,-117.1041616
32.6841079,-117.0963553
32.6883851,-117.0814465
32.6817819,-117.0792343
32.6800662,-117.074495
32.6651033,-117.0878572
32.6703515,-117.0785895
32.6639283,-117.0738537
32.6407694,-117.080367
32.6514389,-117.072425
32.6439924,-117.0701189
32.650792,-117.0929625
32.6430592,-117.0878962
32.6335939,-117.0936978
32.6421041,-117.1094056
32.6200568,-117.1033773
32.6340734,-117.0851714
32.6358462,-117.0709931
32.6274203,-117.0676039
32.6248441,-117.0798163
32.6166605,-117.0657271
32.6082077,-117.0914612
32.6131276,-117.0779491
32.6067804,-117.0642137
32.5982825,-117.0637049
32.5966578,-117.0802103
32.5991877,-117.0722502
32.6238429,-117.051184
32.6155222,-117.0486683
32.6077635,-117.0502304
32.6037558,-117.0401186
32.5988025,-117.0502967
32.5917577,-117.0490659
32.6184034,-117.0338466
32.6009306,-117.0327348
32.644857,-116.9593195
32.6353161,-116.9622981
32.6028981,-116.994166
32.6244456,-116.9775842
32.6150191,-116.9559929
32.6248274,-116.9358081
32.6233337,-116.9552849
32.6290684,-116.9971931
32.637252,-116.9791474
32.6292227,-116.9845652
32.6238209,-116.9944877
32.6140163,-117.0158097
32.620179,-117.0177977
32.6352829,-117.0563851
32.6332543,-117.0361626
32.660224,-117.0130133
32.6499089,-117.0387524
32.6311503,-117.0127578
32.6383744,-116.9983443
32.6481408,-116.9934935
32.65904,-116.9844864
32.6499238,-116.977811
32.6400018,-117.021231
32.6453675,-117.0210109
32.6733411,-117.0007565
32.6850184,-116.9698595
32.6551123,-116.962952
32.6518972,-116.9424204
32.7392499,-116.9812065
32.7250358,-116.9790904
32.7373225,-116.964235
32.7286748,-116.9525333
32.7537922,-116.9758102
32.7537863,-116.9177769
32.758975,-116.9481395
32.7458841,-116.9483087
32.7500656,-116.9335308
32.7561468,-116.9918436
32.740592,-116.9969526
32.7481001,-117.0086232
32.7345888,-117.010411
32.7017506,-116.996053
32.7222294,-116.9900857
32.726874,-117.0071411
32.720248,-117.0027481
32.7112095,-117.0050566
32.7116033,-116.9898498
32.7369473,-117.0236856
32.7249378,-117.0195316
32.72431,-117.0326628
32.7163432,-117.0381875
32.7272512,-117.0432243
32.7375847,-117.0418317
32.7435166,-117.0341644
32.7495164,-117.0438659
32.7606911,-117.0300533
32.7533388,-117.0247841
32.7643296,-117.0376533
32.7598645,-117.0458989
32.7788896,-117.0229298
32.7864346,-117.0310998
32.7765372,-117.0386029
32.7713214,-117.0352723
32.7620185,-117.0103064
32.7707411,-117.0118509
32.7871558,-117.0118567
32.7806857,-117.0066178
32.788058,-116.9938946
32.7692594,-116.9894028
32.7840225,-116.9579853
32.7743451,-116.9700128
32.7707042,-116.9501574
32.7752264,-116.9179144
32.7723038,-116.8984175
32.7839546,-116.9482329
32.7791334,-116.9354238
32.8178125,-116.863336
32.8014334,-116.8357537
32.7921847,-116.9264026
32.794632,-116.9069289
32.7977009,-116.9420918
32.7909112,-116.9381289
32.7912934,-116.9509361
32.791291,-116.9463957
32.79689,-116.9593243
32.7912947,-116.9599184
32.7904464,-116.9691572
32.7840087,-116.9696965
32.788626,-116.9805432
32.7998741,-116.9899671
32.8138119,-116.9919072
32.8149599,-116.9711545
32.8030908,-116.9564865
32.8039448,-116.9433532
32.8141903,-116.9270205
32.809448,-116.9080679
32.8056211,-116.9288217
32.8145361,-116.9431653
32.8220879,-116.9554478
32.8134192,-116.9558816
32.841342,-117.0126279
32.8524426,-116.9613512
32.8685872,-116.9617915
32.8753135,-116.978192
32.8584892,-116.9800224
32.8456215,-117.0043675
32.8465152,-116.9900899
32.8462115,-116.9780656
32.8315365,-116.9929402
32.8351887,-116.9721871
32.8338089,-117.028304
32.8265799,-117.011746
32.8559001,-117.000469
32.872302,-116.9941687
32.8478154,-116.9483748
32.8318746,-116.9492171
32.8513885,-116.9321095
32.8387275,-116.9369684
32.8654251,-116.9141797
32.82831,-116.92865
32.8364005,-116.919712
32.8294349,-116.8942627
32.8479042,-116.9106547
32.8465129,-116.8973197
32.8728267,-116.8357461
32.8603845,-116.8671781
32.901604,-116.9470702
32.9312875,-116.8539095
33.0121262,-117.0488065
32.9677095,-117.0283696
32.9600141,-116.9909736
33.0159951,-117.0682214
32.9614752,-117.1018998
33.0419435,-117.0109424
33.0017151,-116.9906297
32.9046416,-117.1049363
33.0281424,-117.0847186
32.9800871,-117.1152228
32.9901249,-117.0909022
32.9749586,-117.0988796
32.9598083,-117.122536
32.9493739,-117.1190339
32.9525167,-117.0873619
32.9677362,-117.0571307
32.9657965,-117.0440195
32.9281897,-117.1058194
32.9282431,-117.0821495
32.9301307,-117.0679405
32.9193532,-117.0955323
32.9144776,-117.0766723
32.9466011,-117.0535531
32.9423168,-117.0301698
32.9618675,-117.0776898
33.0037084,-117.0665065
33.0009657,-117.0749912
33.0012074,-117.0315378
32.9895326,-117.045904
32.9794748,-117.072852
32.9800515,-117.0829692
33.0306314,-117.0686679
33.0311115,-117.075587
33.0297828,-117.0548471
33.04749,-117.0492384
32.9987163,-117.1245578
32.9883523,-117.1773179
33.0391538,-117.0823363
33.0287236,-117.1125166
33.0127782,-117.1339964
33.0365882,-117.126654
32.9428067,-117.071951
32.9405256,-117.0940494
33.0055028,-117.0851944
33.0084433,-117.116997
33.012652,-117.0998653
33.0487896,-117.2397938
33.0198629,-117.2118801
33.0624939,-117.2516961
33.0526994,-117.2532768
33.077936,-117.233336
33.0513838,-117.1739269
33.0753039,-117.1867393
33.0818066,-117.2107794
32.9579039,-117.2664207
32.9639446,-117.2598039
33.0016028,-117.2634539
33.0027873,-117.2420769
32.9890371,-117.2402703
32.9900018,-117.2679956
32.9865083,-117.2594187
33.0362413,-117.2529529
33.031519,-117.2723674
33.0234427,-117.2631194
33.0307167,-117.2832221
33.0157982,-117.2722333
33.0404438,-117.292061
33.0422422,-117.2770514
33.0821964,-117.2792132
33.0576712,-117.2904191
33.0613079,-117.275903
33.0510925,-117.264585
33.0772262,-117.3060916
33.0572295,-117.2996671
33.1735608,-117.3403004
33.1005787,-117.2889625
33.1575414,-117.3267034
33.1484786,-117.3205379
33.1143653,-117.3081459
33.1166075,-117.3234185
33.1656066,-117.3457885
33.1518043,-117.3399517
33.1547915,-117.3499851
33.1813377,-117.360749
33.1726793,-117.3606216
33.1879855,-117.3684992
33.1924051,-117.3729401
33.2022468,-117.3925275
33.1902158,-117.3791048
33.1990594,-117.3796249
33.1869869,-117.3390876
33.1995591,-117.3606744
33.2159072,-117.3364795
33.204411,-117.343109
33.2187437,-117.3278745
33.191971,-117.318827
33.2001357,-117.2981757
33.1879914,-117.3027414
33.1897674,-117.2916515
33.1943995,-117.2838078
33.2392234,-117.3005136
33.2378523,-117.3157508
33.2111997,-117.3072976
33.2245701,-117.3110959
33.2315279,-117.2973209
33.235853,-117.2858637
33.2266523,-117.3615455
33.2541915,-117.3215948
33.2501756,-117.3150563
33.256274,-117.2670638
33.237618,-117.3334798
33.2066111,-117.3755731
33.215899,-117.3543556
33.263126,-117.3036078
33.2528206,-117.3062652
33.2819738,-117.2644052
33.2593046,-117.2943446
33.2260756,-117.3341307
33.2331652,-117.3306187
33.3802371,-117.3901006
33.3417917,-117.234964
33.2857623,-117.1904461
33.3257262,-117.2193797
33.3454799,-117.1787965
33.3971255,-117.2419668
33.3812714,-117.2415212
33.3720349,-117.2432655
33.3618252,-117.2431975
33.443162,-117.3143111
33.3908784,-117.1450848
33.2721323,-117.0811017
33.2305021,-117.0966995
33.2114573,-116.9120513
33.3428917,-116.9835674
33.3316148,-117.0666846
33.2728156,-116.9824003
33.2189272,-116.9994302
33.2377271,-117.2360535
33.2241243,-117.2353782
33.215823,-117.2372592
33.2202111,-117.1669512
33.2349615,-117.2024693
33.221772,-117.2190949
33.2299357,-117.2750753
33.2415689,-117.2567952
33.2161816,-117.2815161
33.2196616,-117.2712503
33.210746,-117.2669438
33.21679,-117.251038
33.1965648,-117.2759939
33.1994127,-117.2642201
33.2084723,-117.249596
33.2077639,-117.240675
33.1996082,-117.2444184
33.2069218,-117.224192
33.195293,-117.2174758
33.186867,-117.2637885
33.1869406,-117.2418218
33.1753289,-117.3081968
33.163745,-117.3117343
33.180292,-117.2865422
33.1622282,-117.2623029
33.175429,-117.2666505
33.1653815,-117.2814268
33.1386145,-117.2514135
33.1732234,-117.2166255
33.1781569,-117.1972425
33.1719287,-117.2369047
33.1575865,-117.2317328
33.091405,-117.2387858
33.1484964,-117.222758
33.1319719,-117.2176253
33.1511693,-117.1773755
33.1460483,-117.1468092
33.1471368,-117.1247249
33.1395167,-117.1298501
33.1292602,-117.1882353
33.1418052,-117.1700975
33.1392223,-117.1894649
33.1151161,-117.2578699
33.1203127,-117.2373317
33.0909539,-117.2637718
33.101082,-117.2486143
33.0712908,-117.2532061
33.0807361,-117.2525982
33.1569648,-117.2012263
33.147326,-117.2081652
33.1667746,-117.1733576
33.1620265,-117.1899633
33.1639595,-117.1525765
33.153187,-117.154884
33.1130656,-117.213287
33.1039144,-117.1859805
33.1170652,-117.1808072
33.1597248,-117.0972461
33.1501423,-117.0867344
33.15357,-117.0765844
33.1371192,-117.0867396
33.1446732,-117.069259
33.1900717,-117.0398385
33.1889636,-117.1008128
33.131406,-117.0724073
33.141444,-117.0593048
33.1334579,-117.0539736
33.1461195,-117.0530787
33.138326,-117.0476028
33.1455819,-117.0410689
33.1335058,-117.064014
33.1313346,-117.0781738
33.1270113,-117.0844242
33.174934,-117.1309202
33.1506007,-117.108959
33.1373657,-117.0979771
33.1355577,-117.108982
33.1274233,-117.1531487
33.1050131,-117.1469842
33.0808841,-117.1352842
33.1179717,-117.1118508
33.0708602,-117.096835
33.096997,-117.0804431
33.097066,-117.1011926
33.0829737,-117.0871247
33.1115032,-117.0899733
33.1142976,-117.0779506
33.1189542,-117.068116
33.1162454,-117.054913
33.0998057,-117.0388233
33.1059882,-117.0693151
33.0903964,-117.0674367
33.0785891,-117.0160101
33.1316014,-116.9769367
33.1339832,-117.0284281
33.0051954,-116.9384176
33.0328513,-116.8936084
33.0384823,-116.8766159
33.0724103,-116.8231799
33.0348018,-116.7876255
33.0026703,-116.7739397
33.0592874,-116.8598141
33.0300333,-116.8487815
32.9425014,-116.6067743
33.2564808,-116.6970824
33.0526794,-116.6289158
32.9674126,-116.2802017
33.3725318,-116.3550545
32.6770025,-116.5411958
32.7398041,-116.3278053
32.8239543,-116.6500659
32.8079329,-116.7640796
32.8257265,-116.7811392
32.8633022,-116.7519653
32.6637755,-116.781851
32.6847916,-116.8687112
32.7482619,-116.8783114
32.698874,-116.9282753
32.7335567,-117.2165766
32.7270563,-117.228922
32.9537146,-117.2069485
32.950734,-117.1857183
32.6560968,-117.1506925
32.6868554,-117.1845825
32.6650174,-117.1159847
32.6795484,-117.0869279
33.1364305,-117.3025918
33.1138373,-117.2816125
32.9299446,-117.3297545
37.8083492,-122.4093204
37.80469,-122.4139437
37.8013029,-122.4212147
37.8106454,-122.4245951
37.80162,-122.415681
37.8027796,-122.410688
37.8018998,-122.4052575
37.8026835,-122.39905
37.7993784,-122.4063879
37.7974989,-122.4092568
37.7996811,-122.4109547
37.7964984,-122.4142913
37.7982726,-122.4188607
37.7978102,-122.4221947
37.7934678,-122.4196321
37.7952617,-122.4199592
37.7916822,-122.4192656
37.7898365,-122.4189044
37.7929713,-122.4127333
37.7946971,-122.4093492
37.7904975,-122.403475
37.7933506,-122.4061645
37.7904728,-122.4139142
37.7909959,-122.4098067
37.7884288,-122.4186288
37.7874957,-122.4184249
37.7888066,-122.4118881
37.785427,-122.4196803
37.7857412,-122.4171743
37.7859515,-122.4155341
37.7859203,-122.410746
37.7870222,-122.412097
37.7829458,-122.4166093
37.7831562,-122.4149685
37.7795195,-122.417462
37.783094,-122.4192115
37.783933,-122.4125954
37.7834657,-122.4105086
37.7811411,-122.4129545
37.8022683,-122.4391509
37.8062885,-122.4348613
37.8049771,-122.4447185
37.7974428,-122.4438958
37.7983583,-122.4385354
37.8019597,-122.427249
37.8006183,-122.4321105
37.7976627,-122.4272277
37.7968323,-122.4337546
37.7937795,-122.4247496
37.79262,-122.4274313
37.7936676,-122.4387455
37.7887307,-122.4524293
37.790159,-122.4383313
37.7895361,-122.4432888
37.7908976,-122.4325551
37.7874563,-122.4234259
37.7883324,-122.4269759
37.7877048,-122.4319111
37.7867618,-122.4393346
37.7833424,-122.4507276
37.7855854,-122.4514018
37.7850941,-122.4341319
37.7782473,-122.4564269
37.7784855,-122.4507192
37.7794926,-122.4443716
37.7813045,-122.4373585
37.778079,-122.4385024
37.7833409,-122.4293428
37.7823391,-122.4224915
37.7795615,-122.4319544
37.7801932,-122.4270222
37.7771541,-122.4228807
37.7760456,-122.4295509
37.7750995,-122.436973
37.7741957,-122.4477882
37.7708668,-122.4449409
37.7699467,-122.4511458
37.7703481,-122.4377358
37.7713309,-122.4290133
37.7735446,-122.4249292
37.7671003,-122.432467
37.7648873,-122.4394974
37.7657245,-122.4460838
37.7654353,-122.4504754
37.7821241,-122.4070181
37.7763092,-122.4143407
37.7798582,-122.4117434
37.768044,-122.4124918
37.7820284,-122.4011589
37.773426,-122.4120419
37.7776291,-122.4067243
37.8194586,-122.3704229
37.7753353,-122.4022844
37.7702373,-122.4201473
37.7650522,-122.419688
37.7647879,-122.4240946
37.7687818,-122.4242369
37.7649354,-122.4294366
37.7595115,-122.4434831
37.7528393,-122.4444126
37.7591282,-122.4370296
37.7609052,-122.4300824
37.7578121,-122.4306825
37.7575672,-122.4233994
37.7615686,-122.4237834
37.7578341,-122.418996
37.7618332,-122.4193778
37.7518211,-122.4184134
37.7515888,-122.4228445
37.7539709,-122.4298155
37.7531762,-122.4381261
37.7492624,-122.4384746
37.7495712,-122.4293939
37.744964,-122.4269056
37.745496,-122.4381399
37.7402533,-122.4392771
37.7379203,-122.4291348
37.7601234,-122.3852679
37.7626143,-122.3955143
37.7609519,-122.4019893
37.7607269,-122.4125113
37.7589131,-122.4062337
37.7558368,-122.4120842
37.751201,-122.4139445
37.751344,-122.4103787
37.7517619,-122.4062182
37.7351925,-122.4017617
37.7326749,-122.3958349
37.7345195,-122.3845849
37.7326764,-122.3732109
37.7277635,-122.3861501
37.7254423,-122.3977657
37.7215886,-122.3900583
37.7439404,-122.4076933
37.7437123,-122.4142166
37.7438747,-122.4202434
37.7396295,-122.4224695
37.7368768,-122.4127788
37.7337691,-122.4206236
37.7256849,-122.4411925
37.7304262,-122.4333557
37.7287884,-122.4223771
37.7315824,-122.4119407
37.7281305,-122.4057589
37.7214949,-122.4018971
37.7234533,-122.4105033
37.7235502,-122.4322434
37.7261195,-122.4262822
37.7195817,-122.4287703
37.7178918,-122.4357033
37.7196238,-122.44316
37.7096856,-122.4582522
37.7134049,-122.4483179
37.7138687,-122.4395362
37.7116465,-122.4308192
37.7096833,-122.4432903
37.7135251,-122.4112834
37.7164934,-122.4034909
37.7112292,-122.4068948
37.7096685,-122.4152901
37.7642568,-122.4597429
37.7586056,-122.4578068
37.7628136,-122.473784
37.7630946,-122.4673205
37.7569391,-122.4692332
37.7519364,-122.4716313
37.7469525,-122.4675254
37.7523832,-122.4517871
37.7437535,-122.4571389
37.7372232,-122.4503095
37.739192,-122.467864
37.7282698,-122.4683645
37.7286248,-122.4571615
37.7296129,-122.4462246
37.7217838,-122.4573318
37.7193286,-122.4523956
37.7193281,-122.4678661
37.7133925,-122.4671072
37.7128911,-122.4571078
37.7160857,-122.4571712
37.7624894,-122.4807987
37.7588987,-122.4825797
37.7601691,-122.4911696
37.746019,-122.4804356
37.7530955,-122.4812305
37.746154,-122.4901873
37.7526804,-122.4906464
37.740465,-122.490765
37.7381305,-122.4812569
37.7322046,-122.4871887
37.7263801,-122.4798147
37.7159219,-122.4782648
37.7196514,-122.4803901
37.7616792,-122.4993329
37.754778,-122.4990243
37.7566323,-122.5104356
37.7613995,-122.5061469
37.7425282,-122.4978589
37.7421123,-122.5072288
37.7851587,-122.461815
37.7843303,-122.4683869
37.7831223,-122.481191
37.7833847,-122.4754789
37.7822707,-122.4881761
37.7880433,-122.4885865
37.7775849,-122.4613475
37.7770419,-122.4696013
37.7772373,-122.465624
37.7767733,-122.475544
37.7782559,-122.4840627
37.7744602,-122.4837889
37.7758427,-122.4921123
37.779204,-122.497393
37.7792384,-122.5041008
37.775421,-122.50374
37.7824917,-122.5098754
37.807347,-122.4749184
37.7227157,-122.4916361
37.7114639,-122.4204799
37.7743735,-122.3835948
37.768521,-122.3996878
37.7754833,-122.3951506
37.7132283,-122.3846994
37.7956249,-122.4033562
37.7954828,-122.4073658
37.7370495,-122.3901596
37.7537616,-122.3999432
37.7565832,-122.3947008
37.7878384,-122.4001079
37.7817147,-122.3929796
37.7857922,-122.3965353
37.7852562,-122.3924125
37.7891027,-122.3906438
37.7876594,-122.3910165
37.7907617,-122.3891967
37.7860679,-122.3863351
37.785046,-122.5019092
37.7684025,-122.4920873
37.7272391,-123.0322294
37.7162081,-122.4193463
37.7231655,-122.3685424
37.746286,-122.3894769
37.76216,-122.5518622
37.8046349,-122.3728662
37.9489795,-121.2820887
37.9559478,-121.2858947
37.9524848,-121.3008145
37.9613436,-121.3057992
37.9640353,-121.2901386
37.9626579,-121.2768173
37.9483606,-121.2729275
37.9431727,-121.2878729
37.946309,-121.3220332
37.9354631,-121.3094382
37.9579545,-121.3268261
37.9661183,-121.347405
37.9761614,-121.3288819
37.9675673,-121.3254307
37.9724931,-121.3089795
37.9747159,-121.2928911
37.9853105,-121.299006
37.9838842,-121.2810331
37.9799174,-121.2682854
37.9651247,-121.2685355
37.9774362,-121.2573976
37.9672954,-121.2542262
37.9516759,-121.2605535
37.9549691,-121.2449391
37.9376434,-121.2438691
37.9313083,-121.2686436
37.933307,-121.2572949
37.9292396,-121.278407
37.9288505,-121.2895764
37.9162214,-121.2839839
37.9206017,-121.302748
37.9244359,-121.3103842
37.9648258,-121.2359883
37.9618697,-121.2192849
37.9156574,-121.2537583
37.9995651,-121.3622008
38.0093048,-121.3621535
38.0093072,-121.3447868
38.0063695,-121.3236839
37.9941419,-121.3245319
37.9919111,-121.3395676
37.9823073,-121.3319619
37.9855938,-121.3159453
37.9757911,-121.3623551
37.9923798,-121.3528023
37.9872216,-121.3635219
38.0173661,-121.336835
38.024444,-121.3338763
38.0358618,-121.3284665
38.0330943,-121.3465815
38.0354834,-121.3533471
38.0403551,-121.3565447
38.0292819,-121.3852365
38.0244534,-121.3514914
38.0224563,-121.3549153
38.0380902,-121.3383629
38.0497939,-121.3360671
38.0019053,-121.3072652
38.0148793,-121.3066509
38.0131208,-121.31597
37.9905867,-121.308748
38.0245526,-121.3141008
38.0349259,-121.3162854
37.9956181,-121.3014747
37.9973818,-121.2956414
38.0361301,-121.3040245
38.0327016,-121.287041
38.0255204,-121.2861974
38.0247217,-121.3027511
38.0094599,-121.2957941
38.0025905,-121.2851821
38.0148327,-121.2878543
38.0449495,-121.2495327
38.0309143,-121.2356594
38.0302951,-121.2701021
38.0134594,-121.2634101
37.9949416,-121.2262076
38.0018136,-121.1809149
37.9350636,-121.1904318
37.8833641,-121.2703008
37.9103775,-121.309714
37.9041026,-121.3183032
37.9010078,-121.3096109
37.9031676,-121.2905871
37.9041177,-121.2995881
37.9269437,-121.4574107
38.1292231,-121.4444155
38.0503127,-121.3553812
38.0513839,-121.3911363
38.1305268,-121.3204172
38.1663993,-121.3290413
38.1241929,-121.3575793
38.0903749,-121.2463819
38.06464,-121.2913223
38.1475486,-121.2855053
38.1423605,-121.2785258
38.1348604,-121.2806599
38.1377093,-121.2929037
38.1377714,-121.3021167
38.1228276,-121.280177
38.1075416,-121.2979405
38.1084687,-121.2845146
38.1085229,-121.2760564
38.1226963,-121.292536
38.1227208,-121.3017171
38.1086487,-121.2580651
38.1229629,-121.268672
38.1263451,-121.2524203
38.1434699,-121.2583284
38.1343905,-121.2597113
38.1979608,-121.2713084
38.1618795,-121.1498366
38.228354,-121.0980636
38.128851,-121.0398726
37.9808644,-121.036745
37.7983952,-121.0067697
37.7945138,-120.9842883
37.8167093,-120.9513588
37.8337423,-121.0633993
37.7349872,-121.1203232
37.7850141,-121.1158332
37.728534,-121.1609082
37.7321434,-121.2429025
37.8041434,-121.2222157
37.79896,-121.2107036
37.844615,-121.297535
37.7868659,-121.2731729
37.8046476,-121.2437991
37.8054262,-121.2311339
37.8203252,-121.23025
37.8194378,-121.2217165
37.8340328,-121.2810722
37.8179589,-121.2887068
37.8194204,-121.2797491
37.8481254,-121.1751635
37.7934323,-121.228666
37.7885222,-121.2235218
37.8185883,-121.2386569
37.8443849,-121.2384878
37.7867101,-121.2433289
37.7809313,-121.2189583
37.7936449,-121.1846292
37.8132139,-121.1935863
37.7927606,-121.1963115
37.8118972,-121.2108409
37.7200119,-121.4337995
37.7426742,-121.4671708
37.7311668,-121.4654928
37.717253,-121.4942375
37.7707209,-121.3665109
37.7074613,-121.4114079
37.7178924,-121.4461174
37.7057883,-121.4432332
37.6987494,-121.4447796
37.7034025,-121.4255299
37.7168403,-121.4225506
37.7848955,-121.5500171
37.7755166,-121.5418682
37.7690603,-121.5273101
37.7496437,-121.4609623
37.7725168,-121.4578487
37.7468911,-121.4305154
37.7508836,-121.4445221
37.7436588,-121.4440465
37.7469984,-121.4211821
37.7589452,-121.4201943
37.758667,-121.4305292
37.7580096,-121.4431263
37.7328541,-121.4450287
37.7324326,-121.421163
37.7326916,-121.4305428
37.6257136,-121.4377862
37.7017335,-121.3122819
37.7490271,-121.3303091
35.6395512,-120.7903596
35.7322932,-120.9348401
35.6362169,-120.7208975
35.6268022,-120.6900587
35.6484899,-120.6938589
35.5983407,-120.6302235
35.6093657,-120.6717249
35.6209992,-120.6726406
35.6354772,-120.6707717
35.6533747,-120.6445153
35.5639468,-120.3006504
35.6228478,-120.5895083
35.736329,-120.4634502
35.5323359,-121.0767032
35.5748544,-121.0948278
35.4395808,-120.8898281
35.3913654,-120.8508591
35.3974718,-120.8633847
35.3555171,-120.8383191
35.3722416,-120.8299539
35.3290457,-120.834846
35.3185488,-120.8212247
35.3320895,-120.8635035
35.2929428,-120.6565892
35.3005169,-120.6605569
35.3140038,-120.6506319
35.2739523,-120.6236406
35.2838381,-120.6420944
35.2804271,-120.6622745
35.2563484,-120.66038
35.2668893,-120.6520819
35.2706134,-120.6621728
35.3016306,-120.6936762
35.2803425,-120.6813504
35.2643638,-120.6960711
35.3235663,-120.6973747
35.2456616,-120.6778625
35.2663053,-120.5614766
35.2163658,-120.750164
35.154625,-120.6699854
35.1348488,-120.6243101
35.1601907,-120.6487489
35.128866,-120.5705837
35.1083772,-120.5776121
35.1237746,-120.6002959
35.1132773,-120.5999979
35.1107258,-120.6121439
35.1224643,-120.6131026
35.1222342,-120.6245239
35.1074659,-120.6240989
35.1008214,-120.6005136
35.1210056,-120.3378789
35.0710152,-120.5519044
35.0138709,-120.5630558
35.0194456,-120.5127436
35.0371979,-120.5045934
35.0167341,-120.4788612
35.0441765,-120.4792384
35.493502,-120.6613921
35.4700965,-120.6449015
35.5125257,-120.6841095
35.468905,-120.6630718
35.4949371,-120.6894395
35.402236,-120.5959099
35.5061275,-120.7601739
35.5570015,-120.7339725
35.2185632,-119.9607245
35.5589818,-120.9891147
35.4995179,-120.5628476
35.1806355,-120.8332798
37.6877413,-122.4084093
37.7045748,-122.415878
37.7021433,-122.4318046
37.7054527,-122.4443647
37.7051376,-122.4529104
37.7001412,-122.4583264
37.6949354,-122.4558927
37.6975475,-122.4665757
37.7063622,-122.4625596
37.7033239,-122.4671356
37.6999363,-122.4806606
37.705618,-122.4922886
37.6727071,-122.4929607
37.692162,-122.4894101
37.6932893,-122.4784394
37.690259,-122.4664094
37.6858755,-122.4646175
37.6810989,-122.4788078
37.6750754,-122.4856364
37.6691797,-122.4783648
37.6782568,-122.4497356
37.6554243,-122.4609313
37.6695269,-122.469134
37.6569608,-122.4698327
37.6626736,-122.4560776
37.6552995,-122.4460522
37.6659681,-122.4343717
37.6604897,-122.4373082
37.6626495,-122.4197376
37.6713222,-122.4206062
37.6618014,-122.4064186
37.6572141,-122.4228916
37.6551094,-122.4115181
37.6516256,-122.3991322
37.6444886,-122.4357422
37.6399723,-122.4505916
37.6463794,-122.4568702
37.6460249,-122.4660787
37.6486213,-122.4752474
37.6593942,-122.4838467
37.6532841,-122.4918058
37.6364758,-122.4859426
37.6187443,-122.4730158
37.5908694,-122.5079606
37.5808809,-122.4857578
37.5945277,-122.4628764
37.6326394,-122.4484921
37.620041,-122.4282283
37.6190778,-122.4345807
37.614101,-122.4171185
37.62342,-122.4206865
37.6332687,-122.4257253
37.6186529,-122.4065562
37.6290085,-122.4138753
37.6273901,-122.4061479
37.6044311,-122.3887434
37.606214,-122.4100762
37.6002716,-122.4182149
37.5936829,-122.4066696
37.5995339,-122.3977958
37.5892853,-122.3981155
37.5814599,-122.3897966
37.5973795,-122.3682086
37.5833866,-122.3766437
37.5820081,-122.3620338
37.5910356,-122.3453899
37.5793766,-122.3506015
37.5751582,-122.3471428
37.564885,-122.3690847
37.5480176,-122.3482411
37.5680135,-122.345218
37.57385,-122.3366392
37.5702636,-122.330426
37.5810274,-122.3314611
37.5807361,-122.3144888
37.5750097,-122.3247999
37.5702163,-122.3191027
37.5653494,-122.3193395
37.561382,-122.3256207
37.5533155,-122.3309357
37.5528991,-122.3170375
37.5404786,-122.32346
37.5294842,-122.337771
37.5199653,-122.3457246
37.5247705,-122.3231914
37.5272105,-122.3046072
37.53317,-122.2974907
37.5342152,-122.3119515
37.5442997,-122.3122363
37.5467322,-122.2997355
37.5581261,-122.3066879
37.5711424,-122.3033906
37.5649305,-122.302688
37.5604085,-122.2954266
37.5615414,-122.2864296
37.55112,-122.2576522
37.5485489,-122.2676162
37.54088,-122.2619095
37.5411567,-122.2711431
37.5499373,-122.2783395
37.5686738,-122.2745605
37.562035,-122.2617686
37.5683879,-122.2596172
37.5590519,-122.24891
37.5436595,-122.2787295
37.5373868,-122.2888778
37.5317393,-122.2825699
37.5263341,-122.2736047
37.5208244,-122.2883185
37.5164993,-122.3109497
37.5039,-122.3034945
37.5133939,-122.2803174
37.5092723,-122.2562667
37.4991322,-122.2566652
37.5077834,-122.2658726
37.490783,-122.2518537
37.4946511,-122.2631297
37.5048267,-122.2774924
37.4953796,-122.2832578
37.488909,-122.2762011
37.481517,-122.2815962
37.4681137,-122.280853
37.4722049,-122.253046
37.4800834,-122.2479926
37.4844284,-122.2412155
37.4932339,-122.2387004
37.48478,-122.2138236
37.4894615,-122.2304251
37.4797864,-122.2233247
37.5289207,-122.2112234
37.54149,-122.2385413
37.534191,-122.2577671
37.48254,-122.1915154
37.4798388,-122.2044791
37.4714067,-122.2091124
37.4745729,-122.1975109
37.4699794,-122.2192352
37.4701804,-122.2260217
37.4788785,-122.2342081
37.474582,-122.2300774
37.4663591,-122.233641
37.4580008,-122.2524753
37.4564914,-122.2345971
37.451725,-122.2251406
37.4463,-122.2147667
37.4675561,-122.1850155
37.4748009,-122.1706968
37.4943019,-122.1502245
37.4772604,-122.1329779
37.4653691,-122.1352134
37.4674426,-122.1248062
37.4698593,-122.150592
37.4665634,-122.1427825
37.4605444,-122.1476465
37.4560668,-122.136319
37.4557091,-122.177839
37.4492142,-122.181719
37.4439637,-122.1886855
37.4364465,-122.1923294
37.4321826,-122.2034339
37.4229973,-122.2028024
37.3746166,-122.2171166
37.4406529,-122.2489961
37.4225313,-122.2858204
37.5392855,-122.4240902
37.5209859,-122.4708313
37.5411764,-122.5000467
37.4454799,-122.4377378
37.4437305,-122.3724159
37.2827241,-122.3443974
37.4623895,-122.161986
37.6276315,-122.4598112
37.6203823,-122.3769119
37.6266098,-122.5248394
34.446327,-119.7788151
34.4465042,-119.7525858
34.49858,-119.7772649
34.4341881,-119.7300809
34.4352997,-119.7418912
34.4261948,-119.7150662
34.4309086,-119.7222979
34.434415,-119.7101634
34.4674371,-119.7080007
34.4445465,-119.7291828
34.4371897,-119.6890139
34.4608114,-119.6644434
34.4273594,-119.6856662
34.4168501,-119.6773323
34.4232883,-119.6764178
34.4221917,-119.6971954
34.4153582,-119.701182
34.4210021,-119.7092125
34.4203889,-119.7211598
34.4161012,-119.712922
34.4075318,-119.714452
34.4083748,-119.6958761
34.39838,-119.710835
34.4141191,-119.7459652
34.4161782,-119.733007
34.4064082,-119.7269275
34.420412,-119.635808
34.4276484,-119.6398299
34.4583786,-119.6074543
34.4052646,-119.5173821
34.3968141,-119.5217962
34.3885354,-119.4904925
34.4401328,-119.5033056
34.7998268,-119.7847135
34.70434,-120.0260903
34.5499261,-120.0082874
34.603619,-120.0844236
34.6246014,-120.1375946
34.5997039,-120.133372
34.7435494,-120.1899733
34.6260842,-120.2035741
34.8571727,-120.406643
34.8725903,-120.3430118
34.8862216,-120.4252702
34.8722236,-120.4276543
34.8714836,-120.4100199
34.9053343,-120.4616815
34.8686385,-120.4436472
34.883598,-120.4779852
34.9147863,-120.4257622
34.9008787,-120.4278038
34.9494695,-120.4266147
34.9421111,-120.4267768
34.9307366,-120.4271002
34.9638747,-120.4280342
34.9567334,-120.4265923
34.97297,-120.4307367
34.9705531,-120.4186966
34.9569725,-120.3927552
34.9641603,-120.4445191
34.9568972,-120.444653
34.9700367,-120.467047
34.9804585,-120.4373445
34.9714638,-120.4489006
34.9714003,-120.4399983
34.9409427,-120.4448205
34.944588,-120.4448423
34.9478624,-120.4445246
34.9515107,-120.4449965
34.9287968,-120.478073
34.9460189,-120.4670809
34.906979,-120.5826984
34.9679986,-120.5809879
34.6429274,-120.4449545
34.65049,-120.4677497
34.6507195,-120.4487233
34.6350153,-120.4658965
34.6348033,-120.4486596
34.6431506,-120.4711334
34.6430814,-120.4623085
34.6651688,-120.4553875
34.6493499,-120.4812394
34.7188706,-120.4692705
34.6932983,-120.3378498
34.4474969,-119.8460001
34.4842671,-119.8505714
34.4364472,-119.8865161
34.4465685,-119.80683
34.44598,-119.823124
34.4128199,-119.8560137
34.4130776,-119.8606431
34.4804802,-120.0289161
34.4272508,-119.864694
34.4276003,-119.8941407
34.426865,-119.8794367
34.413091,-119.8661126
34.4131649,-119.8792866
34.431449,-119.819417
34.4329753,-119.801634
34.4366701,-119.7840864
34.4230589,-119.7755258
34.5571887,-120.3728585
34.427029,-119.840458
33.9511837,-120.0489534
34.646478,-120.5681172
34.4137728,-119.8462931
34.6773779,-120.4864559
34.8096374,-120.5553787
33.907571,-119.9592834
37.3584847,-121.8927601
37.3499085,-121.9021695
37.3395959,-121.9080736
37.3401522,-121.9220248
37.3299565,-121.9278951
37.3334224,-121.9145625
37.3306153,-121.8955567
37.3351801,-121.8840965
37.333015,-121.8796398
37.3416421,-121.8880715
37.3480957,-121.8919669
37.3540383,-121.8812234
37.3465601,-121.8787471
37.3387146,-121.8745424
37.3514873,-121.8697601
37.3453341,-121.8665169
37.3416169,-121.8583144
37.3374972,-121.8644026
37.333456,-121.8709378
37.3293246,-121.8781864
37.3231579,-121.8864264
37.3163695,-121.8965524
37.3236809,-121.9078195
37.3162127,-121.9087833
37.3224577,-121.9330738
37.319403,-121.9209269
37.3059451,-121.9360263
37.31332,-121.92366
37.3061059,-121.9278721
37.2980468,-121.9205873
37.3063756,-121.9180681
37.3013832,-121.9258424
37.3010965,-121.9070616
37.3083189,-121.908379
37.3046948,-121.8926106
37.2931927,-121.8928401
37.2902315,-121.914692
37.2876026,-121.9272392
37.2838102,-121.9372335
37.2711908,-121.9382471
37.261793,-121.945591
37.2550203,-121.9400151
37.255728,-121.9230305
37.2713891,-121.9270197
37.273586,-121.9156579
37.2779339,-121.9050522
37.2478128,-121.9014134
37.2633246,-121.8972821
37.2593227,-121.9087021
37.2565056,-121.8874578
37.2514817,-121.8840433
37.2840433,-121.8919507
37.276823,-121.8872996
37.2674809,-121.8850395
37.3261978,-121.8587581
37.3330764,-121.8498294
37.3225494,-121.839789
37.3223269,-121.8710045
37.3156874,-121.8809726
37.2774484,-121.853732
37.3274052,-121.8516044
37.3186929,-121.8429993
37.3061873,-121.8725034
37.3124908,-121.8569324
37.29773,-121.8778357
37.2836065,-121.8718216
37.2832604,-121.8775331
37.2953016,-121.8591564
37.2858514,-121.8568775
37.2944788,-121.8154729
37.2807411,-121.8160936
37.2904505,-121.822862
37.3118086,-121.8324347
37.3046221,-121.8289144
37.3016723,-121.8373674
37.2867501,-121.8303183
37.2804873,-121.8299569
37.292524,-121.8417606
37.2873934,-121.8380451
37.3012945,-121.8501153
37.2961288,-121.8451132
37.3126099,-121.8212218
37.3198735,-121.8146799
37.3314079,-121.8221358
37.3488536,-121.762946
37.3312838,-121.7764695
37.3184032,-121.8013312
37.3320024,-121.8050953
37.3413457,-121.7977324
37.3336993,-121.7916431
37.3276407,-121.7892747
37.3206767,-121.7888418
37.3249229,-121.764157
37.308027,-121.7887155
37.3115146,-121.7792789
37.3089937,-121.7397926
37.2948911,-121.7588008
37.281521,-121.7383531
37.301126,-121.7886395
37.3067498,-121.8043765
37.3010098,-121.8099934
37.2767906,-121.7696638
37.2849697,-121.7667846
37.3330729,-121.840794
37.3242017,-121.8329376
37.3358272,-121.8341637
37.3436482,-121.8272382
37.340185,-121.8319402
37.3545123,-121.81141
37.3487217,-121.801472
37.3494389,-121.8196391
37.3426023,-121.8140638
37.3583268,-121.8661802
37.344543,-121.8523293
37.3456372,-121.8393992
37.3578973,-121.8538129
37.3694488,-121.8546251
37.3645486,-121.8620422
37.3547002,-121.8469654
37.3498677,-121.8443656
37.3622865,-121.8466432
37.3647252,-121.841006
37.3842879,-121.8355147
37.3835982,-121.8497624
37.3759232,-121.8448761
37.3735315,-121.8283205
37.3684579,-121.8355428
37.358625,-121.8272151
37.3546753,-121.8340275
37.3693439,-121.8203724
37.3640803,-121.8149359
37.3845968,-121.8211354
37.3764599,-121.7923207
37.3907632,-121.8525385
37.4093718,-121.8131628
37.3775246,-121.8845878
37.4018243,-121.8548256
37.4093269,-121.8596884
37.3869267,-121.8708177
37.3828815,-121.8767483
37.37683,-121.8956853
37.3737018,-121.8672416
37.402805,-121.8713866
37.3931319,-121.8651427
37.3943438,-121.8929699
37.3988343,-121.8810513
37.4093719,-121.8788884
37.4160962,-121.8648388
37.4394547,-121.8817696
37.4373395,-121.9046561
37.4404253,-121.8966446
37.4260378,-121.8694198
37.4207097,-121.8760864
37.4320219,-121.8806285
37.4514096,-121.9009356
37.4585779,-121.9069469
37.4335965,-121.8706784
37.4524963,-121.8635532
37.4089281,-121.9019886
37.4503166,-121.9162075
37.4358428,-121.9128553
37.4216684,-121.9105196
37.4219626,-121.8902998
37.4209203,-121.9012805
37.4428194,-122.0860254
37.4495304,-121.9940964
37.41628,-122.050474
37.4003903,-121.9911751
37.4031701,-122.0033067
37.3959386,-122.0017169
37.40117,-122.0157372
37.4010219,-122.02654
37.39557,-121.9540658
37.3973289,-121.9464072
37.3935811,-121.9211348
37.3851644,-121.948078
37.3997725,-121.9732045
37.403787,-121.9576916
37.4043782,-121.9465958
37.4073881,-121.9391312
37.4137914,-121.9573012
37.4161406,-121.9408683
37.362814,-121.9239928
37.3702943,-121.9606672
37.3467177,-121.9327888
37.3678315,-121.9845986
37.3606844,-121.9724091
37.3583023,-121.9639619
37.3596272,-121.98154
37.3590161,-121.990586
37.3490022,-121.9872253
37.3461125,-121.9734997
37.3418351,-121.9862214
37.3471628,-121.9621405
37.3512545,-121.9455635
37.3430271,-121.9443826
37.3315973,-121.9439802
37.3273218,-121.9595385
37.3344951,-121.9536944
37.3379084,-121.9621875
37.3341512,-121.9845409
37.3314674,-121.9714325
37.3268094,-121.9858298
37.3011233,-121.9904291
37.3206524,-121.98293
37.3135949,-121.9863813
37.3196554,-121.9615175
37.3088699,-121.956866
37.3122608,-121.9703576
37.3045277,-121.9716433
37.3163691,-121.9452259
37.3016601,-121.9450528
37.2792209,-121.9460918
37.2857451,-121.9547473
37.2992039,-121.9521951
37.2977336,-121.957282
37.2928527,-121.9823802
37.2822302,-121.9693427
37.2808226,-121.9867096
37.2974131,-121.9693967
37.2902566,-121.9687321
37.2706528,-121.9793303
37.2743294,-121.9625593
37.2646993,-121.9669404
37.2422641,-121.9563613
37.2469476,-121.9361955
37.2428218,-121.9143244
37.2397512,-121.9339441
37.2276416,-121.9321866
37.2095662,-121.9492296
37.2199919,-121.9979469
37.2260168,-121.9763843
37.238092,-121.973612
37.251361,-121.964454
37.2576127,-121.9812179
37.2436526,-121.985561
37.2588676,-122.0079378
37.2383772,-122.0292561
37.2882247,-122.0182492
37.2816285,-121.9995882
37.2743998,-122.0239726
37.2712569,-122.0526822
37.3185985,-122.0493596
37.2982903,-122.0593721
37.3271563,-122.0672795
37.3066122,-122.0806241
37.3333072,-122.0519949
37.3285223,-122.0408528
37.3124132,-122.0405536
37.3022849,-122.0379286
37.3026197,-122.0102044
37.3019065,-122.0019032
37.3026087,-122.02812
37.3019892,-122.019228
37.317103,-122.010266
37.3163796,-122.0012063
37.3169847,-122.0275787
37.3163396,-122.0183989
37.3302791,-122.0232965
37.3303633,-122.0048875
37.3451032,-122.0268266
37.344548,-122.0178787
37.3487184,-122.004968
37.3415391,-122.0050075
37.3448268,-122.0570907
37.3448825,-122.0458423
37.3400957,-122.0374423
37.3471326,-122.0367347
37.3625769,-122.0562147
37.3556397,-122.0415378
37.36461,-122.0416419
37.3573031,-122.0260531
37.3588628,-122.0097817
37.356236,-121.9983729
37.3614064,-122.0020068
37.3653324,-122.0239218
37.3603463,-122.0177173
37.3759323,-122.0410019
37.3727792,-122.0289163
37.3703845,-122.017895
37.3693384,-122.0059341
37.3799483,-122.023162
37.3800505,-122.0006021
37.3851461,-122.0247804
37.3910614,-122.0063863
37.3936552,-122.0243888
37.3904903,-122.0182184
37.3915529,-122.0385404
37.378605,-122.0504659
37.3797672,-122.0565575
37.4004175,-122.0571846
37.3914589,-122.0596946
37.372961,-122.0635682
37.3820251,-122.0620648
37.4011514,-122.0743742
37.4059123,-122.0838789
37.4092345,-122.1006445
37.4060297,-122.0922777
37.4174151,-122.0952078
37.4069801,-122.1144634
37.3981136,-122.0968319
37.4018859,-122.1055733
37.3944485,-122.089659
37.3908184,-122.0804567
37.3853602,-122.0731927
37.378794,-122.0894335
37.3787663,-122.0823277
37.3694638,-122.0863812
37.3700086,-122.0718854
37.3584207,-122.0797124
37.3465424,-122.0718652
37.3407497,-122.0798238
37.3720591,-122.1017322
37.3774027,-122.1116665
37.3913139,-122.1076263
37.3927552,-122.1201614
37.4087715,-122.1302626
37.4174201,-122.1281611
37.4270272,-122.1097779
37.4144228,-122.1103922
37.4205586,-122.1184486
37.4276964,-122.1296787
37.4375636,-122.1218491
37.4457468,-122.1325243
37.4511933,-122.1470199
37.4431681,-122.1532785
37.4480075,-122.1622126
37.4359496,-122.1435945
37.4299081,-122.1475911
37.4155195,-122.1617499
37.4292567,-122.1772178
37.4385457,-122.1744126
37.3782599,-122.1319059
37.3534047,-122.0975415
37.3610552,-122.1406585
37.4057029,-122.161914
37.2923684,-122.1192678
37.160449,-121.9417467
37.2147222,-121.8583082
37.2197592,-121.8542492
37.2129865,-121.8693977
37.2009977,-121.8180552
37.2057326,-121.8341741
37.2275027,-121.8912184
37.2305812,-121.8770809
37.2453788,-121.8801869
37.2368478,-121.8958888
37.201114,-121.8480117
37.1857459,-121.8427384
37.2568596,-121.7680942
37.2700187,-121.8655792
37.2707459,-121.8458034
37.2635211,-121.8239467
37.2551956,-121.8109259
37.2550468,-121.824356
37.2596678,-121.8690336
37.2608921,-121.8525836
37.2584565,-121.8379668
37.2542237,-121.8543848
37.2476813,-121.8160666
37.2327046,-121.8241916
37.231499,-121.8102325
37.232926,-121.7825093
37.2293395,-121.7707429
37.2236094,-121.7614495
37.2401629,-121.810595
37.2411911,-121.8246191
37.2348353,-121.7620714
37.2488508,-121.7864273
37.2661049,-121.814509
37.2616899,-121.8047156
37.2384961,-121.8352509
37.2410744,-121.8445214
37.2484034,-121.8645577
37.2436327,-121.853464
37.2760754,-121.836858
37.2697738,-121.8357569
37.2721374,-121.8082789
37.2737909,-121.8229031
37.2469505,-121.7969833
37.2337395,-121.7963166
37.1775734,-121.725563
37.0467866,-121.7095187
37.1141491,-121.6737014
37.0997288,-121.6367125
37.1511719,-121.6268403
37.1300123,-121.6087697
37.1170325,-121.6337601
37.1495734,-121.6601298
37.1330765,-121.6430656
37.1159262,-121.6532803
37.1283275,-121.6632475
37.0596718,-121.6052179
37.0945979,-121.5669408
37.0245729,-121.5925004
36.9879101,-121.5714927
36.9775587,-121.5863518
37.0076293,-121.5810721
37.0008369,-121.5756972
37.0257555,-121.580832
37.0229981,-121.5834218
37.0334208,-121.6278603
37.0146086,-121.6113934
37.0180768,-121.5244138
37.0017257,-121.5626711
37.0198203,-121.5705811
37.4288643,-122.1617975
37.248099,-121.5279664
36.9957856,-121.9990708
36.9847144,-122.0104284
36.9944,-122.0430824
36.9921666,-122.0592266
36.9708557,-122.064109
36.9697023,-122.0412809
36.9775627,-122.0288432
36.9745867,-122.0182622
36.9730255,-122.0116234
36.9693894,-122.0047204
36.9663523,-122.0327054
36.9627695,-122.0189009
36.9550263,-122.0333899
36.9536393,-122.0613064
36.9266641,-121.739489
36.9173419,-121.7441342
36.9201064,-121.7528993
36.9290901,-121.75468
36.9098412,-121.752519
36.9141769,-121.7596811
36.9004008,-121.7665098
36.9120624,-121.7781198
36.92759,-121.7705127
36.9345915,-121.7679291
36.9197951,-121.765771
36.921837,-121.7774079
36.9247525,-121.7903393
36.9248922,-121.7836004
36.9385697,-121.7935746
37.1014924,-122.1775933
37.0954427,-122.0954185
37.0725422,-122.089345
37.1289484,-122.1354468
37.1638931,-122.0937661
37.0960709,-122.0465656
37.019641,-122.0632867
37.0261543,-122.0324756
37.0781624,-122.0154263
37.0628452,-122.0106243
37.0900518,-121.9116327
37.043376,-121.9607654
37.030539,-121.9940496
36.9968212,-121.9775876
36.9820935,-121.9870268
36.9761783,-121.9783864
36.9735482,-121.9914461
36.9632249,-121.9926151
36.9656105,-121.9817469
36.9564718,-121.9752387
36.9666133,-121.9601595
36.9750516,-121.9604439
36.9747885,-121.969755
36.976738,-121.9431108
36.9803378,-121.9508138
37.0237023,-121.9240391
37.0227499,-121.8655173
36.9878633,-121.9114547
36.9858848,-121.9451225
36.97326,-121.9173135
36.9631328,-121.8737745
36.9574618,-121.8784958
36.9858366,-121.8673672
36.9631619,-121.89527
36.902787,-121.81552
37.0209038,-121.7807608
36.9726733,-121.8279802
36.9514486,-121.7451776
36.9594832,-121.7817391
36.9339389,-121.6753872
36.9217925,-122.0305068
40.5837586,-122.3909448
40.5821764,-122.3762226
40.5744659,-122.3475829
40.5512552,-122.3786783
40.5753785,-122.399948
40.5631564,-122.4129541
40.5830946,-122.4209446
40.5813781,-122.4542402
40.6078798,-122.4161068
40.5991211,-122.3687204
40.6147259,-122.3986943
40.6001963,-122.3533844
40.6060636,-122.3229503
40.5792747,-122.3142507
40.637932,-122.3804335
40.6329963,-122.3426632
40.5565861,-122.3686274
40.5171777,-122.4511327
40.5335307,-122.3930037
40.5226145,-122.3699237
40.5520303,-122.3476795
40.5666835,-122.3356287
40.5489013,-122.335701
40.5431595,-122.3229098
40.5547598,-122.3147793
40.511224,-122.3307095
40.495516,-122.2826851
40.6694846,-122.4184426
40.6628599,-122.3597798
40.6712574,-122.3693659
40.6917622,-122.3703442
40.617872,-122.2544681
40.6604917,-122.2834247
40.7402162,-122.2877315
40.536096,-122.2525158
40.4351833,-122.2934161
40.4640415,-122.308721
40.4565423,-122.2681737
40.4098262,-122.2369837
40.4748881,-122.3522775
40.4590543,-122.439694
40.4092192,-122.3407929
40.5276064,-122.6483381
40.9866263,-122.3666461
40.4806114,-121.7401412
40.5789707,-121.8493587
40.6519143,-122.0134946
40.8861547,-122.0033969
40.8708919,-121.6257424
40.9204305,-121.4437132
39.5769252,-120.5219926
41.819927,-121.6337562
41.8583273,-121.9329396
41.7831006,-122.3292299
41.6979555,-122.9225125
41.6608649,-122.6745712
41.7322479,-122.6202231
41.7431803,-122.6399825
41.3415895,-123.033992
41.397178,-122.500827
41.5444392,-122.3840626
41.2860192,-122.4609376
41.3009238,-122.3211519
41.4283986,-122.2584818
41.2132164,-122.3927798
41.4116025,-121.8260568
41.7792602,-123.2366787
38.1164727,-122.2218481
38.1138632,-122.2082024
38.1295384,-122.2141788
38.136068,-122.1860515
38.1044764,-122.2101165
38.1048704,-122.2235767
38.0949864,-122.2238939
38.0933279,-122.2138367
38.0910546,-122.2030664
38.0816906,-122.2234633
38.0687077,-122.2191793
38.0700529,-122.2027379
38.0900421,-122.2449025
38.1293945,-122.3302426
38.1017927,-122.259038
38.1011281,-122.2485428
38.0970267,-122.236521
38.1052893,-122.2365335
38.114676,-122.2358356
38.1235139,-122.2398887
38.111521,-122.2497147
38.1083885,-122.2622993
38.1165979,-122.266959
38.122102,-122.2687692
38.1293832,-122.2572661
38.1357308,-122.2650034
38.1503908,-122.282969
38.1375695,-122.2403065
38.1482702,-122.2443068
38.1478379,-122.2282174
38.0621001,-122.1791737
38.0870342,-122.1072279
38.1046332,-122.192134
38.0908319,-122.1636212
38.0849333,-122.1823744
38.0753462,-122.1678055
38.0697573,-122.1542669
38.0609883,-122.1631107
38.2685187,-122.143077
38.239549,-122.1785353
38.1513389,-122.1368881
38.1738614,-122.1668369
38.2198735,-122.0935747
38.2655712,-122.0643005
38.3003328,-122.0817683
38.2949139,-122.0506429
38.2753544,-122.0561706
38.3036981,-122.0262255
38.2770036,-122.0358467
38.2840121,-122.0150107
38.2762632,-122.0156731
38.295701,-121.970042
38.2534089,-122.0580589
38.2205759,-122.0685278
38.2547036,-122.0412776
38.2471153,-122.0446962
38.2641804,-122.0512736
38.2655914,-122.039698
38.265491,-122.0295802
38.2546226,-122.0294348
38.2665083,-122.0232104
38.2700745,-122.006417
38.263885,-122.013848
38.1377528,-121.9771056
38.2485983,-122.0272236
38.2490976,-122.014721
38.2500177,-121.9964026
38.2579938,-121.9778293
38.2599906,-122.0011886
38.2790208,-121.9458892
38.2715195,-121.9462484
38.4377715,-122.0314619
38.404429,-121.9311586
38.342431,-121.9569363
38.3446313,-121.9249586
38.3401253,-121.9444368
38.3695164,-121.9443944
38.3572492,-121.944357
38.3255211,-121.9657382
38.3324109,-121.943775
38.3191257,-121.924618
38.3213127,-121.9786503
38.3504671,-122.0064354
38.3539119,-121.9670998
38.3417498,-121.9660442
38.3420882,-121.9790499
38.3288734,-122.0010025
38.3703098,-122.011505
38.3622131,-121.996768
38.3724624,-121.9717511
38.3968823,-121.9732711
38.3786708,-121.9871789
38.3772973,-121.9802182
38.4198882,-121.7998024
38.4426719,-121.8165138
38.4410051,-121.8456708
38.4601521,-121.8307255
38.2466064,-121.7607697
38.1311499,-121.8217361
38.2544515,-121.9456515
38.1981906,-122.4133842
38.2775429,-122.4621651
38.2867706,-122.4510104
38.3260902,-122.4518786
38.3121064,-122.427682
38.3129276,-122.5328087
38.3067265,-122.4901697
38.3261142,-122.4927508
38.339239,-122.4691776
38.3773322,-122.5730583
38.4023254,-122.4987558
38.2376164,-122.6132538
38.2440564,-122.6067891
38.2544898,-122.6179426
38.2766586,-122.6437521
38.2600055,-122.6438313
38.2654848,-122.6401778
38.2329343,-122.579047
38.2116884,-122.5343549
38.2336159,-122.6301845
38.2010747,-122.6258589
38.2087678,-122.6647282
38.2468522,-122.6439003
38.2443641,-122.653264
38.2576583,-122.6798744
38.2708019,-122.7529532
38.322283,-122.6934098
38.3184553,-122.7071995
38.298648,-122.6798799
38.3345436,-122.7257208
38.3342271,-122.7001585
38.3433806,-122.7067066
38.347139,-122.6932768
38.3705059,-122.6996383
38.3562805,-122.6998518
38.3441032,-122.6337915
38.339813,-122.6813617
38.3260142,-122.6768445
38.4060891,-122.685796
38.4278406,-122.7036893
38.3926107,-122.7046899
38.4187838,-122.7104093
38.4125282,-122.6286521
38.4360805,-122.6677168
38.3861148,-122.6519679
38.4270571,-122.6702873
38.44978,-122.5588359
38.4214771,-122.5984455
38.4428937,-122.6739179
38.4546577,-122.6631418
38.4427045,-122.6913822
38.43518,-122.708351
38.4416422,-122.713301
38.4592719,-122.7228816
38.4570299,-122.7128443
38.4483381,-122.7070355
38.4630396,-122.6754382
38.4751756,-122.6751526
38.4600991,-122.6991912
38.4815708,-122.6925847
38.4894406,-122.7211476
38.4655736,-122.6567894
38.478416,-122.66415
38.5058699,-122.6643077
38.5333374,-122.6225737
38.5289963,-122.7468369
38.5043498,-122.7912191
38.482824,-122.7503028
38.4655202,-122.7382164
38.4641357,-122.7310534
38.4573439,-122.7481362
38.4611543,-122.7607067
38.4702327,-122.759351
38.4725689,-122.8006952
38.4509389,-122.736743
38.4410944,-122.7327644
38.4340246,-122.7383629
38.4334559,-122.8012458
38.4432935,-122.7584148
38.4201079,-122.7216605
38.4198166,-122.7341732
38.4288774,-122.7274638
38.4078526,-122.7283931
38.3820955,-122.7284091
38.3918573,-122.7695059
38.4136158,-122.7542692
38.3806559,-122.7996795
38.3819817,-122.8272234
38.4144344,-122.8473555
38.4083965,-122.826599
38.3374048,-122.7943613
38.3385194,-122.8815393
38.4363229,-122.8579577
38.415157,-122.8986059
38.5214525,-122.9160376
38.4964073,-123.0457323
38.4605395,-122.9868326
38.5480623,-123.024235
38.5060009,-122.9766228
38.4669793,-122.9238834
38.4585904,-122.8653254
38.5565366,-122.8126594
38.5532547,-122.8024814
38.5685691,-122.7506682
38.5426788,-122.8080843
38.5331527,-122.7812918
38.5252837,-122.8554317
38.5278326,-122.821957
38.6120817,-122.8671471
38.6190156,-122.8569212
38.5845228,-122.8226027
38.6081064,-122.8145185
38.6097462,-122.9669388
38.7072071,-122.8058771
38.8133955,-123.0170717
38.7861401,-123.1049627
38.6435073,-123.1933099
38.3499066,-123.0135453
38.3856363,-122.9507491
38.5786079,-123.3140349
38.7531796,-123.4845088
38.5339212,-123.3162791
37.8902978,-120.8321178
37.7686739,-120.7306258
37.7654975,-120.8661414
37.7546895,-120.8604232
37.7788647,-120.8329986
37.7589673,-120.8286914
37.7369867,-120.9307015
37.7365045,-120.9473004
37.7245396,-120.942757
37.7231138,-120.92838
37.6999824,-120.9672353
37.6999879,-120.9854187
37.7102486,-120.9173793
37.7187935,-120.9482524
37.7218196,-120.9790608
37.7298946,-121.0461561
37.6937351,-121.058429
37.7011751,-121.0220343
37.7001655,-121.0036408
37.7020062,-121.0378956
37.6931543,-121.0417588
37.6906053,-121.0794748
37.7061609,-121.0882291
37.6629029,-121.0548486
37.6546407,-121.0306027
37.6798635,-121.0032915
37.6763467,-121.0390747
37.6765026,-121.0216421
37.685664,-121.0220677
37.6858678,-121.0406375
37.660185,-120.9487123
37.6593216,-120.9333452
37.6835377,-120.9850908
37.6841105,-120.96361
37.6733442,-120.9842668
37.6727215,-120.9666773
37.6717709,-120.9506409
37.6729104,-120.9335537
37.6835184,-120.9487825
37.6833666,-120.9310436
37.6593397,-120.9658255
37.6544581,-120.97844
37.6628395,-120.9876354
37.6496912,-120.9941513
37.660175,-121.0035581
37.662764,-121.020101
37.6349768,-121.0374636
37.6295536,-121.0159645
37.6152301,-121.0239311
37.6170322,-121.0172914
37.6371162,-121.0069957
37.6379573,-120.9927507
37.6437385,-120.9692464
37.6444282,-120.9150131
37.6492106,-120.9430457
37.6436041,-120.9345313
37.6449187,-120.9254524
37.6276213,-120.9588553
37.6223838,-121.0038051
37.6193902,-120.9812542
37.6065776,-121.0135031
37.6159138,-120.9913318
37.597252,-121.0018913
37.601283,-121.0075115
37.584981,-120.9580148
37.5921207,-120.969786
37.5876122,-120.9798312
37.5971624,-120.986034
37.5874869,-120.9444976
37.6020139,-120.9524192
37.6035713,-120.9641182
37.6020228,-120.9421042
37.6138933,-120.9509663
37.6178932,-120.9678939
37.6846101,-120.6257522
37.6640373,-120.8419441
37.673772,-120.9179423
37.6014201,-120.6513244
37.5935809,-120.8748334
37.6157129,-120.872172
37.5641565,-120.949922
37.6018515,-120.9088941
37.5844723,-120.9195363
37.543836,-121.0570604
37.4743763,-121.1228155
37.453915,-121.143035
37.4705243,-121.1346179
37.4758431,-121.1445457
37.4806012,-121.153017
37.4975422,-121.3425676
37.3260075,-121.1936646
37.3241957,-121.0227731
37.3034436,-121.035872
37.4851794,-120.9439974
37.5289795,-120.7438818
37.526126,-120.811285
37.5255764,-120.8398086
37.527554,-120.8635725
37.5329165,-120.8396043
37.5331261,-120.8701679
37.4647927,-120.883606
37.4861261,-120.8576988
37.4839988,-120.8421055
37.4995558,-120.8633794
37.5161592,-120.8771501
37.4901542,-120.8325927
37.4998206,-120.8252426
37.5053439,-120.8421217
37.5147982,-120.8343873
37.5066106,-120.8537161
37.516714,-120.8607176
37.6497629,-121.1440457
39.1580007,-121.6236293
39.1466401,-121.6247293
39.1341611,-121.628638
39.1354635,-121.6118683
39.1196085,-121.6292546
39.123665,-121.6114867
39.1071229,-121.6248057
39.0836714,-121.6216573
39.0927123,-121.6042328
39.1343016,-121.6664514
39.1198966,-121.6618817
39.0907287,-121.6619764
39.1627685,-121.6796294
39.1745665,-121.6462398
39.1562756,-121.63967
39.2838291,-121.6543825
39.241136,-121.6942945
39.2213169,-121.8398914
38.975616,-121.7595873
39.0342246,-121.6633133
38.8548216,-121.5333568
40.1943009,-121.8564922
40.3417933,-122.2430974
40.3074315,-122.4035399
40.0579918,-122.6497624
40.2368262,-122.3390922
40.190357,-122.2506048
40.1913614,-122.2068646
40.1660053,-122.24581
40.1470223,-122.2416692
40.0733075,-122.1795281
39.9701372,-122.0239555
39.8864854,-122.1205504
39.8852079,-122.2174576
39.9151073,-122.1888989
41.0171618,-122.6402253
41.009419,-122.8214045
40.9502798,-123.2351549
40.3425806,-123.2757792
36.3380678,-118.8945914
36.5233796,-118.8365594
36.6023032,-119.2556351
36.5459628,-119.2843587
36.5376452,-119.2959057
36.4515644,-119.4467551
36.530241,-119.4734244
36.5088463,-119.3471338
36.5617472,-119.3857146
36.552917,-119.3860401
36.5384554,-119.3859443
36.529355,-119.3924649
36.4957709,-119.259296
36.3946939,-119.0868717
36.4202966,-119.10095
36.3862394,-119.2179024
36.4202175,-119.2108517
36.3473632,-119.4417729
36.4212709,-119.3522578
36.3345261,-119.3587273
36.3331501,-119.3323721
36.3483924,-119.3406883
36.350772,-119.374232
36.3540361,-119.2922928
36.3491028,-119.3012786
36.3437854,-119.3196777
36.3608951,-119.3162223
36.3379664,-119.2920504
36.3379848,-119.304845
36.3302301,-119.299985
36.3477825,-119.2797544
36.3609469,-119.2487437
36.3343614,-119.274374
36.336005,-119.2386446
36.3256057,-119.1200844
36.3043939,-119.1444506
36.285001,-119.1467114
36.3027673,-119.2038681
36.2795602,-119.2187114
36.3199536,-119.2871729
36.3197803,-119.2516331
36.3093776,-119.2593817
36.2961388,-119.2660859
36.3198504,-119.3047728
36.3092995,-119.3028303
36.3030204,-119.2988503
36.3200434,-119.3228298
36.3056613,-119.3226585
36.3055249,-119.3405354
36.31258,-119.3866398
36.3236976,-119.3407145
36.3171498,-119.3440301
36.2875985,-119.3412283
36.2803436,-119.2922448
36.2434094,-119.4390093
36.2075367,-119.3656637
36.2182393,-119.3755911
36.2183673,-119.3587287
36.2189133,-119.3219739
36.2256444,-119.3438407
36.2117012,-119.3385748
36.251254,-119.3176938
36.1783683,-119.2649899
36.1936316,-119.3044354
36.204892,-119.1293382
36.2136987,-119.1045232
36.2125325,-119.081705
36.1218267,-118.3533293
36.0746689,-118.8035902
36.1944979,-119.0941664
36.1963691,-119.3370033
36.203971,-119.3208345
36.1899328,-119.3214123
36.2002386,-119.3563625
36.1910411,-119.3662136
36.1358963,-119.4402943
36.0473536,-119.3444282
36.0884494,-119.1856021
36.134865,-119.0323178
36.13129,-119.1557138
36.0326293,-119.0935672
36.0251523,-118.9520315
36.0906458,-119.0847036
36.0893251,-119.0618748
36.095173,-119.0508283
36.0730813,-119.0618557
36.0667804,-119.0480764
36.0867021,-119.0241089
36.0713832,-119.032252
36.070899,-119.0166966
36.0951388,-118.9780133
36.0675633,-118.9959929
36.0575575,-118.9973951
36.0381096,-118.9836907
36.0455701,-119.0245259
36.0596793,-119.0321154
36.0576751,-119.0163953
35.9592155,-119.2913087
35.8412622,-119.1519854
35.8504301,-119.4055452
35.8988535,-119.2656121
35.8715047,-119.264054
35.8832816,-118.9810899
37.988214,-120.3985898
38.0067215,-120.3683951
38.0297566,-120.429401
38.2293028,-120.1769114
38.0069228,-120.2905739
38.025957,-120.311915
38.034898,-120.248074
38.0586773,-120.190643
38.2247004,-119.7599789
37.9292989,-120.0887219
37.911727,-120.3122418
37.9742408,-120.3380353
37.9494993,-119.6407227
37.8050821,-120.2021595
37.9149121,-120.3980846
37.9683314,-120.4721113
37.7927099,-120.4590891
37.8933807,-120.538227
34.4088728,-118.8702018
34.3661561,-118.9484382
34.411561,-118.9627618
34.4024532,-119.049055
34.3330475,-119.0525115
34.3535231,-119.0606093
34.3453966,-119.0772575
34.3477019,-119.0857741
34.3847543,-119.1189947
34.4587926,-119.2618886
34.4205323,-119.1956252
34.4750719,-119.1567223
34.4427185,-119.2836192
34.405977,-119.3004533
34.4174275,-119.2817012
34.2996993,-119.1600923
34.2820947,-119.1878275
34.3562588,-119.2271059
34.2870514,-119.1362243
34.278272,-119.1543682
34.2795999,-119.1655535
34.2736288,-119.1790274
34.2547154,-119.1820837
34.2620831,-119.1896449
34.254032,-119.2029687
34.2667412,-119.2234201
34.2606189,-119.2167654
34.2716419,-119.2011606
34.2638082,-119.2056347
34.2719328,-119.2248609
34.2798973,-119.2288045
34.2771069,-119.2516503
34.2875307,-119.271059
34.2849674,-119.2887231
34.2996308,-119.2884311
34.2905478,-119.2995884
34.3139794,-119.280547
34.2763658,-119.2944448
34.2555868,-119.2692827
34.2737825,-119.2734268
34.2706551,-119.2416995
34.2500715,-119.2467812
34.2271711,-119.2082192
34.2106961,-119.2329126
34.223366,-119.1820276
34.224257,-119.1903853
34.2312155,-119.187345
34.2123522,-119.1723571
34.2133661,-119.1636554
34.2034678,-119.1729084
34.2137872,-119.1911259
34.2133746,-119.1824374
34.1938291,-119.201331
34.19392,-119.2145657
34.1858045,-119.2147296
34.1872093,-119.2414095
34.1876521,-119.2298656
34.1689604,-119.2285418
34.0110019,-119.4256973
34.1819643,-119.1913008
34.186097,-119.1833979
34.1781865,-119.1816278
34.1826181,-119.1747494
34.1768361,-119.1686398
34.1674774,-119.1721779
34.1676376,-119.1819132
34.1622363,-119.1909594
34.1784044,-119.2084417
34.162198,-119.207981
34.1460631,-119.1943303
34.151764,-119.1735123
34.1583413,-119.1719515
34.1578512,-119.1820395
34.1511673,-119.1851758
34.1510661,-119.180831
34.1061415,-119.1161812
34.1712644,-119.1187368
34.1642972,-119.1565272
34.1679536,-119.163289
34.140882,-119.1490764
34.1857966,-119.1511281
34.171968,-119.1487697
34.2125244,-119.1527473
34.2084355,-119.1342637
34.2329792,-119.1371737
34.2509896,-119.1655481
34.2324626,-119.164162
34.2459353,-119.1548027
34.2547448,-119.0253299
34.2409419,-119.0425055
34.2416552,-119.0633545
34.2347553,-119.0886098
34.2200023,-118.9908818
34.2406625,-118.942056
34.2327593,-118.9874839
34.2314005,-119.0079238
34.2213174,-119.0154067
34.2331848,-119.0320318
34.2219334,-119.0342542
34.233362,-119.021564
34.2197814,-119.0527386
34.2274729,-119.0596977
34.2293596,-119.0450209
34.2107165,-119.0229506
34.1575595,-119.03913
34.1672501,-119.0440823
34.164606,-118.9733786
34.1853864,-118.9672017
34.1724294,-118.977988
34.1687001,-118.9463969
34.1528115,-118.8604402
34.1414149,-118.8411541
34.179195,-118.9225558
34.1808243,-118.9022654
34.1665091,-118.9266027
34.170093,-118.8895265
34.186395,-118.9441085
34.1979561,-118.91597
34.1986115,-118.9349149
34.2028714,-118.9030851
34.2250721,-118.8977092
34.2216307,-118.8779656
34.2334793,-118.8552008
34.2111369,-118.8593832
34.2106419,-118.8764716
34.1996069,-118.8823306
34.1974095,-118.8650037
34.1878048,-118.8826181
34.1816823,-118.8679497
34.1750912,-118.8455232
34.1939312,-118.8516652
34.1842624,-118.8319949
34.1040633,-118.9803373
34.1828401,-118.8056024
34.1744737,-118.7737939
34.1877709,-118.7228765
34.1919046,-118.776476
34.2598765,-118.7804802
34.2261475,-118.7738076
34.2377255,-118.8089778
34.2152006,-118.8453547
34.2094121,-118.8065374
34.2238449,-118.8199928
34.2269369,-118.6788342
34.246574,-118.6966918
34.2527888,-118.7879942
34.2625505,-118.8208954
34.2499867,-118.8169685
34.262067,-118.9032933
34.2705998,-118.887996
34.2683784,-118.8756988
34.2815483,-118.8899162
34.2752843,-118.906726
34.2776638,-118.863906
34.3241454,-118.8339628
34.278556,-118.8154736
34.2683293,-118.7661821
34.2778958,-118.7697289
34.2971039,-118.7529854
34.277179,-118.752394
34.2699733,-118.753251
34.2682522,-118.7273774
34.262391,-118.7508193
34.2590853,-118.7657539
34.2773333,-118.7382322
34.2762804,-118.7043688
34.2774227,-118.7257876
34.2748423,-118.6719499
34.2697395,-118.684829
34.2669104,-118.6580693
34.2767395,-118.6870472
34.2941524,-118.6607025
34.2871063,-118.7065603
34.3324192,-118.6849198
34.2885019,-118.7332122
34.3082318,-118.7692597
34.1947408,-119.1897312
34.1930053,-119.1827565
34.2028188,-119.1860286
34.1855233,-119.2015114
34.1720895,-119.1898768
34.1929074,-119.1669539
34.2284297,-119.172901
34.2976989,-119.0145578
34.2837188,-119.2043463
34.3623765,-119.3512684
34.3087281,-119.2278872
34.602043,-119.0197918
33.2556547,-119.5035884
33.9963493,-119.4202966
38.7210871,-121.6242347
38.595379,-121.5349059
38.5938992,-121.5160845
38.5858281,-121.5154831
38.5727938,-121.522891
38.56077,-121.5694652
38.577774,-121.5324593
38.5472515,-121.570497
38.5443818,-121.5522267
38.5524729,-121.5256111
38.5377249,-121.5329667
38.5552363,-121.5350372
38.4284581,-121.6491713
38.5078348,-121.5652348
38.5369244,-121.7848197
38.6029781,-121.7398412
38.5541465,-121.7985136
38.5645014,-121.7510359
38.5764495,-121.7588856
38.5577813,-121.779714
38.5524808,-121.7731039
38.5499802,-121.7836865
38.5482506,-121.7359619
38.558498,-121.7011282
38.5407306,-121.7024346
38.5412556,-121.7230816
38.5604477,-121.7208578
38.5525145,-121.7188435
38.5566096,-121.7316096
38.5512036,-121.7458161
38.5536342,-121.7633229
38.5536241,-121.7555763
38.6846125,-121.7607111
38.6884255,-121.7885472
38.6811981,-121.7885958
38.6732077,-121.7897004
38.6661842,-121.7872199
38.6701812,-121.7701616
38.6701375,-121.7608872
38.6700084,-121.7516448
38.659506,-121.7934766
38.6592805,-121.7657694
38.6498655,-121.8455706
38.675332,-121.6910474
38.6713901,-121.7353709
38.6689719,-121.7430607
38.6668092,-121.7371059
38.5716604,-122.0641679
38.5302424,-121.9889815
38.5130176,-121.9829666
38.5258672,-121.9609637
38.8196619,-121.8371627
38.8306164,-122.1260372
39.1514008,-121.595293
39.157468,-121.5813206
39.1577039,-121.5672208
39.1329096,-121.5380784
39.1277345,-121.5692415
39.1205322,-121.5518813
39.120924,-121.5331209
39.0999148,-121.5826165
39.1005156,-121.5538015
39.0842462,-121.5468241
38.999724,-121.5632871
39.0510138,-121.5454188
39.0410532,-121.4339803
39.1852102,-121.3585368
39.1191804,-121.399527
39.2634436,-121.5062545
39.2923343,-121.3205968
39.4752686,-121.1718725
39.3656565,-121.2369173
29.6545414,-82.333741
29.6461598,-82.3329534
29.6680039,-82.3314185
29.6842448,-82.3300557
29.6794765,-82.3081207
29.6568455,-82.3169268
29.655762,-82.2886904
29.6280432,-82.2957817
29.6391178,-82.3322072
29.6274199,-82.3335258
29.630952,-82.3479617
29.6431195,-82.3538453
29.646941,-82.3470521
29.6585473,-82.3550754
29.6760057,-82.3672974
29.6958039,-82.3764147
29.6941291,-82.3589343
29.6877342,-82.3449419
29.6573246,-82.2610423
29.632827,-82.362705
29.624313,-82.3610145
29.6165535,-82.3588915
29.6134864,-82.3662197
29.612285,-82.3770724
29.6316915,-82.3830213
29.6489907,-82.3932456
29.6815829,-82.4192891
29.670292,-82.3973086
29.7936621,-82.4093261
29.7125208,-82.3787973
29.6937922,-82.4188314
29.721227,-82.4201489
29.8876589,-82.5149315
29.8272166,-82.5643661
29.7651986,-82.4750999
29.7814576,-82.6110352
29.7602355,-82.5402016
29.6923515,-82.2859688
29.7261537,-82.1646457
29.7905613,-82.2860259
29.5708268,-82.1532517
29.6175921,-82.1038614
29.5339011,-82.2540715
29.5161676,-82.345469
29.6893451,-82.5532758
29.6023486,-82.5289138
29.677987,-82.4798497
29.6486395,-82.4307055
29.6515899,-82.4562032
29.5231402,-82.4731015
29.5841988,-82.6230949
29.6511771,-82.4175986
29.6390574,-82.4166358
29.6146772,-82.4053193
29.5902299,-82.3961994
29.6115749,-82.4305951
29.597042,-82.4497966
29.60569,-82.3527087
30.3211342,-82.0993305
30.1961325,-82.1430344
30.3515444,-82.3680283
30.3012547,-82.1988773
30.3712659,-85.7697628
30.2831594,-85.6451322
30.2933426,-85.7305604
30.5162784,-85.4375473
30.3631379,-85.4566479
30.3111309,-85.5084051
30.2806592,-85.5705415
30.1593438,-85.481657
29.9839939,-85.4173812
30.0485617,-85.5532308
30.15899,-85.5806328
30.1451879,-85.5598428
30.1372378,-85.5775998
30.1247515,-85.5611918
30.1272429,-85.6014653
30.1412715,-85.6178333
30.1649856,-85.6052602
30.1872538,-85.6211805
30.2187411,-85.6123463
30.2031749,-85.6306683
30.2459006,-85.6289739
30.2523874,-85.6570481
30.2425014,-85.6777405
30.2122744,-85.6827282
30.1928156,-85.6712406
30.1743033,-85.6511223
30.1631544,-85.6329684
30.1499669,-85.6304043
30.1449083,-85.6484407
30.1723924,-85.6621483
30.169537,-85.68148
30.1690671,-85.6968538
30.1800516,-85.7160099
30.206102,-85.7034335
30.1644563,-85.7628417
30.1612683,-85.7805734
30.1515366,-85.7675764
30.1051469,-85.7007151
30.1485312,-85.7202341
30.189876,-85.752927
30.2211035,-85.8674826
30.259644,-85.9363765
30.2582632,-85.9634796
30.2379259,-85.9187531
30.2364783,-85.8950513
30.1972977,-85.7990598
30.2032283,-85.8499314
30.1894175,-85.807339
30.170557,-85.7965596
29.9263709,-85.6508819
29.9472024,-82.0800238
29.9814253,-82.1954666
29.9821196,-82.1429265
29.8154123,-82.0823014
29.9052315,-82.2600241
30.0678789,-82.1044475
28.6912116,-80.8674366
28.7595275,-80.88106
28.6913195,-80.8439989
28.7409523,-80.8465755
28.6512412,-80.8716929
28.6300836,-80.8632772
28.6525411,-80.8563029
28.648633,-80.8298884
28.6259987,-80.8217906
28.617037,-80.8445467
28.5958293,-80.8358974
28.6074077,-80.8143413
28.5781845,-80.8115675
28.5625844,-80.8141652
28.5657664,-80.8352032
28.535756,-80.8034655
28.5137287,-80.8002689
28.4795584,-80.769233
28.4802703,-80.7931936
28.4536614,-80.7850991
28.4416056,-80.8057154
28.4799949,-80.8134706
28.4163719,-80.752991
28.4119064,-80.7754439
28.4435977,-80.7613996
28.3956841,-80.8032482
28.3668822,-80.745015
28.3833966,-80.7492823
28.3827445,-80.7790023
28.3685732,-80.7686433
28.3518753,-80.8101474
28.3545721,-80.7441807
28.2679338,-80.6893695
28.3391318,-80.7526983
28.3145,-80.7514117
28.2753586,-80.7117101
28.305659,-80.719499
28.3162072,-80.7328158
28.2506264,-80.7229214
28.2531731,-80.7049927
28.2393391,-80.6931619
28.173752,-80.6844679
28.150056,-80.6625655
28.1672261,-80.6602769
28.1614974,-80.6944725
28.2031705,-80.6669344
28.1977295,-80.700653
28.1402152,-80.6899345
28.1291012,-80.6904422
28.1166945,-80.6212083
28.1595922,-80.641728
28.1394619,-80.6580825
28.1317706,-80.6434014
28.1177219,-80.6555996
28.1268431,-80.6642837
28.086462,-80.6837245
28.1139733,-80.6828024
28.0820678,-80.6336818
28.0999585,-80.6422993
28.0899726,-80.6090795
28.0629888,-80.6299536
28.0699625,-80.6031366
28.0689673,-80.6851325
28.0642764,-80.6459155
28.0469304,-80.6516877
28.0614425,-80.6623115
28.0752492,-80.6634319
28.0427923,-80.5904944
28.0572895,-80.6106228
28.0422464,-80.6332771
28.0444023,-80.6187673
28.0391176,-80.6126214
28.0231101,-80.6115693
28.0234993,-80.6298656
28.0292894,-80.6398853
28.0235992,-80.5745617
28.0036843,-80.6195936
27.9635513,-80.5807544
27.9097719,-80.5605842
27.8900571,-80.5292347
27.8462615,-80.554114
27.8650822,-80.4994904
27.886466,-80.505304
28.058262,-80.5617524
28.0407113,-80.5528403
27.9446545,-80.5029991
28.0813958,-80.5742034
28.1197479,-80.5896399
28.1106123,-80.5854961
28.1457522,-80.5888364
28.1574681,-80.6001469
28.1660195,-80.5908252
28.1803626,-80.6040832
28.1886153,-80.596386
28.1985801,-80.6095516
28.2516298,-80.6100085
28.2980754,-80.6266891
28.3159279,-80.6379467
28.3581478,-80.6291495
28.3889594,-80.6091413
28.3855242,-80.5986155
28.4037498,-80.6315353
28.3938295,-80.6012389
28.4039749,-80.6010859
28.3927469,-80.6827907
28.3650455,-80.6647872
28.3276874,-80.6609783
28.2119491,-80.6394647
28.368992,-80.71052
28.3941328,-80.6994785
28.372657,-80.690822
28.4793107,-80.7137074
28.4301114,-80.7128018
28.6082851,-80.6982314
28.3817844,-80.707491
28.3855847,-80.7156109
28.636397,-80.9164017
28.2404323,-80.7817344
28.4435034,-80.843624
28.4727647,-80.8352463
28.3926801,-80.849217
28.2887591,-80.7914416
28.0261945,-80.6608605
28.0255543,-80.7048637
27.937616,-80.634714
27.9784049,-80.6436966
27.9936346,-80.6527935
28.0019418,-80.6753713
28.0209469,-80.6797853
27.9608382,-80.6507522
27.9278078,-80.6565951
27.9916347,-80.6923352
27.9486396,-80.6969701
28.0266485,-80.724782
28.0124093,-80.7211618
28.0021905,-80.6543804
28.0089669,-80.6543383
28.2079767,-80.7696001
28.0328781,-80.8160466
28.5957455,-80.8047701
28.568257,-80.7978826
28.3718642,-80.733782
28.3471545,-80.7032121
28.355496,-80.6937198
28.3360678,-80.6185703
28.4821141,-80.5690727
28.7168051,-80.734403
28.3327256,-80.545416
26.2978686,-80.0882411
26.3117373,-80.0863071
26.3131776,-80.0768224
26.3012158,-80.1000104
26.3150641,-80.0952857
26.3008841,-80.1137229
26.310783,-80.1140738
26.3117965,-80.1037367
26.3232145,-80.1127196
26.3223877,-80.1441788
26.3225329,-80.1621976
26.3143545,-80.1569495
26.3115874,-80.1341212
26.2790377,-80.1455721
26.2975318,-80.1619297
26.2977186,-80.1400706
26.3222157,-80.186487
26.3298105,-80.2600636
26.3165005,-80.215497
26.3068935,-80.2469093
26.2950333,-80.2583613
26.29052,-80.2424884
26.2920755,-80.2195163
26.2873748,-80.1911963
26.3101608,-80.198218
26.3109595,-80.1779955
26.2927671,-80.273768
26.295348,-80.2881785
26.2981663,-80.1821009
26.2775207,-80.1758603
26.2927962,-80.1788423
26.2891007,-80.1269283
26.2865032,-80.117087
26.2861004,-80.1031927
26.281897,-80.0876422
26.2876231,-80.0898555
26.2785479,-80.0795078
26.2652494,-80.1956881
26.2386847,-80.1985963
26.2509514,-80.1932792
26.263213,-80.2279917
26.2655401,-80.2163743
26.2576491,-80.2137403
26.2411125,-80.2055235
26.2434515,-80.2122703
26.2328517,-80.2256284
26.23946,-80.2246625
26.2461521,-80.2260766
26.2515095,-80.228121
26.2827506,-80.2384467
26.2779435,-80.2293554
26.283191,-80.2081262
26.2798955,-80.2585027
26.2619478,-80.2911285
26.2655418,-80.2743112
26.265348,-80.258128
26.2517963,-80.242448
26.241871,-80.2438481
26.2342486,-80.2441203
26.2434944,-80.2896618
26.2501371,-80.272168
26.2491203,-80.2586074
26.2347874,-80.274845
26.2376835,-80.2608564
26.2664105,-80.2467484
26.2651198,-80.2409491
26.2781989,-80.2707845
26.2805083,-80.2846348
26.2150072,-80.214255
26.2048182,-80.2121277
26.2185621,-80.2469044
26.224081,-80.2305251
26.2170356,-80.2291696
26.2235301,-80.2780414
26.2130629,-80.2790345
26.2187032,-80.2964736
26.2203006,-80.2911863
26.2193818,-80.2638147
26.2214239,-80.2583033
26.211394,-80.2244913
26.2119248,-80.2357753
26.2262279,-80.214195
26.2204182,-80.1955023
26.2689513,-80.090733
26.2665147,-80.1114779
26.248057,-80.1114459
26.2677295,-80.1028936
26.2638168,-80.134463
26.2633894,-80.1222673
26.2522482,-80.1322366
26.2386183,-80.1329679
26.2553184,-80.1472221
26.2542849,-80.1574777
26.2370096,-80.1661726
26.2387792,-80.1789826
26.2669596,-80.1776034
26.255777,-80.1758944
26.2476467,-80.1754789
26.2176178,-80.1376265
26.2289704,-80.1354392
26.2200249,-80.1503165
26.2236317,-80.1632985
26.2160852,-80.1062597
26.2168472,-80.1267469
26.2210725,-80.1177064
26.2345948,-80.1113672
26.2276588,-80.106095
26.2575234,-80.0959541
26.2416937,-80.0970158
26.2413575,-80.0875801
26.2422395,-80.0893632
26.2554967,-80.085838
26.2107834,-80.0925487
26.224966,-80.0903306
26.186692,-80.09657
26.1989575,-80.0965198
26.1957352,-80.1091985
26.2026547,-80.1038533
26.2010533,-80.1220305
26.2071282,-80.1154068
26.1917798,-80.1215352
26.1781413,-80.1053549
26.1780472,-80.1130292
26.15361,-80.1017839
26.1751905,-80.1015765
26.1709307,-80.0982799
26.1790096,-80.09717
26.1464453,-80.1097115
26.1518672,-80.1143897
26.1488583,-80.1247907
26.1419178,-80.1201155
26.1476338,-80.1498572
26.1472918,-80.1377006
26.1498052,-80.1629962
26.1439478,-80.1581754
26.1453863,-80.1765446
26.1366778,-80.1808202
26.1433649,-80.1947382
26.1278751,-80.1918841
26.1281649,-80.1712559
26.1326261,-80.1572002
26.1259015,-80.1503098
26.1255847,-80.1611467
26.1375315,-80.1453281
26.1316561,-80.1329642
26.1330048,-80.1230333
26.122159,-80.1306736
26.1244785,-80.1165262
26.1245566,-80.1040087
26.1026413,-80.1102718
26.1070531,-80.1257198
26.0997001,-80.1317262
26.113688,-80.1332618
26.1287007,-80.1402826
26.1172234,-80.1419789
26.1119027,-80.1496947
26.1190364,-80.1560077
26.1101913,-80.1641244
26.1096278,-80.182036
26.1155271,-80.1774017
26.1139128,-80.1940057
26.0892803,-80.1934935
26.0993418,-80.1934728
26.0986303,-80.1783328
26.0961696,-80.1528255
26.0918384,-80.141797
26.2026,-80.1418269
26.2050982,-80.1792346
26.2237483,-80.1768546
26.2145143,-80.1757843
26.1818565,-80.175075
26.1973954,-80.1710585
26.172811,-80.1953189
26.1671006,-80.207239
26.154099,-80.1949369
26.192227,-80.2074463
26.1687851,-80.2155386
26.1609421,-80.2159681
26.1612267,-80.1981074
26.1605485,-80.1893472
26.1768461,-80.2113612
26.1840861,-80.2114063
26.1680515,-80.1741162
26.176066,-80.1627698
26.1849819,-80.1431765
26.1922673,-80.1422961
26.182118,-80.1262357
26.1687162,-80.1282089
26.1733694,-80.1525999
26.1749922,-80.1394866
26.1617805,-80.1778305
26.1613762,-80.1474899
26.1554863,-80.1390483
26.1591296,-80.1251581
26.1987918,-80.2411828
26.198776,-80.2150796
26.1888826,-80.2229967
26.2068831,-80.2835069
26.1889836,-80.279924
26.1864137,-80.2598783
26.1710128,-80.2910998
26.1720478,-80.277286
26.1727671,-80.2615743
26.1753582,-80.3056734
26.164545,-80.311695
26.1433192,-80.3341825
26.1367302,-80.3019618
26.1235368,-80.3221416
26.1715883,-80.2402882
26.1759867,-80.2297525
26.172424,-80.248229
26.186265,-80.2441722
26.2047665,-80.2282744
26.1970082,-80.2282458
26.19724,-80.2608891
26.2043828,-80.26001
26.1447141,-80.2311512
26.1582858,-80.2626374
26.1594929,-80.2498312
26.1592888,-80.2372305
26.1520095,-80.2434463
26.157605,-80.293242
26.1580705,-80.2858237
26.1537809,-80.2750181
26.1598031,-80.2735926
26.1620083,-80.2768153
26.1529482,-80.2279594
26.1580017,-80.2229792
26.1437294,-80.2218649
26.1675628,-80.2345333
26.169446,-80.226139
26.1471437,-80.215735
26.1558608,-80.2078708
26.1415724,-80.2075061
26.1480004,-80.2073737
26.1428909,-80.2458646
26.1432521,-80.2918712
26.1427619,-80.2780328
26.1424638,-80.2633535
26.1277513,-80.2921213
26.1283353,-80.2603162
26.1248665,-80.2442786
26.1320096,-80.2459834
26.1262132,-80.2757966
26.1329793,-80.2748647
26.1285998,-80.2260457
26.1134971,-80.2101089
26.1292615,-80.2101823
26.1145791,-80.2311409
26.1042234,-80.2347762
26.1109228,-80.2859408
26.109314,-80.2715703
26.0989145,-80.209151
26.0562309,-80.2188388
26.0803316,-80.2214358
26.0804405,-80.21117
26.0861768,-80.2408157
26.0909372,-80.3021137
26.0829325,-80.2930294
26.0788912,-80.2750766
26.0962352,-80.2587741
26.0799555,-80.2610787
26.0974516,-80.2742798
26.0944317,-80.2781189
26.1155278,-80.342324
26.0733511,-80.342842
26.1143745,-80.358771
26.110773,-80.3807243
26.1027595,-80.3809625
26.0495645,-80.4098069
26.0489699,-80.3647642
26.050893,-80.3337135
26.0947353,-80.4007045
26.1284951,-80.3957473
26.1276733,-80.4051762
26.1142678,-80.3697653
26.0946012,-80.3267826
26.1129056,-80.3221057
26.0797129,-80.370391
26.067346,-80.3824045
26.1214188,-80.3783341
26.1276983,-80.3770697
26.1191612,-80.4120341
26.0675211,-80.4152714
26.1123072,-80.4281407
26.0548388,-80.3055024
26.053419,-80.2883455
26.0543624,-80.2749848
26.0558453,-80.2650146
26.0367853,-80.3092283
26.0421575,-80.2825623
26.041882,-80.2529925
26.0420406,-80.2382369
26.0688927,-80.2389739
26.0554832,-80.2419658
26.0623175,-80.136862
26.0433366,-80.1328019
26.0380717,-80.1384808
26.0465306,-80.1398587
26.0733685,-80.1520578
26.0498707,-80.1813909
26.0574033,-80.199886
26.0652383,-80.1795349
26.0588548,-80.1806512
26.0416753,-80.1560217
26.0576237,-80.1207787
25.9994423,-80.1185081
26.0065612,-80.1157107
26.0275713,-80.125606
26.0158107,-80.1413969
26.0263097,-80.1465202
26.0264691,-80.1393167
26.0223668,-80.1636681
26.0150267,-80.1543048
26.0260034,-80.154607
26.0413682,-80.1835049
26.0398785,-80.1954374
26.0396019,-80.2072006
26.0345169,-80.2396828
26.0389017,-80.2232289
26.0279146,-80.2309151
26.0287542,-80.2015391
26.0300085,-80.1785486
26.0216993,-80.1839799
26.0143461,-80.1833285
26.0175345,-80.2062841
26.0208868,-80.2225498
26.0135785,-80.2222656
26.0177303,-80.2363073
26.0006695,-80.2091089
25.9916696,-80.2159694
25.9986447,-80.1882345
26.0018372,-80.174948
26.0065111,-80.1984763
26.0073086,-80.1809701
26.0038234,-80.163121
26.0019814,-80.1539344
26.0093701,-80.1540468
26.0040179,-80.1386897
26.0090441,-80.1455565
26.0003782,-80.1457935
26.0050491,-80.1264806
25.9809538,-80.1320214
25.9805744,-80.1210155
25.9840556,-80.1185056
25.9914911,-80.1304541
25.994278,-80.1247622
25.9919918,-80.1232994
25.9911948,-80.1455269
25.9933553,-80.1375914
25.9884978,-80.14052
25.9803647,-80.1531633
25.9800995,-80.1451476
25.9909692,-80.1577282
25.9927793,-80.1735892
25.980157,-80.1663688
25.9786723,-80.1810098
25.9902195,-80.1936711
25.9798728,-80.2113976
25.9803904,-80.2024151
25.97872,-80.1946056
26.0025914,-80.2324366
26.0187145,-80.4269385
26.0214323,-80.3899235
26.0253236,-80.2946996
26.0270878,-80.2656595
26.0155802,-80.3058083
26.0160985,-80.2720936
26.0144091,-80.2556489
26.0158727,-80.2433812
25.9890671,-80.2681295
25.9750531,-80.3227839
25.9762354,-80.2629204
26.0003387,-80.3860597
26.0248696,-80.3356323
26.0179638,-80.3189148
25.9986411,-80.3702776
26.0004843,-80.3510439
26.0193851,-80.3528824
25.9965886,-80.3340253
26.0041964,-80.286216
26.0112577,-80.2879504
26.0184381,-80.2894042
25.999695,-80.2558028
25.9892648,-80.3195462
25.984371,-80.3322956
25.9898197,-80.3028673
26.0230637,-80.4006685
25.9827624,-80.3048486
25.9897718,-80.2904501
26.0013401,-80.276308
25.9975358,-80.2705477
26.0041621,-80.3040509
25.9968856,-80.3038467
26.0047932,-80.3241191
25.9985228,-80.3254113
26.0186994,-80.3730113
26.0228641,-80.3655909
25.9859074,-80.3840602
25.9952437,-80.4003007
25.9869645,-80.3610327
25.9745808,-80.4200884
25.9739129,-80.3627446
25.9652371,-80.3639114
25.959283,-80.3241931
25.96731,-80.3035348
25.9842782,-80.2550613
25.9917968,-80.2566577
26.0135699,-80.4034564
25.9767983,-80.240105
25.9882712,-80.2428385
25.9890145,-80.2330786
25.9853842,-80.2192385
25.9765875,-80.218773
26.0813953,-80.180779
26.2480353,-80.6053221
26.1492271,-80.0682287
30.5633324,-85.078286
30.3817348,-85.2758361
30.3516292,-85.1283574
30.441013,-85.0369528
26.8553101,-81.6670033
26.9716423,-81.9870105
26.9134149,-82.0561175
26.9376097,-82.0342212
26.9181456,-82.0921622
26.917464,-82.060944
26.8901501,-82.0756607
26.910363,-81.9928748
26.87166,-81.992305
26.8233385,-82.038796
26.783905,-81.9872165
27.001156,-82.0238478
27.021313,-82.0112844
27.0155789,-82.0486081
27.0147145,-82.0640279
27.016231,-82.0764618
27.0088343,-82.0987372
27.025432,-82.0982168
27.0181018,-82.1288503
26.9985323,-82.1464443
26.9888622,-82.1303088
26.9773104,-82.1992189
27.0144912,-82.2078732
26.9463384,-82.1477015
26.9575363,-82.0993051
26.9802622,-82.1120972
26.9738833,-82.0968661
26.9907679,-82.1015467
26.9953119,-82.0858742
26.9826856,-82.0724588
26.9862589,-82.0069118
26.9854054,-82.0412665
26.959535,-82.0640909
26.9583047,-82.2488959
26.9436221,-82.2305884
26.9291455,-82.2743453
26.9319023,-82.2961308
26.9383813,-82.3494341
26.9296771,-82.3239715
26.916676,-82.3226492
26.8380259,-82.2745111
26.8339538,-82.1919811
26.8675379,-82.261595
26.8772497,-82.2774743
26.9056204,-82.2955699
26.9125368,-82.2617388
26.8668794,-82.4199282
28.9241331,-82.4382168
28.9249692,-82.4053265
28.9351962,-82.3729196
28.9746573,-82.4033884
28.911728,-82.4626852
28.9208116,-82.4493433
28.9386379,-82.6086636
28.8839807,-82.5203394
28.940887,-82.4798723
28.9480454,-82.5314797
28.9819825,-82.4778577
29.0012412,-82.4450031
29.0192163,-82.5272993
28.9957465,-82.6686913
28.9423892,-82.6735473
28.8423707,-82.6937406
28.8474917,-82.5505344
28.8766926,-82.5521506
28.886449,-82.443815
28.8677753,-82.4630316
28.8779343,-82.3907709
28.8540052,-82.3616113
28.9133663,-82.317685
28.8646896,-82.277671
28.8614838,-82.3005983
28.8295587,-82.3176585
28.82186,-82.239014
28.7334835,-82.3405103
28.8107032,-82.3278068
28.769663,-82.30794
28.764735,-82.2581917
28.7024011,-82.2995382
28.7737443,-82.4099786
28.7968655,-82.4912237
28.8009972,-82.5421028
28.7278853,-82.468353
28.7076328,-82.5146417
28.766622,-82.5350571
28.7388021,-82.5351188
28.7802688,-82.6157846
28.7667084,-82.6600091
28.8613427,-82.8625161
30.0815218,-81.9007372
30.1506176,-81.9704743
30.0845776,-81.9965338
30.0486755,-81.9047123
30.1301307,-81.8830793
30.1614044,-81.8512461
30.1370786,-81.8194792
30.17117,-81.81613
30.1745783,-81.8222822
30.1041601,-81.8163088
30.0853498,-81.8189607
30.1817657,-81.7173658
30.1809786,-81.7311501
30.1793974,-81.752999
30.1721654,-81.7537814
30.1694304,-81.7397091
30.1643888,-81.7224654
30.1697308,-81.698356
30.0881019,-81.69524
30.1136617,-81.7439861
30.1329919,-81.7104913
30.083469,-81.716842
30.0815595,-81.7235318
30.0904213,-81.7545365
30.1498335,-81.733805
30.1286678,-81.7578533
30.1356019,-81.7892879
30.153396,-81.7727562
30.0983249,-81.7823688
30.1227816,-81.7873957
30.003262,-81.8984378
29.7546334,-82.0189639
29.8736684,-81.8581013
29.817782,-82.043693
29.7958506,-81.9992426
29.8271068,-81.945168
29.9807497,-81.8074888
30.0400295,-81.7739996
30.0511887,-81.8290947
30.0028818,-81.732133
30.00072,-81.7074153
30.0470418,-81.727873
29.9954459,-81.6846689
29.900752,-81.6896421
29.9447034,-81.9828968
26.135465,-81.7974046
26.1484712,-81.8006665
26.1699418,-81.795686
26.1967575,-81.805944
26.1690425,-81.8039373
26.2002485,-81.8147433
26.1643138,-81.8106736
26.1168911,-81.7992646
26.1197806,-81.789262
26.1491071,-81.7902405
26.2983248,-81.7716863
26.277299,-81.7667966
26.2838098,-81.7919263
26.2556869,-81.8070809
26.2664818,-81.8114274
26.2888863,-81.812511
26.3097236,-81.7993695
26.3077039,-81.8221555
26.3047913,-81.8325491
26.2434176,-81.7943072
26.236241,-81.8067462
26.2768385,-81.8251321
26.192039,-81.7802828
26.2072709,-81.7769964
26.2687685,-81.784753
26.2218073,-81.8134826
26.2215521,-81.7798757
26.2400502,-81.7799022
26.196716,-81.7961953
26.1658718,-81.7726837
26.2000661,-81.7272185
26.1778167,-81.7005691
26.2275991,-81.7108796
26.1824675,-81.7137846
26.1920122,-81.7057799
26.1889719,-81.6948846
26.1967132,-81.6964898
26.2583141,-81.6478401
26.2380687,-81.6007316
26.2070786,-81.6368038
26.221829,-81.6267885
26.1833889,-81.6789054
26.1808108,-81.6053722
26.23882,-81.7628193
26.2186437,-81.7570818
26.1787519,-81.7443068
26.1871531,-81.7598754
26.2572299,-81.7277311
26.258324,-81.745635
26.2565389,-81.7116134
26.2570922,-81.695555
26.2561329,-81.759902
26.215278,-81.7444168
26.1459166,-81.7292288
26.1591522,-81.704372
26.1663406,-81.6975385
26.162426,-81.7520372
26.158613,-81.7264677
26.1158002,-81.7217728
26.1189119,-81.7364064
26.1307151,-81.7346845
26.1323354,-81.6993611
26.1477709,-81.7089602
26.1464635,-81.7218134
26.1389237,-81.7727425
26.146128,-81.755743
26.1248099,-81.757522
26.115801,-81.7475955
26.1355938,-81.7444513
26.1219143,-81.7692932
26.0959723,-81.7754768
26.1054921,-81.7278461
26.0896903,-81.724811
26.0111745,-81.716338
26.0825361,-81.7118523
26.0907563,-81.6924233
26.0503973,-81.7517927
25.9443552,-81.7101191
25.9414495,-81.7260245
25.9624854,-81.7314684
25.8905677,-81.67043
25.9323541,-81.7167856
25.9286489,-81.7299539
26.0525458,-81.6898712
26.0228152,-81.0812485
26.0573246,-81.6622395
26.0327452,-81.6847987
26.0421548,-81.6963233
26.0177622,-81.6483549
25.9745827,-81.6770958
25.979597,-81.4429487
26.1005094,-81.6121658
26.402873,-81.4388626
26.4081191,-81.3996452
26.3068251,-81.5217063
26.2768019,-81.7290678
26.2517153,-81.2660259
26.2924661,-81.7046732
26.2874703,-81.6604073
26.362109,-81.5748873
26.2928992,-81.5758703
26.2968118,-81.7393326
26.2649562,-81.5681397
26.4295084,-81.4462367
26.4248811,-81.4643594
26.4371756,-81.4408339
26.4697659,-81.5012607
26.4694613,-81.3295167
26.0657971,-81.8642214
30.2344247,-82.7510384
30.2757156,-82.7112939
30.3849935,-82.566959
30.188127,-82.6226571
30.1720111,-82.6650016
30.0919745,-82.7311197
30.1782857,-82.7793962
30.145939,-82.7047901
30.1523339,-82.6258986
30.1040264,-82.5661677
30.0278371,-82.6709396
29.8864075,-82.7099843
29.9544931,-82.6657364
27.2745585,-81.7016476
27.1121529,-81.6551121
27.2340401,-81.861203
27.1863247,-81.8568262
27.1891881,-81.8765792
27.1417848,-81.9927263
27.2814942,-81.9683005
27.0662418,-81.9871858
27.1037958,-81.8828612
29.6522128,-83.1205033
29.7581131,-83.1224793
29.6456551,-83.0212538
29.4472741,-83.1305767
29.5815245,-83.2623097
29.4227772,-83.3892644
30.375789,-81.6397092
30.3791723,-81.6470058
30.3622768,-81.630039
30.350333,-81.631155
30.3028846,-81.6373406
30.2870913,-81.6578323
30.3133055,-81.6576334
30.3316498,-81.651717
30.3395855,-81.6522836
30.347096,-81.6533775
30.3585448,-81.6576206
30.3801378,-81.6652331
30.3710924,-81.6669492
30.3561218,-81.6707568
30.344717,-81.6678824
30.3094236,-81.7028216
30.3019349,-81.6959386
30.2929776,-81.7059131
30.2826914,-81.7145385
30.2734733,-81.7051903
30.3158643,-81.7085969
30.3132677,-81.7226262
30.3272925,-81.6933183
30.3450251,-81.7086597
30.3356969,-81.7139135
30.3574422,-81.6984469
30.3436036,-81.6897875
30.3603409,-81.6826576
30.3476235,-81.6807716
30.4966368,-81.5982559
30.4194435,-81.5555786
30.4519237,-81.4436806
30.4829672,-81.5635582
30.4812475,-81.5061572
30.4202807,-81.6255968
30.4438479,-81.606311
30.4813582,-81.6156195
30.5193519,-81.6909849
30.4453923,-81.6841786
30.4367622,-81.6847288
30.4490186,-81.6448968
30.4459115,-81.6661035
30.4228579,-81.6833
30.4183421,-81.6626237
30.4682476,-81.7689708
30.4538636,-81.797518
30.4329533,-81.7119583
30.3915199,-81.7936127
30.3785785,-81.8744126
30.3957427,-81.7352594
30.4100947,-81.72372
30.4017757,-81.7134136
30.4096454,-81.6861334
30.3937751,-81.6708858
30.3898594,-81.6933907
30.3921062,-81.7081201
30.3790818,-81.7120424
30.3749094,-81.6868637
30.3720863,-81.7130666
30.3545781,-81.7686832
30.3389167,-81.741689
30.3261455,-81.8088076
30.310222,-81.8065169
30.2893378,-81.8242092
30.2916482,-81.8089375
30.3102335,-81.7666953
30.319595,-81.7404135
30.2927119,-81.734652
30.3002019,-81.7455794
30.2949463,-81.7252802
30.2750716,-81.7279137
30.2715136,-81.7409763
30.2929528,-81.7625421
30.2802229,-81.7572772
30.2702928,-81.8012483
30.281826,-81.7773034
30.2583233,-81.7775062
30.2580595,-81.7628083
30.2589116,-81.7473951
30.2644489,-81.6994344
30.2447758,-81.6805931
30.2221088,-81.6691279
30.215889,-81.7119399
30.1938953,-81.7209368
30.2379183,-81.7270959
30.2587453,-81.7336814
30.2526243,-81.719772
30.2173255,-81.7776705
30.2398284,-81.7846793
30.2203042,-81.7261858
30.2295973,-81.7687236
30.19585,-81.7525108
30.229299,-81.7513488
30.2147421,-81.7511926
30.2089237,-81.8310111
30.2075981,-81.808493
30.2132219,-81.7877417
30.1919354,-81.7957281
30.1995062,-81.7876879
30.2618104,-81.8445474
30.2808118,-81.8538525
30.3845555,-81.417826
30.3550467,-81.4313603
30.3330624,-81.4228804
30.3653277,-81.4175047
30.3523024,-81.3979803
30.3511628,-81.4069546
30.3160388,-81.39935
30.3182098,-81.4248919
30.2971204,-81.4125149
30.2978761,-81.3976735
30.2959935,-81.3906019
30.2580334,-81.3906744
30.2698788,-81.4098446
30.2840219,-81.39032
30.2756997,-81.3886286
30.2989721,-81.5353398
30.2910144,-81.5120863
30.3398443,-81.5074499
30.3349067,-81.463059
30.3600838,-81.4623792
30.2981116,-81.4500884
30.3637497,-81.5094857
30.3686007,-81.4952613
30.3490842,-81.4737165
30.3304379,-81.4810918
30.3105357,-81.5214876
30.300989,-81.4736735
30.3095553,-81.472892
30.3026674,-81.4319422
30.3115252,-81.4519584
30.3132034,-81.5095106
30.3103051,-81.4997331
30.2752439,-81.4287064
30.174473,-81.5357813
30.2715557,-81.5317015
30.2682734,-81.5079273
30.2688871,-81.4904978
30.2399019,-81.5371132
30.2253406,-81.5425337
30.2798769,-81.4764746
30.2630318,-81.4719251
30.2848585,-81.4505963
30.2590091,-81.4464659
30.1753273,-81.4719515
30.2437881,-81.4973508
30.2026361,-81.5257916
30.2097198,-81.5409348
30.2736616,-81.5522909
30.2613433,-81.5458926
30.2999116,-81.5532684
30.3809604,-81.5471209
30.3444981,-81.5352626
30.3317411,-81.5459584
30.3816272,-81.5830561
30.3844175,-81.6162414
30.3760108,-81.603484
30.3543621,-81.6079656
30.3611074,-81.581521
30.3568283,-81.5642398
30.345027,-81.5651031
30.3278595,-81.5667233
30.3418347,-81.5838052
30.3465716,-81.5965045
30.3360928,-81.6094548
30.3346297,-81.5959038
30.3210307,-81.5850938
30.3215331,-81.5713616
30.312694,-81.617528
30.3037782,-81.6154548
30.3021581,-81.6021991
30.3061038,-81.5786928
30.2975978,-81.5824574
30.3123833,-81.5674453
30.2989522,-81.5673774
30.2096233,-81.5592678
30.2708678,-81.5853389
30.2280675,-81.5554795
30.2421551,-81.5680094
30.274438,-81.5703692
30.2539746,-81.5605083
30.259939,-81.5701275
30.2790761,-81.5978466
30.2634024,-81.6002718
30.290932,-81.6192642
30.2826652,-81.6089082
30.2761195,-81.6236125
30.2716069,-81.6326543
30.2798382,-81.6610015
30.2475346,-81.63748
30.2233874,-81.6038077
30.2395921,-81.6182015
30.2438004,-81.5969518
30.2529214,-81.6182185
30.2028198,-81.640799
30.2134907,-81.6102057
30.2027919,-81.5671075
30.191627,-81.618859
30.1809592,-81.6161335
30.1815254,-81.5736403
30.1734544,-81.5898972
30.1974344,-81.5890083
30.1963357,-81.6076867
30.1760518,-81.6401417
30.1449604,-81.6151977
30.1562544,-81.6615284
30.1647831,-81.615291
30.1702473,-81.6230896
30.1531677,-81.5647404
30.164756,-81.5876582
30.1432998,-81.5842801
30.1376963,-81.5623117
30.1270484,-81.5629228
30.3095584,-81.6829036
30.3109206,-81.6776343
30.3303596,-81.6639688
30.2737719,-81.9400913
30.332646,-81.633713
30.3790534,-81.3635855
30.4051499,-87.2221096
30.4018748,-87.2350909
30.4228814,-87.2349759
30.4264631,-87.2235491
30.4273529,-87.2137122
30.4045137,-87.2092179
30.435774,-87.2045924
30.4368563,-87.1925262
30.4531807,-87.1779672
30.42271,-87.1809715
30.4667334,-87.168696
30.4917781,-87.1538391
30.4955186,-87.1826546
30.4776842,-87.2142083
30.4948698,-87.2162337
30.4573066,-87.2125977
30.4629833,-87.2311554
30.4873522,-87.248117
30.4438109,-87.2180587
30.4409358,-87.2305399
30.4551461,-87.2458528
30.4354538,-87.2387155
30.4261086,-87.249643
30.4322442,-87.2614384
30.4092604,-87.2665966
30.3967736,-87.2613493
30.3742885,-87.2706758
30.3506144,-87.316902
30.358921,-87.0057061
30.3885358,-87.3889578
30.3112312,-87.3663031
30.3666239,-87.4207461
30.3705666,-87.3752681
30.3175924,-87.4145184
30.3380474,-87.3788925
30.406966,-87.3577821
30.3896204,-87.2936672
30.393133,-87.3309398
30.4226433,-87.3052362
30.4093344,-87.3055925
30.4117467,-87.2830253
30.4003904,-87.2939555
30.42121,-87.2861634
30.4456324,-87.2859465
30.4376104,-87.2845198
30.4530657,-87.2646086
30.4845771,-87.2732349
30.5067768,-87.2977104
30.4781819,-87.2931767
30.5086926,-87.3264917
30.4525016,-87.3412804
30.4439818,-87.3031812
30.480454,-87.3287291
30.4649711,-87.2804049
30.458025,-87.2881663
30.432879,-87.318344
30.4563863,-87.3134336
30.5252917,-87.2903394
30.5063683,-87.202446
30.509751,-87.1739349
30.5262064,-87.2257351
30.527923,-87.2552541
30.5088735,-87.2388172
30.5293586,-87.1947233
30.5412368,-87.1745144
30.5007855,-87.3946203
30.5503982,-87.2164548
30.5565192,-87.2480225
30.5398327,-87.2632872
30.5643903,-87.2714835
30.5502697,-87.297073
30.5582949,-87.3343335
30.6126018,-87.3795005
30.6287515,-87.2936605
30.5881547,-87.3252581
30.8374536,-87.4978131
30.857839,-87.3810901
30.9674894,-87.2779276
30.2462915,-87.2188249
29.5646221,-81.1987246
29.6281165,-81.2263857
29.5893284,-81.206025
29.6220414,-81.197656
29.5687338,-81.2178815
29.4733914,-81.3987458
29.3456542,-81.2418371
29.4380378,-81.1904029
29.5383698,-81.2556755
29.5338114,-81.2378066
29.5371953,-81.2196847
29.4933524,-81.2074328
29.5075547,-81.2371747
29.5845137,-81.2704965
29.619183,-81.2702478
29.5104619,-81.2578711
29.4863185,-81.242322
29.5660541,-81.2355904
29.559141,-81.252247
29.5273448,-81.1758881
29.46185,-81.12155
29.5481622,-81.1647962
29.4393019,-81.1461765
29.54884,-81.1254111
29.7901093,-84.6226748
29.9315325,-84.5537071
29.8628681,-84.8637307
29.731534,-85.0542243
29.603101,-85.0093704
29.573841,-84.9256791
29.7739453,-84.5050399
30.6325077,-84.455663
30.6177343,-84.3473325
30.6344273,-84.3946581
30.6565708,-84.6381265
30.6354529,-84.7998434
30.6213827,-84.56287
30.5359635,-84.4507108
30.5318399,-84.6342129
30.5343308,-84.5687323
30.4958067,-84.6778827
29.8135818,-82.8268265
29.7985186,-82.6885927
29.6383351,-82.9151916
29.6417607,-82.7089199
29.6452541,-82.8155766
27.1145657,-80.9726318
26.9221682,-81.4150285
26.8328162,-81.2204626
27.0399248,-81.1770999
26.9196777,-80.9880748
30.1066572,-85.1570723
30.0601182,-85.2852981
29.9028926,-85.3218282
29.8587172,-85.147521
29.72464,-85.3306283
29.603079,-85.268675
30.4842789,-82.9652541
30.5062887,-82.99847
30.4944677,-82.8403623
30.4745304,-83.14164
30.5726041,-83.1705039
30.4045217,-82.7529351
27.6121633,-81.6801256
27.4327929,-81.699984
27.6047539,-81.7890112
27.6376341,-81.9384448
27.5788434,-81.8133573
27.549946,-81.9620277
27.5359066,-81.8158862
27.4342821,-81.9357662
26.7528757,-80.9515972
26.7789195,-80.9336042
26.7032433,-80.9759517
26.6248243,-81.3431898
26.7591069,-81.5209345
26.7527222,-81.4118758
26.734726,-81.4962762
26.389518,-81.0649942
26.673081,-81.1074313
26.8345805,-80.9036823
28.5558123,-82.1469495
28.4953362,-82.214836
28.615086,-82.3027221
28.5603661,-82.2889225
28.4928903,-82.2684011
28.4705059,-82.3793396
28.5215913,-82.3655097
28.5551435,-82.3778211
28.5424777,-82.4003373
28.5720897,-82.4070776
28.649206,-82.4094477
28.56844,-82.4321188
28.6459961,-82.5335608
28.569016,-82.5240186
28.5472517,-82.5209408
28.5480686,-82.4899579
28.4425428,-82.5545004
28.4562286,-82.492908
28.4699111,-82.5170778
28.4855853,-82.5059638
28.5101164,-82.4899396
28.5141723,-82.4376334
28.4711974,-82.4579738
28.4535781,-82.5187228
28.4412705,-82.520968
28.5243379,-82.5276188
28.504081,-82.539567
28.5196575,-82.5112526
28.4901569,-82.5281807
28.4852943,-82.5604013
28.4634809,-82.5689236
28.4828261,-82.5528538
28.4698713,-82.5391924
28.5113167,-82.5588967
28.4969994,-82.579327
28.4838938,-82.5935317
28.4552183,-82.6011854
28.4684773,-82.5957279
28.4752048,-82.5944897
28.4579805,-82.592419
28.4384936,-82.6240184
28.441942,-82.5750604
28.468093,-82.6672645
28.486766,-82.6330179
28.5949747,-82.6159473
28.5428565,-82.6210875
28.5650111,-82.7678633
27.5839631,-81.3866768
27.5687901,-81.4751183
27.5412996,-81.4830527
27.5697285,-81.5074107
27.6230303,-81.4694937
27.5931945,-81.5041094
27.6100894,-81.5389452
27.6362277,-81.5485357
27.5791575,-81.5379743
27.5294359,-81.5389729
27.5233442,-81.5074935
27.5077843,-81.5033692
27.4888531,-81.5128925
27.5116059,-81.4636346
27.5027312,-81.4490529
27.5069295,-81.4084559
27.4534529,-81.2492956
27.4729378,-81.446841
27.4746168,-81.4108784
27.4054001,-81.3872357
27.4415686,-81.4917674
27.4463655,-81.4426791
27.41924,-81.4366865
27.3722807,-81.4782958
27.3467194,-81.4060771
27.3017535,-81.1508609
27.1615327,-81.3667713
27.2804517,-81.4869083
27.2860736,-81.3794724
27.2579306,-81.4023313
27.2370866,-81.331826
27.262793,-81.2591343
27.4523095,-81.5426829
27.5938146,-81.2575696
27.4566314,-81.3415936
28.0484773,-82.4131381
28.0380365,-82.4109883
28.0515195,-82.4466455
28.0478249,-82.4330986
28.0377654,-82.4439828
28.0384194,-82.4325742
28.0515226,-82.4614512
28.0381828,-82.4594723
28.0434003,-82.4730957
28.0295881,-82.4765398
28.0290218,-82.4595138
28.0277315,-82.4456524
28.0205121,-82.4429772
28.0272386,-82.435662
28.0289804,-82.4108652
28.0242562,-82.4065185
28.0177786,-82.4274642
28.0023042,-82.4172624
28.0133973,-82.446001
28.0156612,-82.4586636
28.0194445,-82.4719263
28.0037546,-82.4772015
28.002797,-82.4655029
28.0033718,-82.4553647
28.0037955,-82.4439883
27.9900018,-82.4131115
27.9877415,-82.4275954
27.9891174,-82.4393627
27.9887785,-82.4470567
27.9887927,-82.4552746
27.9874353,-82.4644384
27.9895135,-82.4774143
27.9859443,-82.4916414
27.9806033,-82.5129537
27.976592,-82.489936
27.969276,-82.4900217
27.9742037,-82.472712
27.9742256,-82.4635453
27.9733689,-82.4535125
27.9773534,-82.4436539
27.9696227,-82.4470814
27.9697247,-82.4389002
27.977831,-82.4264086
27.9687918,-82.426859
27.9771191,-82.4037453
27.9572549,-82.3894916
27.960398,-82.4248437
27.9625015,-82.4566189
27.962857,-82.4652534
27.9602984,-82.4711251
27.9615054,-82.4807919
27.9615509,-82.4932091
27.9615877,-82.5082195
27.9544907,-82.5339109
27.9480885,-82.517039
27.9503088,-82.4948314
27.9505437,-82.4809014
27.9414775,-82.479997
27.9479042,-82.4706974
27.948492,-82.4568348
27.9336935,-82.4484335
27.9496228,-82.4461325
27.9233774,-82.4369032
27.9215781,-82.4558733
27.940147,-82.4679013
27.9409044,-82.4957989
27.9337097,-82.5119638
27.9320417,-82.5307263
27.9315985,-82.4943916
27.9328171,-82.4753348
27.9147472,-82.4924354
27.9168559,-82.5003139
27.9156566,-82.5119667
27.9172001,-82.5266985
27.9009985,-82.519537
27.9006348,-82.5317072
27.8926862,-82.5382554
27.9030008,-82.5091277
27.9010263,-82.4990099
27.8860221,-82.5004339
27.886406,-82.4867603
27.8750318,-82.4973535
27.884286,-82.5134113
27.8708055,-82.512574
27.8895055,-82.5302112
27.8828333,-82.5206189
27.8536982,-82.540362
27.8491777,-82.5107811
28.05306,-82.2190285
28.0529254,-82.1582515
28.0591352,-82.1108918
28.1113135,-82.0916912
28.0486842,-82.3371352
28.0452485,-82.3628605
28.1379373,-82.2987947
28.1269518,-82.3540928
28.1357252,-82.3159279
28.0763803,-82.3285038
28.1636441,-82.2929978
28.1602042,-82.3424365
28.1518865,-82.3181793
28.1541085,-82.3377437
28.0613829,-82.3005604
28.0387493,-82.2709543
28.023195,-82.3317312
28.0278407,-82.3709971
28.0044427,-82.3647054
28.011865,-82.4066463
28.0088618,-82.3967491
28.0241735,-82.3850472
28.0487012,-82.3820268
28.0391238,-82.3856259
28.0610442,-82.4499036
28.072868,-82.4287136
28.0600249,-82.3986255
28.065467,-82.3654247
28.0617906,-82.3824548
28.0616341,-82.4290624
28.0678261,-82.4334723
28.0593198,-82.4394513
28.0789335,-82.4450553
28.0760586,-82.4119533
28.0753839,-82.420144
28.0717083,-82.437117
28.0715649,-82.4482036
28.0779399,-82.4157999
28.0709133,-82.4200979
28.0662816,-82.4061573
28.097699,-82.441189
28.1532927,-82.4520159
28.1460694,-82.4284057
28.1215802,-82.4511346
28.1230859,-82.4005751
28.0920493,-82.4200858
28.1364062,-82.3707907
28.1040553,-82.3796956
28.0859545,-82.3773218
28.0860953,-82.4011502
28.1523235,-82.3685606
28.146279,-82.482303
28.1092505,-82.4978603
28.0945035,-82.4895989
28.0945636,-82.4667705
28.1257832,-82.4840479
28.0817244,-82.4841833
28.0786504,-82.4661834
28.0633181,-82.4752917
28.0618117,-82.4609136
28.0748248,-82.4984322
28.0647158,-82.4913716
28.0470323,-82.495527
28.0741014,-82.5118644
28.0591163,-82.5220971
28.0548632,-82.5110075
28.0965046,-82.5625577
28.0858215,-82.5454821
28.0591689,-82.5762244
28.0669968,-82.5579565
28.0539453,-82.5592005
28.0477366,-82.539993
28.0439909,-82.5239726
28.076503,-82.535945
28.078902,-82.523612
28.1512226,-82.604682
28.07077,-82.6114158
28.1466513,-82.5649079
28.1656715,-82.4978409
28.1110803,-82.554425
28.1025888,-82.5299395
28.0912857,-82.5280486
28.088301,-82.5139713
28.1164386,-82.6215022
28.0496022,-82.6398494
28.0419041,-82.6099969
28.1378069,-82.5353779
28.1453695,-82.5141793
28.1205405,-82.525188
28.1030635,-82.508636
28.0564973,-82.6083167
28.051446,-82.5872391
28.1138432,-82.6433146
28.0826396,-82.6308888
28.0183963,-82.5519493
28.0093058,-82.5400349
28.0318842,-82.5773639
28.0304107,-82.5473682
28.017084,-82.5723906
28.002722,-82.5727485
28.0174903,-82.5941486
28.0091469,-82.5870205
28.0309957,-82.6021234
28.0101991,-82.601631
27.9766176,-82.555108
27.9854582,-82.5768776
28.004926,-82.60761
27.988627,-82.5881244
27.9862266,-82.5669339
27.9896157,-82.5528398
28.0025605,-82.5152812
28.0172088,-82.5157833
28.0346625,-82.51288
28.0263613,-82.5142738
28.0034018,-82.4864548
28.0306578,-82.4902855
28.0272204,-82.5026613
28.0190603,-82.4977266
28.0141027,-82.4922337
28.0019221,-82.4947839
27.9873418,-82.3858264
27.970378,-82.3782809
27.9830389,-82.3435177
28.0041841,-82.2509415
27.9914239,-82.2920184
27.9942354,-82.2818916
27.9777805,-82.3237821
27.987208,-82.3090236
27.9654155,-82.2926336
27.9748253,-82.2716999
27.9631848,-82.2601859
27.9618303,-82.238785
27.9437185,-82.2381552
27.9617855,-82.3442931
27.9428809,-82.3152037
27.9619094,-82.3217122
27.9483382,-82.2987823
27.9486988,-82.2817351
27.9439187,-82.2671419
28.0125902,-82.2144635
27.9737491,-82.2128059
27.9544083,-82.1817682
27.9987645,-82.1731032
27.9860995,-82.1469395
27.972112,-82.1563576
28.0019031,-82.1337086
28.017269,-82.1529294
28.0239078,-82.1284924
28.0286405,-82.1156268
28.0044014,-82.1110148
28.0125761,-82.0888526
27.9779643,-82.0957092
27.9587378,-82.1388398
27.9484805,-82.0841502
27.9078918,-82.0853161
27.9318712,-82.2460798
27.9300946,-82.2328249
27.919084,-82.2312592
27.9014559,-82.2377092
27.9147944,-82.2071328
27.889643,-82.2115603
27.9046372,-82.2581497
27.9313981,-82.3057448
27.9093536,-82.3099848
27.9296965,-82.281666
27.9298736,-82.2609217
27.9140531,-82.2838816
27.8991849,-82.2816738
27.9307503,-82.3415735
27.9328365,-82.3261228
27.9171998,-82.3410878
27.9066632,-82.3371704
27.9021372,-82.3255249
27.9003433,-82.304656
27.918607,-82.3101955
27.8877262,-82.3001066
27.8776704,-82.2821833
27.8747543,-82.2354719
27.8838064,-82.3222101
27.8867165,-82.3099444
27.8667075,-82.3118292
27.8628816,-82.2904547
27.8849045,-82.2568575
27.8647086,-82.2616346
27.9331746,-82.4028891
27.9420012,-82.3719976
27.9280816,-82.3788846
27.9348145,-82.3602597
27.9051445,-82.3879143
27.8863569,-82.396239
27.8791693,-82.359099
27.9120307,-82.3577901
27.8777387,-82.3391496
27.8964906,-82.3436248
27.8244777,-82.3950484
27.853237,-82.3513571
27.844594,-82.3681522
27.8184321,-82.358905
27.8402652,-82.339765
27.8133803,-82.3424053
27.7625016,-82.1197777
27.7002411,-82.2198482
27.805317,-82.2634192
27.7401296,-82.309122
27.6740185,-82.3326128
27.8080551,-82.3275798
27.7845132,-82.3053481
27.801761,-82.307086
27.8284657,-82.2755589
27.8444399,-82.2860016
27.8492532,-82.2150901
27.836586,-82.2352429
27.8252911,-82.3139122
27.8439083,-82.3196768
27.7883525,-82.177457
27.6628108,-82.4642355
27.6641548,-82.3928375
27.7593366,-82.3445762
27.7328288,-82.3421452
27.7269059,-82.3749923
27.7185512,-82.3522375
27.7036633,-82.3768108
27.6876503,-82.3766422
27.6814411,-82.4133417
27.7083183,-82.3579753
27.683093,-82.3557331
27.6840979,-82.5082653
27.7784064,-82.3946223
27.7145119,-82.4351793
27.6958373,-82.4250926
27.782857,-82.4101039
27.759871,-82.4256795
27.7589967,-82.3884201
27.745752,-82.4495817
27.7241906,-82.4067301
27.9599023,-82.4452526
28.1221927,-82.1821382
28.0285958,-82.6345298
27.9684636,-82.6404108
27.6418925,-82.6713916
28.112064,-82.3316896
28.10925,-82.2884248
28.0018766,-82.6211117
27.9787131,-82.5347438
28.122002,-82.5074103
27.811935,-82.5125947
27.5958745,-82.8472084
30.951354,-85.683992
30.8946978,-85.9410078
30.7517226,-85.9287049
30.8583434,-85.7764315
30.7492318,-85.6544618
30.8310575,-85.6532728
30.7725076,-85.6906878
27.6346881,-80.4129318
27.6273223,-80.4113634
27.6420319,-80.4103849
27.6517393,-80.4359133
27.6753714,-80.4182304
27.6746529,-80.4362112
27.6653208,-80.3989998
27.6812609,-80.3950863
27.6315547,-80.3847074
27.6424809,-80.3834222
27.6389788,-80.3578056
27.67244,-80.3706719
27.803627,-80.4296405
27.7052791,-80.3785613
27.6097459,-80.3480519
27.573004,-80.3377418
27.6129684,-80.3755175
27.6159263,-80.400626
27.5976,-80.3972377
27.5942647,-80.3682455
27.5674003,-80.3644467
27.5740733,-80.4022966
27.5686195,-80.3830389
27.6207073,-80.4327446
27.627496,-80.4544024
27.598323,-80.4387725
27.5725884,-80.4308809
27.6504846,-80.4614404
27.6489297,-80.4854788
27.7614063,-80.4425998
27.7860081,-80.4699705
27.7926269,-80.4982243
27.825037,-80.4855166
27.7700897,-80.4826855
27.7565183,-80.4896313
27.6907904,-80.4612565
27.7273108,-80.4329722
27.7818008,-80.5347676
27.5914693,-80.4881934
27.6354542,-80.5092211
27.6884277,-80.5236851
27.6869113,-80.7157861
27.6970316,-80.5948124
27.6565864,-80.4163105
27.7116643,-80.3463391
30.9607543,-85.1538554
30.917595,-85.3386778
30.8905428,-85.5140814
30.9666464,-85.4619787
30.8354139,-85.37993
30.8057897,-85.2637774
30.7338695,-85.2514342
30.8015461,-85.1594767
30.8679138,-85.0866421
30.6509229,-84.9513807
30.764089,-84.9542335
30.7043666,-85.0896119
30.62318,-85.3047845
30.5147528,-83.824518
30.5061273,-83.9443831
30.544503,-83.8313182
30.5896292,-83.7963729
30.3165567,-83.9562099
30.0061512,-84.0347549
30.1801564,-83.2955479
29.9443501,-83.1767491
30.038645,-83.1280025
29.1148344,-81.5606561
28.9925345,-81.6295648
28.9047662,-81.4174866
28.886075,-81.555609
28.936295,-81.6210757
28.9255344,-81.7098559
28.9470151,-81.5130249
28.9827254,-81.4378459
28.8551794,-81.6332772
28.843368,-81.6791621
28.8634421,-81.6754571
28.839453,-81.6627174
28.8365403,-81.7059369
28.8737448,-81.7045739
28.8799073,-81.7327668
28.8542904,-81.820323
28.9239393,-81.8029492
28.8755744,-81.7632497
28.8509541,-81.7743179
28.8303344,-81.7645027
28.8662731,-81.9239157
28.8722376,-81.8695361
28.9006893,-81.9348703
28.9221592,-81.9412024
28.94541,-81.9369025
28.9252727,-81.8628502
28.9332061,-81.8985
28.8324896,-81.9010788
28.8395351,-81.9357266
28.7937636,-81.9162919
28.827213,-81.8809833
28.8121321,-81.8758474
28.7980669,-81.8752443
28.8066087,-81.8245138
28.8199475,-81.7280023
28.8017151,-81.7201434
28.7801206,-81.7738106
28.8041219,-81.749725
28.8046763,-81.7005159
28.8069223,-81.6374939
28.807433,-81.6688845
28.83572,-81.4329778
28.8192286,-81.5882176
28.7976804,-81.5526891
28.6777052,-81.7199935
28.7315151,-81.6988133
28.6923089,-81.7967376
28.761718,-81.8708341
28.7304675,-81.8266235
28.7217884,-81.8804532
28.7290509,-81.9378329
28.6818034,-81.9133176
28.4548043,-81.8880885
28.6220437,-81.9168711
28.5676887,-81.902822
28.6205728,-81.8513529
28.5878622,-81.8121691
28.6246803,-81.7876298
28.6300002,-81.7074533
28.5267268,-81.6830945
28.4744811,-81.6799204
28.586716,-81.7456685
28.5597393,-81.7470696
28.5293801,-81.783439
28.4183283,-81.6862358
28.5350307,-81.7258577
28.5101875,-81.729919
28.3491638,-81.6658353
28.4031246,-81.7776804
28.5722151,-81.7146127
28.5540895,-81.7266585
28.5598397,-81.6895639
28.4882857,-81.7644579
28.5028045,-81.780273
28.4258409,-81.7255303
26.6691871,-81.8352487
26.66259,-81.845615
26.6574785,-81.8390054
26.6667164,-81.8206017
26.6839769,-81.8065523
26.676706,-81.7911613
26.6435918,-81.8431321
26.6549116,-81.8310516
26.650891,-81.8106471
26.6334395,-81.8431236
26.6330567,-81.8653593
26.6331082,-81.8816619
26.6071327,-81.8920956
26.6009004,-81.8813712
26.6190965,-81.8782116
26.6180906,-81.8635949
26.6019259,-81.8637435
26.6080741,-81.862822
26.6154568,-81.8488876
26.620589,-81.8175931
26.602875,-81.8334297
26.5458785,-81.8481121
26.5694784,-81.8440068
26.5868457,-81.8342469
26.6021004,-81.8219365
26.5801956,-81.8631797
26.5858967,-81.8781424
26.5870507,-81.8871452
26.565275,-81.889537
26.5676019,-81.8779137
26.5548258,-81.8616743
26.5384363,-81.8619677
26.5538049,-81.9009834
26.5385636,-81.8936925
26.5301358,-81.9178281
26.5514924,-81.8803383
26.5305646,-81.8801332
26.5259456,-81.9054031
26.5411749,-81.9107866
26.5664386,-81.9083917
26.5486328,-81.9199214
26.5291312,-81.9488355
26.4727603,-81.9261916
26.4917557,-81.9536681
26.4860182,-81.9761206
26.4979508,-81.9606319
26.5050846,-81.9470464
26.5004415,-81.9925531
26.4966953,-81.9319238
26.515904,-81.9342453
26.5146714,-81.9045973
26.505203,-81.9163773
26.5060555,-81.8868367
26.4646799,-81.8943847
26.5124547,-81.9603576
26.5131208,-81.9736975
26.7670901,-82.0514154
26.6616509,-82.0260411
26.6752096,-82.006286
26.6493713,-82.0118099
26.6615284,-82.0495915
26.7056852,-82.061598
26.6913216,-82.0114538
26.7506569,-81.9335984
26.7470889,-81.9909393
26.6821307,-81.9383043
26.6648735,-81.9724366
26.6915472,-81.9775767
26.7175832,-81.9517395
26.7062749,-81.9344643
26.7316732,-81.9167249
26.7134835,-81.9159383
26.6650808,-81.9250913
26.6213875,-81.9503348
26.6437481,-81.9159554
26.643388,-81.9698788
26.6487744,-81.9503311
26.6396201,-81.9295188
26.6150651,-81.9228729
26.6149939,-81.9812998
26.5694969,-81.9864475
26.5785693,-81.9765892
26.6205092,-81.9662929
26.6035023,-81.9686024
26.5310409,-82.034947
26.5543918,-82.0209438
26.5454598,-81.9984705
26.5649611,-81.9987398
26.6231935,-81.9996699
26.6250367,-82.0235829
26.5952104,-82.0015136
26.587616,-82.020144
26.5964739,-82.0566057
26.5944846,-81.9588726
26.5777112,-81.9620254
26.5725418,-81.9602909
26.5927838,-81.9505713
26.5681731,-81.9524934
26.5960384,-81.9274563
26.5840711,-81.9281848
26.5373817,-81.9885968
26.5591991,-81.9499479
26.546083,-81.9482964
26.716228,-81.8867594
26.736439,-81.8983318
26.7617563,-81.9090923
26.7352592,-81.8654901
26.7492949,-81.8271648
26.7047348,-81.8623011
26.7184361,-81.8716171
26.7071265,-81.8307415
26.69018,-81.879442
26.6745161,-81.8724337
26.6709291,-81.8907092
26.657338,-81.9026902
26.6939751,-81.9081722
26.6913676,-81.8932976
26.7557936,-81.7439492
26.6956927,-81.7464325
26.7092135,-81.7571336
26.7081757,-81.6933879
26.7422983,-81.6360501
26.5369554,-81.8282958
26.6065824,-81.7269945
26.6176111,-81.7900223
26.527488,-81.814306
26.501818,-81.8272876
26.5596678,-81.8136368
26.4437428,-81.7679173
26.5470061,-81.6524634
26.6149298,-81.7456765
26.5955565,-81.7290963
26.6414356,-81.7591715
26.625919,-81.7339045
26.6203963,-81.6717145
26.6229838,-81.7007541
26.6495939,-81.7048625
26.6059789,-81.7688857
26.5798919,-81.7735762
26.5693832,-81.7547859
26.5561035,-81.7787296
26.5992485,-81.7916381
26.5692799,-81.7880419
26.6036285,-81.8074554
26.5799163,-81.8112783
26.5899578,-81.7499315
26.5828947,-81.7311286
26.5045981,-81.674911
26.4633729,-81.7730192
26.6666746,-81.6834548
26.6719999,-81.6998186
26.6190095,-81.590085
26.6818232,-81.6260312
26.6601515,-81.5798871
26.6562998,-81.6290686
26.6267116,-81.6116077
26.6300522,-81.647214
26.6044945,-81.6960586
26.5826338,-81.6927695
26.5884722,-81.6703271
26.5958425,-81.6588133
26.6085033,-81.6377055
26.543283,-81.5828961
26.5620665,-81.643667
26.5802908,-81.6357353
26.5439892,-81.617332
26.5834345,-81.5999268
26.5825476,-81.5824215
26.5799895,-81.6152503
26.5970132,-81.6274986
26.4542731,-81.8289198
26.4426588,-81.8498128
26.5028479,-81.86479
26.4822098,-81.8614703
26.4827123,-81.7985701
26.4780443,-81.8340274
26.4758846,-81.8133796
26.4562291,-81.8088564
26.4835888,-81.8178562
26.437161,-81.7945735
26.4456897,-81.8018529
26.4666053,-81.8164526
26.4612445,-81.7958708
26.3613812,-81.8319358
26.426885,-81.7938538
26.4307046,-81.7480884
26.3885996,-81.7066607
26.4046267,-81.7786564
26.4087038,-81.799808
26.3539683,-81.801712
26.3742848,-81.7888832
26.4236943,-81.841151
26.4225085,-81.8200808
26.3873165,-81.8378924
26.3753182,-81.8159164
26.3250607,-81.6646982
26.3251086,-81.7242014
26.3246837,-81.6888134
26.3487638,-81.7839078
26.355118,-81.7689102
26.3380303,-81.7587598
26.3220048,-81.7761856
26.3286577,-81.8185864
26.3335774,-81.7931837
26.3215119,-81.796464
26.4625807,-81.9485694
26.4530768,-81.9498863
26.404405,-81.8961624
26.4130263,-81.8874203
26.421428,-81.8990601
26.3902668,-81.8654138
26.6318488,-82.1641581
26.6570369,-82.1156105
26.497769,-82.0783551
26.5425824,-82.1019765
26.6042723,-82.2180194
26.435177,-82.0539675
26.4348372,-82.1105377
26.4604768,-82.1003806
26.6512146,-81.872383
26.7481663,-82.2579155
26.5292922,-81.7514137
26.5361549,-82.2117072
30.4462737,-84.2737061
30.4251786,-84.2722887
30.4188397,-84.2567218
30.4180034,-84.2394517
30.4283619,-84.2846703
30.4358071,-84.2934504
30.4384196,-84.2910109
30.4503149,-84.2919399
30.4570859,-84.2837233
30.4618674,-84.269205
30.4401276,-84.2523071
30.442839,-84.2393365
30.4285011,-84.2347477
30.4663776,-84.2474198
30.456234,-84.2446361
30.4155875,-84.2733463
30.408919,-84.2737275
30.4171849,-84.2923388
30.402402,-84.296265
30.4295966,-84.2972561
30.4431469,-84.3007363
30.4542567,-84.302675
30.4616925,-84.2991478
30.4709358,-84.297603
30.4792006,-84.2871376
30.4978152,-84.2924662
30.4865839,-84.2659002
30.4828109,-84.2549174
30.3885487,-84.2961229
30.4077655,-84.2414851
30.3892054,-84.2680061
30.4179003,-84.31047
30.4133433,-84.337543
30.4433362,-84.3422636
30.4442964,-84.3138119
30.4331578,-84.3084544
30.4363864,-84.322057
30.4447913,-84.3255327
30.4695361,-84.3325894
30.454435,-84.3204902
30.458324,-84.3327144
30.4515522,-84.3293785
30.4752883,-84.3491616
30.4858369,-84.3410129
30.5078693,-84.351411
30.4989469,-84.3156557
30.5192289,-84.3324573
30.5834544,-84.3144891
30.5017262,-84.3818052
30.4725653,-84.3805861
30.4938183,-84.2283877
30.5061166,-84.2233742
30.6436073,-84.2273008
30.6242927,-84.1603601
30.5239783,-84.208552
30.525172,-84.2309144
30.5196434,-84.2520852
30.6073092,-84.2475464
30.5967843,-84.2335899
30.5378942,-84.1944873
30.5516583,-84.2034116
30.5826218,-84.2632761
30.555438,-84.2242375
30.4643787,-84.2120654
30.4537012,-84.085665
30.4311952,-84.2177277
30.4897036,-84.2001807
30.4703394,-84.1583913
30.4509876,-84.1533119
30.5240223,-84.1466613
30.5723848,-84.0619715
30.4168341,-84.1697475
30.425327,-84.1515811
30.3287665,-84.299358
30.3256584,-84.171756
30.39005,-84.1810353
30.3976984,-84.1209269
30.3672705,-84.3848623
30.3887591,-84.5489241
29.449,-82.4782593
29.4604518,-82.6662464
29.4830252,-82.5876071
29.4413903,-82.8085416
29.3334902,-82.9629591
29.4924492,-82.9329008
29.5628831,-82.8695564
29.2238059,-82.8259269
29.2804898,-82.4892724
29.3263116,-82.5647398
29.3698418,-82.4369828
29.102041,-82.6469617
29.0612853,-82.9157125
30.1920403,-84.8085808
30.2093963,-85.0087287
30.5072602,-84.9311841
30.4625674,-84.8580729
30.5851161,-83.3844251
30.4547445,-83.5777694
30.5052788,-83.390869
30.431354,-83.4152352
30.34943,-83.3532607
27.4982458,-82.5726649
27.4844713,-82.5691948
27.4697264,-82.5671775
27.4711729,-82.5543644
27.4549981,-82.5691512
27.4547226,-82.5493322
27.4548986,-82.5589984
27.4467995,-82.5676598
27.4378501,-82.5500584
27.4440731,-82.5856023
27.454516,-82.589839
27.4541015,-82.5808243
27.4378318,-82.5851352
27.4331508,-82.5869027
27.4342891,-82.5621997
27.4356873,-82.5693088
27.4812573,-82.6437554
27.4885633,-82.6142293
27.4721472,-82.611134
27.4873343,-82.6283121
27.4673914,-82.6307254
27.4738156,-82.6271341
27.4901903,-82.5957303
27.4783626,-82.5986237
27.4690943,-82.5939764
27.489888,-82.5819701
27.4790478,-82.5815144
27.4678412,-82.5830174
27.4934467,-82.551983
27.4969426,-82.535106
27.4842014,-82.5249095
27.4540931,-82.4985585
27.4195806,-82.5288643
27.4134252,-82.5017383
27.396738,-82.4999956
27.4047067,-82.4720708
27.4606346,-82.538818
27.4638535,-82.5246705
27.4321293,-82.5080494
27.4356076,-82.4944624
27.4161096,-82.5723354
27.3983776,-82.5526318
27.42135,-82.5927285
27.420736,-82.5821278
27.4263618,-82.6211401
27.4542933,-82.602307
27.4557227,-82.6230164
27.4680948,-82.6593308
27.4582572,-82.6668227
27.5025547,-82.6023308
27.5105484,-82.6296117
27.5025318,-82.6653412
27.5146233,-82.587256
27.5328174,-82.6262069
27.5601768,-82.5742895
27.5244883,-82.5902878
27.5374526,-82.5834378
27.5426645,-82.5443867
27.5232197,-82.5547911
27.5905301,-82.5994692
27.569022,-82.6026768
27.5726125,-82.5420836
27.4803056,-82.7017904
27.4198117,-82.6607929
27.51267,-82.7124266
27.53667,-82.7381583
27.5362544,-82.5239014
27.5533884,-82.5052928
27.5519278,-82.4883799
27.5370315,-82.4522426
27.5526712,-82.4425449
27.5676598,-82.4526181
27.5316915,-82.3911048
27.5617963,-82.204264
27.6140249,-82.5028606
27.6093986,-82.4594619
27.504205,-82.5036301
27.4298275,-82.4695848
27.4245046,-82.4388055
27.3240598,-82.1762969
27.4852928,-82.4946793
27.4658006,-82.4762383
27.4960196,-82.3728881
27.4034604,-82.4190737
27.4026817,-82.4447734
27.5033268,-82.4133818
27.4474272,-82.414779
27.4373718,-82.3288239
27.4709064,-82.4459295
27.3957336,-82.3456663
27.4167733,-82.3827692
27.5151472,-82.4727265
27.5019235,-82.4494068
27.4833052,-82.7749715
29.3168832,-82.2987269
29.4262048,-82.3679335
29.4015526,-82.1336608
29.3846021,-82.1912357
29.4500657,-82.2503352
29.275652,-82.1209603
29.3303758,-82.1175971
29.3138635,-82.1757984
29.3413631,-81.9854912
29.4294561,-81.99934
29.4193174,-81.8330872
29.3160594,-81.7623823
29.2188682,-81.794369
29.0289032,-81.7333877
29.0713574,-81.845076
29.146587,-81.80962
29.1728354,-81.9380053
29.0534703,-81.963543
29.02862,-81.887338
28.9880797,-81.886336
28.9673036,-81.9541852
29.0226267,-81.9652368
29.046082,-82.033213
29.0583692,-81.9843715
28.9875948,-81.9935397
28.9642523,-82.0297659
28.9947799,-82.0267575
28.969358,-81.9939962
28.974413,-82.0067504
29.0251946,-81.9950772
29.0345617,-82.0073187
29.0518422,-82.1407365
29.0192125,-82.0927924
28.9930186,-82.0785688
28.978468,-82.276696
29.0337093,-82.2429352
29.0612604,-82.2260727
29.0654865,-82.2558087
29.0833634,-82.2003688
29.0888316,-82.2307165
28.9831388,-82.1556211
28.9874851,-82.2094501
29.0109465,-82.1969122
29.0401147,-82.0504737
29.0980915,-82.0407191
29.0750397,-82.057279
29.0539388,-82.0755249
29.1128403,-82.0311855
29.0928368,-81.9689518
29.0830556,-81.9742659
29.1616701,-82.0450287
29.141679,-82.0402784
29.134815,-82.0216953
29.1067917,-82.007856
29.2450679,-82.1118936
29.2541125,-82.0255965
29.2122209,-82.1277376
29.2133049,-82.0828637
29.2134466,-82.104855
29.2321567,-82.1680311
29.1799217,-82.1776775
29.1844557,-82.1613045
29.1877777,-82.146557
29.1818731,-82.1352946
29.1919903,-82.1197882
29.1956662,-82.1025379
29.1783001,-82.10194
29.1980486,-82.0652216
29.1845167,-82.0768726
29.1629069,-82.0673726
29.1349045,-82.0916536
29.1612039,-82.1268247
29.1621414,-82.1097218
29.1430013,-82.1540304
29.1128879,-82.1299272
29.2413952,-82.209805
29.1914751,-82.2026167
29.1234992,-82.2231805
29.1849799,-82.2341867
29.1530004,-82.2031385
29.1980548,-82.3073084
29.1018365,-82.327101
29.113691,-82.280966
29.1492282,-82.4022734
29.1949613,-82.3862134
29.0927173,-82.2593366
29.0767045,-82.2738741
29.0334057,-82.4177069
29.1037963,-82.3873584
29.1150626,-82.479872
29.1857682,-82.4780617
29.1142622,-81.715415
29.4829121,-81.7808549
27.2170393,-80.1809168
27.2537631,-80.246106
27.2320385,-80.271532
27.2333675,-80.2502781
27.224381,-80.2287609
27.1940522,-80.1974561
27.1656865,-80.2766267
27.1444558,-80.2763895
27.1906218,-80.3040827
27.1805955,-80.2814997
27.1924982,-80.2752479
27.1896025,-80.2592774
27.1710785,-80.2535151
27.1998189,-80.2414127
27.1804891,-80.2188297
27.1986195,-80.22516
27.1746025,-80.2418685
27.1301821,-80.254828
27.1635889,-80.228077
27.1373661,-80.2407322
27.1287894,-80.2283261
27.0821365,-80.2147374
27.1490875,-80.2089847
27.1621028,-80.2065278
27.1521144,-80.1851871
27.0719384,-80.1524481
27.0775359,-80.131692
27.1081999,-80.1619025
27.0823694,-80.1444649
27.1164214,-80.1902146
27.1271209,-80.1840441
27.0269447,-80.1018876
26.9923934,-80.121875
27.0189333,-80.1809795
27.126598,-80.3942925
27.0041858,-80.3106463
26.9982698,-80.2413271
27.0945374,-80.4409426
27.0982641,-80.4996126
27.0289262,-80.5583784
27.1566758,-80.5577813
27.1179142,-80.1038865
27.0113282,-80.7264682
25.9268122,-80.1268493
25.912062,-80.1432126
25.9663855,-80.1189959
25.9347938,-80.1208912
25.8994829,-80.1448803
25.9579427,-80.1294195
25.9655667,-80.1268542
25.9459783,-80.1224169
25.8949228,-80.1648288
25.9362757,-80.1297436
25.9405726,-80.1204202
25.934711,-80.1343045
25.9314971,-80.1507669
25.943131,-80.1331789
25.9122578,-80.1224111
25.9476496,-80.1415386
25.9409014,-80.1447582
25.9624248,-80.1434223
25.9323175,-80.1245885
25.9510133,-80.1408893
25.9532252,-80.1328701
25.9633218,-80.136366
25.9601599,-80.1330108
25.9716085,-80.135127
25.9693395,-80.1290757
25.9347996,-80.1979093
25.91774,-80.1656245
25.9429572,-80.1546743
25.9324417,-80.1578457
25.9370398,-80.1845457
25.9189786,-80.184763
25.9221631,-80.1796908
25.9037355,-80.1808299
25.8906771,-80.1786935
25.897141,-80.1760935
25.9336322,-80.1673606
25.9417087,-80.1696886
25.9037064,-80.1710196
25.9080701,-80.1616045
25.9281541,-80.1676259
25.9346718,-80.1770517
25.9096278,-80.1813278
25.9115274,-80.1710004
25.9109854,-80.2051872
25.8927669,-80.1915879
25.8948846,-80.2063658
25.894923,-80.1971389
25.9024809,-80.1899996
25.9090334,-80.1955248
25.9224672,-80.1920085
25.9212479,-80.2028685
25.9204288,-80.2368701
25.8948172,-80.2181953
25.8654634,-80.2209649
25.8804272,-80.2164878
25.8870844,-80.2181469
25.8732633,-80.2227203
25.90181,-80.2204024
25.9218069,-80.2166322
25.8740046,-80.2293852
25.8717549,-80.2384282
25.9066595,-80.2399238
25.910425,-80.2323078
25.8898805,-80.2380231
25.8889556,-80.2316671
25.9111203,-80.2536853
25.8844078,-80.284518
25.92114,-80.2481297
25.9183235,-80.2711945
25.8841661,-80.2552475
25.9022334,-80.2488536
25.8757754,-80.2739022
25.8759411,-80.2852208
25.8655498,-80.281949
25.8511698,-80.2659253
25.8566733,-80.2845166
25.8504908,-80.285688
25.8569656,-80.2756611
25.8646462,-80.2640586
25.8631036,-80.2696893
25.8615029,-80.3168426
25.8452439,-80.3075698
25.8475257,-80.2972584
25.8366495,-80.2949559
25.8645549,-80.3107947
25.8588855,-80.310639
25.8620598,-80.3039926
25.8588538,-80.3012516
25.8562112,-80.2934949
25.8671361,-80.3011103
25.8533903,-80.3168984
25.8516259,-80.3064165
25.8358596,-80.2758152
25.8362317,-80.2655664
25.8464445,-80.278143
25.8330613,-80.2827352
25.8368264,-80.2858362
25.8383384,-80.2504041
25.8514418,-80.2525334
25.8594835,-80.246318
25.856581,-80.2534343
25.8693258,-80.2462982
25.8657625,-80.2552591
25.8523535,-80.2351227
25.8432689,-80.2227936
25.8595676,-80.2142738
25.8526312,-80.2034403
25.8554635,-80.2269761
25.8530175,-80.216978
25.8764691,-80.1927299
25.8749807,-80.2014217
25.8637333,-80.2030847
25.8620671,-80.1921439
25.8867442,-80.1538432
25.8709152,-80.1830613
25.864528,-80.1708553
25.8820243,-80.1773589
25.8868646,-80.1687116
25.8792823,-80.1718572
25.8511043,-80.1734414
25.8403371,-80.1766328
25.8418481,-80.2016338
25.8470344,-80.1915947
25.8355472,-80.2209272
25.8358006,-80.2342077
25.8265595,-80.2651522
25.8276064,-80.2825156
25.8268982,-80.274986
25.8149211,-80.2623087
25.8197771,-80.2701203
25.8224276,-80.2519097
25.8180833,-80.2446273
25.8044355,-80.2433146
25.8055037,-80.2513327
25.8277992,-80.2328235
25.8182196,-80.2283622
25.8180701,-80.2364698
25.8340918,-80.2114174
25.8281946,-80.2205742
25.8242285,-80.2142349
25.8358948,-80.1958796
25.8287094,-80.2013325
25.8291675,-80.1919629
25.8109004,-80.1669444
25.8190749,-80.1923875
25.8181919,-80.2007341
25.8167672,-80.2152082
25.7982113,-80.2316693
25.8069448,-80.2361103
25.8070824,-80.2278805
25.8058883,-80.2179628
25.8085148,-80.2123821
25.8073935,-80.1990727
25.7978735,-80.191547
25.8103483,-80.166993
25.8023077,-80.1863594
25.799944,-80.1863826
25.793705,-80.1860897
25.7906114,-80.1755611
25.7996719,-80.19911
25.7987636,-80.2147179
25.7883526,-80.210491
25.7897979,-80.218498
25.7927088,-80.2341783
25.7907472,-80.2262794
25.7924138,-80.2015118
25.7839322,-80.2005442
25.7752645,-80.2052874
25.7708671,-80.2059496
25.7705118,-80.2017709
25.7753522,-80.1993572
25.7815424,-80.2048448
25.7722246,-80.1881444
25.7737929,-80.1910614
25.7716898,-80.1949128
25.7776268,-80.1943527
25.7780193,-80.1900766
25.7760099,-80.1863171
25.7821926,-80.1949309
25.7851139,-80.1905229
25.8778707,-80.1373028
25.8933415,-80.123188
25.8788917,-80.123341
25.8414498,-80.1322038
25.8676167,-80.1194402
25.8649896,-80.1235992
25.8642626,-80.1390464
25.8588826,-80.1239802
25.8487225,-80.1217919
25.8525084,-80.1329254
25.8576782,-80.1383586
25.8459317,-80.1510075
25.8506994,-80.1571488
25.8211175,-80.1214658
25.8427135,-80.1198284
25.8305481,-80.1206953
25.8105959,-80.1488517
25.7793905,-80.1515663
25.8104862,-80.1223831
25.8028426,-80.1252244
25.8028611,-80.1437915
25.7908512,-80.1394055
25.788702,-80.1286388
25.7956397,-80.1271682
25.7874699,-80.1436977
25.7910173,-80.1430453
25.7829704,-80.1422606
25.7824844,-80.129109
25.7846577,-80.1384431
25.7769153,-80.1343063
25.7775236,-80.1313807
25.7759344,-80.1383512
25.779074,-80.1414095
25.7576865,-80.1414395
25.6752683,-80.1616268
25.6979204,-80.1585329
25.6861278,-80.1574308
25.6883345,-80.1613335
25.8284867,-80.2957315
25.8144926,-80.2772588
25.8095208,-80.2974761
25.8147115,-80.2920186
25.7887074,-80.2644376
25.7751326,-80.2678514
25.7752957,-80.2597052
25.7820171,-80.2478764
25.7921933,-80.2489634
25.7872674,-80.2471794
25.7828973,-80.2233473
25.7813636,-80.2353121
25.7861359,-80.2372417
25.7766954,-80.2187923
25.7770397,-80.2105202
25.7714427,-80.2186539
25.7676247,-80.2185602
25.7716835,-80.2111363
25.7678287,-80.2109853
25.7760853,-80.2375553
25.7761666,-80.2322071
25.7761799,-80.2257162
25.7688777,-80.2348968
25.7708935,-80.2267827
25.7672995,-80.2266694
25.7692597,-80.2508232
25.7678739,-80.24405
25.775483,-80.2523209
25.7757429,-80.2441461
25.7680433,-80.2634738
25.7732667,-80.2967531
25.7807415,-80.2733215
25.7789496,-80.2854467
25.7745134,-80.285151
25.7748651,-80.2769457
25.7667428,-80.2970519
25.7659232,-80.3107672
25.7676529,-80.275689
25.7675801,-80.2851665
25.7596844,-80.2957619
25.7588133,-80.3129491
25.7518255,-80.3112503
25.7521305,-80.2955179
25.7394453,-80.3095587
25.743738,-80.3023982
25.7412241,-80.2940835
25.7522468,-80.2749868
25.7419609,-80.2775964
25.757788,-80.2838417
25.7599112,-80.2737035
25.760044,-80.2639517
25.7459667,-80.2606227
25.7602618,-80.257824
25.7526529,-80.2607932
25.7539424,-80.2463592
25.7615522,-80.2429416
25.7610989,-80.2509522
25.7616243,-80.2346304
25.7618475,-80.2264685
25.7618168,-80.218316
25.7542119,-80.2343319
25.7544491,-80.2262173
25.754447,-80.2182114
25.763049,-80.196273
25.7634764,-80.1983377
25.7667448,-80.1982913
25.7665732,-80.2041166
25.7643408,-80.2080152
25.7590824,-80.2086544
25.7557278,-80.1947055
25.7459487,-80.1945364
25.7655243,-80.1843489
25.7670382,-80.1892956
25.7613362,-80.1903114
25.758574,-80.1908154
25.7543867,-80.2045599
25.7601624,-80.1935811
25.7625208,-80.1942985
25.7642827,-80.1922268
25.7649301,-80.1943415
25.7678587,-80.1927919
25.7643373,-80.1904636
25.7642428,-80.1891435
25.7347305,-80.2340739
25.7448743,-80.2103392
25.7458957,-80.2342054
25.7479312,-80.224402
25.746774,-80.2421761
25.7465453,-80.2503744
25.7408226,-80.2423726
25.7393742,-80.2502593
25.7361412,-80.2555705
25.731946,-80.2491168
25.72956,-80.2420744
25.7351674,-80.2414698
25.7268017,-80.2536245
25.7167841,-80.2496502
25.7184767,-80.2646713
25.7385277,-80.26551
25.7290167,-80.2652717
25.7270606,-80.2795142
25.7147827,-80.2724794
25.7262351,-80.2902587
25.7106069,-80.2897922
25.7175416,-80.304292
25.7250899,-80.2988637
25.7114924,-80.2978811
25.6970278,-80.3042553
25.6957761,-80.2935417
25.7019462,-80.3133479
25.6979406,-80.3260447
25.7168809,-80.3166295
25.7236173,-80.3255781
25.7403716,-80.3233968
25.7403663,-80.3316685
25.680255,-80.2788103
25.6787166,-80.3289097
25.675469,-80.2946819
25.6755601,-80.3102933
25.6906363,-80.312267
25.6822132,-80.3213875
25.7075546,-80.2695563
25.6973561,-80.2768643
25.6736733,-80.2629659
25.6554121,-80.2999603
25.6547896,-80.3191407
25.6203934,-80.3307744
25.640265,-80.3039408
25.636998,-80.3288445
25.6218384,-80.3065094
25.6061263,-80.3434961
25.6031305,-80.3214032
25.637884,-80.3513868
25.6056414,-80.3712752
25.606452,-80.3576356
25.6251378,-80.3522263
25.6172149,-80.3562915
25.634888,-80.3793935
25.632156,-80.364389
25.6213911,-80.3753515
25.6219897,-80.3675426
25.6566438,-80.3396245
25.6552257,-80.3594814
25.6817636,-80.3639518
25.6990808,-80.3740058
25.6963165,-80.3601105
25.6682009,-80.3798322
25.676138,-80.380271
25.6999415,-80.3489714
25.6923523,-80.3447542
25.6690175,-80.3731494
25.679181,-80.3719761
25.652257,-80.374221
25.6616513,-80.3820344
25.6728906,-80.3593637
25.6753748,-80.3390974
25.6883975,-80.3747703
25.6932154,-80.378299
25.7071776,-80.3378522
25.7283308,-80.3445649
25.7200924,-80.3435191
25.7170449,-80.3549459
25.710599,-80.3736658
25.7084614,-80.3625137
25.7252462,-80.3653843
25.7274592,-80.3793576
25.7191309,-80.3793799
25.7402849,-80.3397234
25.7400585,-80.3476947
25.7433832,-80.3596667
25.7361433,-80.3597298
25.7424799,-80.376891
25.7360285,-80.3773247
25.7541443,-80.3752106
25.7504756,-80.3612375
25.7593586,-80.3598877
25.7579622,-80.3455159
25.7510589,-80.3437651
25.7604823,-80.3296058
25.7498043,-80.3280914
25.7930196,-80.3560623
25.772517,-80.3277974
25.7722788,-80.3462462
25.7644962,-80.3696807
25.7651628,-80.375749
25.7648246,-80.384022
25.7788574,-80.3473515
25.7752349,-80.3373383
25.7767989,-80.3431706
25.7785616,-80.3607538
25.7722484,-80.3627646
25.7797998,-80.3298535
25.7777183,-80.3277348
25.8151611,-80.3797755
25.8569978,-80.3519332
25.8438855,-80.3791424
25.8518806,-80.383733
25.8346113,-80.3731738
25.8329992,-80.3816357
25.8514908,-80.3747825
25.7652751,-80.3301636
25.7647536,-80.3489597
25.7650583,-80.3400893
25.7654013,-80.3645041
25.7636549,-80.3567989
25.8193745,-80.3647773
25.8369211,-80.3583602
25.815956,-80.3575565
25.8225156,-80.3718086
25.8211861,-80.385305
25.7718885,-80.3782957
25.772992,-80.3731876
25.771511,-80.3834547
25.7768004,-80.3772891
25.8146656,-80.3314258
25.8276513,-80.3385276
25.7708594,-80.316793
25.8138881,-80.314397
25.8785671,-80.2949812
25.9060039,-80.3093178
25.9229361,-80.3018016
25.874385,-80.3182913
25.8717021,-80.3208929
25.8910814,-80.3201594
25.8911141,-80.3082651
25.9257933,-80.3177184
25.9196902,-80.3162311
25.8891159,-80.3026691
25.8894726,-80.2939911
25.878186,-80.3203685
25.8818013,-80.3184685
25.8946633,-80.3020163
25.8943979,-80.2935501
25.8725155,-80.3107363
25.877487,-80.2996904
25.9332109,-80.2476972
25.9328343,-80.2578284
25.9354765,-80.2360231
25.933389,-80.2232004
25.9342344,-80.209664
25.9393576,-80.2127636
25.9543431,-80.2006673
25.9467115,-80.1932299
25.9655434,-80.1537082
25.9562613,-80.1566718
25.949054,-80.1681189
25.9516127,-80.1729253
25.9692201,-80.1788466
25.9608546,-80.1758585
25.9578553,-80.1861775
25.9692628,-80.2003158
25.9655207,-80.1945803
25.962041,-80.2024057
25.9533948,-80.1872916
25.9504083,-80.2360853
25.96551,-80.2350913
25.9500736,-80.2203591
25.9531583,-80.2126787
25.9629325,-80.217797
25.9683874,-80.2096894
25.9679918,-80.225157
25.9422458,-80.2699465
25.9560248,-80.2552596
25.9420722,-80.2833744
25.9596781,-80.2869771
25.949931,-80.2858439
25.936939,-80.2860786
25.92881,-80.2873705
25.9497946,-80.270263
25.9582765,-80.2710344
25.9324939,-80.2662118
25.9321963,-80.2744854
25.950567,-80.251126
25.942353,-80.2560978
25.9664383,-80.254741
25.9665942,-80.2724777
25.6586558,-80.4417932
25.6310973,-80.440751
25.5758115,-80.4388955
25.5895033,-80.3837693
25.5909115,-80.3672061
25.590348,-80.3774696
25.5743893,-80.3937342
25.5889307,-80.3920037
25.5895983,-80.4031973
25.5718491,-80.381527
25.577491,-80.375698
25.5393611,-80.4486026
25.5887609,-80.4905561
25.537526,-80.4841102
25.5475827,-80.4172049
25.5609357,-80.3799911
25.5453193,-80.3891204
25.5907924,-80.338893
25.5767899,-80.3471328
25.5703151,-80.3610726
25.5890479,-80.3259168
25.5754955,-80.3111873
25.5631132,-80.3444136
25.5735698,-80.339214
25.5646318,-80.337973
25.5450483,-80.3677754
25.5606047,-80.3668532
25.5856127,-80.3592474
25.5840891,-80.3508741
25.5546095,-80.3399153
25.5482798,-80.3536028
25.5056357,-80.4055046
25.4983203,-80.3565897
25.5213625,-80.3949659
25.5245873,-80.4064993
25.5338621,-80.380965
25.5313216,-80.3986836
25.5261371,-80.4171035
25.5125778,-80.4239636
25.5030855,-80.4284763
25.5056069,-80.4128996
25.4968547,-80.4391339
25.4861238,-80.4430711
25.4884825,-80.4146791
25.4843944,-80.4233521
25.471477,-80.4556929
25.4823664,-80.4559081
25.4860023,-80.4344974
25.4977393,-80.4202505
25.4666942,-80.4443421
25.4674585,-80.4229808
25.4662043,-80.4648175
25.4754279,-80.4733541
25.5111141,-80.4552659
25.4961243,-80.4676249
25.480138,-80.4851694
25.4898891,-80.4856818
25.470921,-80.5003362
25.4965296,-80.4958997
25.4634122,-80.4813486
25.4669803,-80.4883813
25.4535024,-80.4912042
25.4444662,-80.4923554
25.4367746,-80.4842736
25.2641702,-80.6662858
25.4513374,-80.4634904
25.4520125,-80.3896383
25.4537098,-80.4455821
25.3603037,-80.3967304
25.7136906,-80.7200816
25.9343163,-80.3051921
25.9333638,-80.299233
25.951012,-80.298266
25.9437044,-80.2987242
25.9538953,-80.3030585
25.9485847,-80.3176823
25.9390151,-80.3097313
25.9363788,-80.3156015
25.9363795,-80.3238418
25.9323595,-80.3127555
25.9355371,-80.3179752
25.9283432,-80.3153708
25.931176,-80.3198863
25.9342521,-80.331028
25.9522193,-80.3387832
25.9536725,-80.3292105
25.944431,-80.3382307
25.9354176,-80.347119
25.9496073,-80.3875995
25.9177333,-80.3844554
25.8858219,-80.3585828
25.895095,-80.3537115
25.8886263,-80.3536108
25.9149921,-80.3611535
25.9208998,-80.3303173
25.9054841,-80.3462327
25.9049789,-80.3347276
25.892876,-80.3300576
25.8878295,-80.3357656
25.8932824,-80.3454781
25.8878733,-80.3402595
25.8875979,-80.3469129
25.8812496,-80.3425605
25.8798968,-80.351068
25.8815185,-80.3339235
25.879093,-80.3273513
25.8713902,-80.3262779
25.8631476,-80.3295325
25.8726217,-80.338368
25.87236,-80.3338098
25.8736714,-80.3414181
25.7827698,-80.4233945
25.7774137,-80.4125615
25.7758186,-80.4047272
25.776273,-80.3934315
25.7639601,-80.4018245
25.74847,-80.3882458
25.7570655,-80.3885897
25.755337,-80.3925443
25.7519425,-80.3955724
25.7544435,-80.405872
25.7552576,-80.4133785
25.7521421,-80.420571
25.7517379,-80.4295434
25.7519009,-80.436568
25.7576933,-80.4642446
25.7494715,-80.4567622
25.7361953,-80.4672667
25.7311635,-80.4383313
25.7371963,-80.4290308
25.7372782,-80.4111704
25.7381757,-80.3898352
25.7391095,-80.397646
25.7040942,-80.3783227
25.7097041,-80.3927744
25.725431,-80.4021772
25.7220846,-80.4101343
25.7220618,-80.419834
25.7216371,-80.4267493
25.7222523,-80.4373746
25.7169448,-80.4448455
25.7234396,-80.4521332
25.71986,-80.4714862
25.7061317,-80.4489537
25.7054151,-80.470847
25.7072375,-80.4465974
25.7066534,-80.4350326
25.709883,-80.4260118
25.7077827,-80.4187527
25.7069458,-80.4115954
25.7095356,-80.4021419
25.7024789,-80.4040074
25.6967873,-80.4026885
25.690418,-80.4080005
25.6950685,-80.4190608
25.6867723,-80.4285125
25.6970617,-80.4331451
25.6904046,-80.4353372
25.688817,-80.4431121
25.6973362,-80.441341
25.6910798,-80.4646342
25.6890801,-80.4511833
25.6732676,-80.4533798
25.6730105,-80.4614945
25.6826896,-80.4755134
25.6803427,-80.4380829
25.6653286,-80.4680732
25.6786115,-80.4464128
25.6678458,-80.4446405
25.6636829,-80.4390335
25.6764419,-80.4230496
25.6812506,-80.4254897
25.6630466,-80.4282066
25.6633948,-80.4200809
25.6817837,-80.4197592
25.6737735,-80.4205438
25.6625875,-80.4119411
25.6648846,-80.4034076
25.6786512,-80.4059756
25.6784107,-80.3953909
25.6691016,-80.396098
25.637893,-80.3874423
25.6302931,-80.3928568
25.6347602,-80.4077007
25.6505374,-80.4070121
25.6291707,-80.4248104
25.6384722,-80.4285848
25.6381055,-80.4748378
25.6176623,-80.4548601
25.6025565,-80.4583731
25.6033912,-80.4339075
25.5994608,-80.4182334
25.6033152,-80.4181015
25.6076105,-80.4267539
25.6177522,-80.4242884
25.6220033,-80.4196328
25.6091058,-80.3975872
25.6058832,-80.3804021
25.7807427,-80.2578198
25.4728751,-80.1889698
25.6478769,-80.4319795
25.7176601,-80.2785933
25.7334582,-80.1604555
25.7948549,-80.2883725
25.5435324,-80.3186601
25.4932801,-80.3902202
25.9043912,-80.2746529
25.706524,-80.4908352
25.775079,-80.1670917
25.8661108,-80.4309663
25.4051216,-80.3018481
25.7402477,-80.4884572
25.5934256,-80.1851792
25.1182255,-80.4107194
25.1048592,-80.4350149
25.0509246,-80.4536996
25.0160487,-80.509241
24.9812291,-80.5518796
24.9018956,-80.6989979
24.7393275,-81.0054857
24.8157038,-80.8268125
24.7260805,-81.051388
24.7145243,-81.0759676
24.7071065,-81.1238335
24.6477394,-81.3731007
24.7215914,-81.2885364
24.7313101,-81.5189637
24.6991925,-81.4455233
24.6705677,-81.5934653
24.6533037,-81.6940309
24.6335147,-81.7633854
24.5772104,-81.7515563
24.554673,-81.7643195
24.5801908,-81.7694753
24.5580621,-81.7830555
24.5547629,-81.8010269
24.5789007,-81.9184731
25.2658538,-80.340661
24.5503525,-81.7907046
25.3786404,-80.9382727
24.650152,-82.8281425
24.9755762,-81.406007
30.6840352,-81.4414769
30.6647376,-81.4567953
30.6505218,-81.4372756
30.5443353,-81.4539895
30.5966047,-81.466588
30.6427763,-81.4691355
30.6312035,-81.4439278
30.6178505,-81.5865533
30.6457872,-81.5918083
30.6669743,-81.6066735
30.6381375,-81.6954355
30.6415589,-81.5104488
30.6012416,-81.5589451
30.6026626,-81.5318378
30.6381269,-81.9190614
30.7287569,-81.8433223
30.7010573,-81.9967306
30.4433137,-81.972319
30.5090838,-81.8134487
30.570001,-81.7500926
30.5941694,-81.8665198
30.5492352,-81.9450685
30.5361605,-81.8409932
30.6100914,-81.4009026
30.7135744,-86.728964
30.8840378,-86.6834679
30.9183838,-86.461669
30.8059077,-86.5627543
30.8374571,-86.5707977
30.8423399,-86.4580278
30.7290383,-86.4685471
30.7691662,-86.5327859
30.7738441,-86.5886085
30.7269286,-86.6001522
30.7086603,-86.5887255
30.74187,-86.5375931
30.7197098,-86.5550508
30.5748878,-86.5913733
30.5235189,-86.4431458
30.4688778,-86.420131
30.4874798,-86.4378235
30.5217169,-86.4815796
30.4985433,-86.4656228
30.4899361,-86.5141642
30.4583635,-86.5467253
30.4347565,-86.5718681
30.4451524,-86.564006
30.4597167,-86.587431
30.4602746,-86.6095665
30.4584552,-86.649452
30.4578453,-86.6293887
30.4263278,-86.6642109
30.4365888,-86.6497489
30.4442476,-86.62522
30.4327143,-86.6345203
30.4399013,-86.6110617
30.4390002,-86.5995517
30.4168634,-86.594174
30.4220117,-86.6231997
30.4061804,-86.6105571
30.4100878,-86.6326128
30.4196239,-86.643344
30.4163453,-86.6576507
30.4079277,-86.7536446
30.39543,-86.7208123
30.3843288,-86.4790153
30.4047673,-86.444164
30.4043797,-86.4714473
30.4039821,-86.5008882
30.3954542,-86.4931727
30.3979352,-86.4143433
30.3115688,-86.5998953
30.4330944,-86.4812066
27.3731931,-80.8103376
27.5155693,-80.9774767
27.2975931,-80.8689223
27.2613205,-80.8798465
27.2635445,-80.8153526
27.2184018,-80.7028094
27.229347,-80.7546773
27.2095506,-80.7803813
27.2236381,-80.8160151
27.2232201,-80.8486521
27.1829011,-80.8814318
27.0976792,-80.7976412
28.5480339,-81.3716217
28.5429026,-81.3671334
28.5337973,-81.3687778
28.5331753,-81.3908563
28.5376497,-81.3899651
28.5597481,-81.3579676
28.5419674,-81.3538326
28.532579,-81.3368989
28.5302355,-81.35026
28.524216,-81.3652989
28.5223329,-81.3991651
28.5308646,-81.4222508
28.5277905,-81.4163629
28.568977,-81.4436536
28.5659034,-81.4544805
28.5649538,-81.4718103
28.565368,-81.4630503
28.6017893,-81.4861409
28.586792,-81.4841599
28.5941695,-81.4720035
28.6044337,-81.4558554
28.5869713,-81.4601589
28.5943289,-81.4298399
28.5853691,-81.4339188
28.6061868,-81.445009
28.6012475,-81.4416858
28.5878264,-81.4039662
28.5696855,-81.3966097
28.5726179,-81.3822265
28.5710434,-81.3547477
28.5608994,-81.3383439
28.5506755,-81.3039779
28.5565687,-81.2923594
28.5323117,-81.3205694
28.532482,-81.2919291
28.5358147,-81.3020882
28.5233754,-81.296273
28.5277025,-81.304243
28.5193506,-81.307899
28.511585,-81.296362
28.4622558,-81.2919589
28.5140375,-81.3071075
28.4903814,-81.2935301
28.4902632,-81.3048157
28.5028331,-81.3030827
28.5229103,-81.3194
28.5081505,-81.322588
28.4978455,-81.3184298
28.4552715,-81.3183168
28.4912687,-81.3220338
28.5154966,-81.3443779
28.5204988,-81.3425952
28.5058481,-81.3556665
28.506393,-81.3446478
28.5051057,-81.3339996
28.5059662,-81.3695014
28.4854032,-81.3524254
28.4645673,-81.3476893
28.4578962,-81.3936262
28.4523129,-81.3815551
28.4805496,-81.3938995
28.4690105,-81.3828992
28.4985548,-81.384594
28.4986648,-81.402098
28.5032893,-81.4091785
28.4958981,-81.4206751
28.5354221,-81.4452781
28.517474,-81.4326168
28.5024968,-81.4316808
28.486995,-81.4449104
28.5210395,-81.4477315
28.5112539,-81.4496945
28.5458821,-81.4619006
28.5332632,-81.4686273
28.521915,-81.4635214
28.508933,-81.4672434
28.5123034,-81.479202
28.5401108,-81.5287478
28.5430668,-81.484766
28.5326372,-81.4986499
28.5236695,-81.4870445
28.4895289,-81.5216467
28.4814471,-81.4989892
28.4744496,-81.4835346
28.4805056,-81.4670317
28.4534234,-81.4876147
28.5193143,-81.5303181
28.5122075,-81.5030828
28.5543946,-81.4914193
28.5600005,-81.5246278
28.5680345,-81.4836331
28.5682028,-81.4962684
28.586016,-81.5511421
28.5973488,-81.5281743
28.5788786,-81.5300776
28.586755,-81.5007572
28.6010053,-81.5074395
28.6285158,-81.4394078
28.6306515,-81.419285
28.6275575,-81.4714715
28.6185513,-81.4590264
28.6099918,-81.4054522
28.6329319,-81.3951196
28.6271579,-81.4083163
28.5957349,-81.3917988
28.6284112,-81.3755958
28.6352018,-81.355723
28.6310618,-81.3412668
28.6235706,-81.3569731
28.6211844,-81.3309882
28.6156413,-81.3565375
28.6153758,-81.3385973
28.5983713,-81.3599871
28.5966304,-81.3457476
28.5995463,-81.3333348
28.5846233,-81.3359203
28.5878665,-81.317993
28.6026207,-81.3183381
28.6057428,-81.2994713
28.5690355,-81.302602
28.583679,-81.3015298
28.5933024,-81.2956365
28.5999532,-81.280452
28.6059588,-81.2588222
28.5858134,-81.2648697
28.5841424,-81.2537201
28.5759416,-81.2763142
28.59366,-81.2799336
28.6045702,-81.2253667
28.5805179,-81.2401751
28.5746134,-81.2340699
28.5757526,-81.1707681
28.5913457,-81.2150492
28.5777572,-81.2192509
28.5733268,-81.2009595
28.5796634,-81.1886404
28.6019235,-81.1695091
28.6000838,-81.1959826
28.558862,-81.0744634
28.5368599,-80.9975731
28.5499813,-81.1238728
28.4737993,-81.0869639
28.498429,-81.0724253
28.5031416,-81.2779164
28.501189,-81.2596497
28.5564402,-81.2549581
28.5447402,-81.2672871
28.5227625,-81.281086
28.5191313,-81.2611956
28.5238506,-81.2453388
28.5605518,-81.239353
28.5469518,-81.2389058
28.5347138,-81.2000388
28.4835047,-81.1615954
28.4756444,-81.2764039
28.4288998,-81.2374706
28.3955129,-81.2045788
28.4236711,-81.0319036
28.554548,-81.2814823
28.5589035,-81.2732556
28.558334,-81.2137063
28.5534471,-81.2020088
28.5630513,-81.1982246
28.5535775,-81.184776
28.5560993,-81.1719617
28.552673,-81.1510212
28.5377698,-81.1829458
28.5288932,-81.1814156
28.5310895,-81.1583165
28.5187289,-81.1686572
28.524562,-81.1477853
28.5349074,-81.2233549
28.5175705,-81.2251497
28.4680375,-81.2001276
28.4898503,-81.2799928
28.4811536,-81.2590622
28.4629816,-81.2472783
28.4025411,-81.2944984
28.425165,-81.38205
28.4092466,-81.3529448
28.3814298,-81.383577
28.3826029,-81.3673305
28.3794972,-81.3353651
28.3590397,-81.3260364
28.36006,-81.3576678
28.3654147,-81.3751173
28.355469,-81.376262
28.4584362,-81.4148412
28.478823,-81.4107737
28.4886728,-81.401259
28.478845,-81.4031795
28.4848175,-81.4271763
28.4761182,-81.4243017
28.4761048,-81.434342
28.4781153,-81.4383105
28.4402252,-81.4540911
28.4126187,-81.4554167
28.3919752,-81.4309292
28.397197,-81.3980121
28.3747478,-81.4146346
28.38807,-81.41432
28.3540192,-81.4505478
28.4154317,-81.4107737
28.4033628,-81.4119927
28.3649688,-81.4100435
28.3554029,-81.4020076
28.3908895,-81.4744611
28.3648383,-81.5009406
28.3569948,-81.5102168
28.3697813,-81.4623586
28.3917193,-81.4383633
28.4057347,-81.5164738
28.4518841,-81.5113781
28.4042117,-81.5404517
28.3938692,-81.5982623
28.4528251,-81.5762646
28.4794167,-81.6315732
28.4853869,-81.5921753
28.498283,-81.5482434
28.5268686,-81.627208
28.5193465,-81.6038822
28.5333194,-81.578049
28.535884,-81.5495845
28.5159386,-81.5681542
28.448946,-81.4878041
28.43036,-81.4937375
28.4031277,-81.4932873
28.55794,-81.629855
28.568477,-81.6017778
28.5564089,-81.5934086
28.5858838,-81.5734757
28.5570069,-81.56993
28.6626851,-81.4748743
28.6448062,-81.4841201
28.6519003,-81.5238915
28.6326673,-81.5316228
28.6650732,-81.5059645
28.6989713,-81.516955
28.697613,-81.497843
28.6808037,-81.5032071
28.7522053,-81.461304
28.6979702,-81.4833301
28.6779858,-81.478485
28.696199,-81.4635321
28.7154224,-81.5179273
28.6778048,-81.5360106
28.7228087,-81.5354086
28.7014571,-81.5328097
28.7591715,-81.5454961
28.752609,-81.5219603
28.7076543,-81.6148216
28.7527935,-81.584885
28.6066505,-81.3792679
28.5663724,-81.532626
28.5708919,-81.3297848
28.571816,-81.3172641
28.5684582,-81.312941
28.5579465,-81.3211832
28.5461435,-81.4178715
28.5463714,-81.3324148
28.5224061,-81.3877536
28.5639295,-81.4217562
28.5629679,-81.3722749
28.5519201,-81.3887604
28.543422,-81.3787957
28.5962051,-81.3744529
28.6211483,-81.6186177
28.2671045,-81.5694992
28.3311817,-81.6039939
28.3151549,-81.5766678
28.324919,-81.5394492
28.2984452,-81.5517387
28.3400703,-81.5051389
28.2835731,-81.5063822
28.3263046,-81.6320797
28.2834746,-81.6325184
28.279946,-81.4651928
28.3234085,-81.4812392
28.3274164,-81.4630329
28.2367353,-81.4778415
28.2386616,-81.5031696
28.255563,-81.452682
28.2051086,-81.4518386
28.1772067,-81.4851348
28.206428,-81.5191579
28.1557151,-81.4587257
28.103895,-81.4193726
28.1595051,-81.4051002
28.2349819,-81.4236082
28.2926748,-81.4115032
28.2886425,-81.4389744
28.2937948,-81.4202478
28.3155401,-81.4202393
28.3141596,-81.4343195
28.341321,-81.4447663
28.3361129,-81.4118686
28.3117612,-81.4097812
28.3275695,-81.3943827
28.3178767,-81.3787895
28.3369048,-81.3679129
28.3460994,-81.3530528
28.3372233,-81.3353946
28.3361284,-81.3503869
28.3126108,-81.3565406
28.3223953,-81.3586516
28.327347,-81.2726988
28.2950115,-81.3810403
28.2751905,-81.353704
28.2912733,-81.3350924
28.2887766,-81.3208388
28.2993029,-81.3467329
28.2569121,-81.3651796
28.2558434,-81.3099896
28.1477377,-81.25802
28.1933498,-81.2971483
28.23197,-81.3152558
28.1590249,-81.3271029
28.219425,-81.2340147
28.2268495,-81.274802
28.1981841,-81.2654016
28.2530262,-81.2936535
28.2520712,-81.2772744
28.2793111,-81.2520421
28.2926642,-81.2019744
28.2566932,-81.0016979
27.9135588,-81.0731187
26.9576173,-80.0812208
26.961795,-80.112036
26.9603084,-80.0964852
26.9409545,-80.1065114
26.9298713,-80.1182736
26.8614593,-80.1003196
26.9457671,-80.1431423
26.9547079,-80.1260667
26.9239938,-80.1387189
26.900337,-80.1329917
26.9183198,-80.106372
26.9218081,-80.1199291
26.8510873,-80.1099154
26.8638288,-80.1193743
26.9036952,-80.1195909
26.8942825,-80.1150334
26.9266717,-80.0979722
26.90105,-80.0988666
26.9083033,-80.0855372
26.8749441,-80.0879102
26.8484466,-80.085484
26.90007,-80.0647185
26.8872293,-80.0650716
26.9398197,-80.0754699
26.9205335,-80.0712689
26.8684818,-80.0594915
26.8342558,-80.0576278
26.8301076,-80.0450388
26.8039587,-80.0338492
26.7906024,-80.0407542
26.7772518,-80.0371139
26.8468889,-80.0623982
26.8152823,-80.065489
26.8273321,-80.0634297
26.8395267,-80.0838083
26.8225398,-80.0781228
26.8273793,-80.0960888
26.8140487,-80.095988
26.8301824,-80.1144241
26.8207423,-80.1196433
26.775333,-80.12878
26.800517,-80.1173962
26.7906349,-80.0988906
26.8011542,-80.0656604
26.8029459,-80.0526609
26.7875272,-80.0574033
26.7995994,-80.0811618
26.7866727,-80.0745935
26.7585975,-80.0738496
26.7665763,-80.0757493
26.775931,-80.0802426
26.7749741,-80.0558338
26.757736,-80.0548826
26.7444973,-80.0535789
26.7468477,-80.0703651
26.7368579,-80.0844476
26.7545942,-80.0995405
26.7451143,-80.1270377
26.7142048,-80.1150073
26.7178885,-80.1226408
26.7114834,-80.1214536
26.7181498,-80.1316898
26.7109756,-80.1309813
26.7245523,-80.095425
26.7130986,-80.1014144
26.7382418,-80.0968015
26.7433848,-80.1075945
26.7273023,-80.1139073
26.7480048,-80.1135469
26.7108721,-80.0879982
26.7100513,-80.0743839
26.7242908,-80.0688499
26.7305347,-80.0606673
26.7272073,-80.0518083
26.7195051,-80.0590623
26.7094233,-80.0597855
26.7116948,-80.0501085
26.6984269,-80.0512223
26.7107957,-80.0536543
26.6982953,-80.0641997
26.702586,-80.0919571
26.6945787,-80.089771
26.6986738,-80.1378134
26.6996173,-80.1195989
26.6837947,-80.144318
26.6895658,-80.1245894
26.6832503,-80.0637253
26.6792514,-80.0510815
26.7472098,-80.0388086
26.7159182,-80.0394691
26.7063558,-80.0387631
26.6614253,-80.0379915
26.6562155,-80.050583
26.6610429,-80.0683319
26.6668055,-80.075655
26.6714963,-80.0985614
26.6725072,-80.1402886
26.6665957,-80.1359538
26.6596687,-80.1368248
26.6522734,-80.1370055
26.6555061,-80.1245463
26.6554103,-80.1165581
26.6444621,-80.1206589
26.644921,-80.1372028
26.637608,-80.1375349
26.6370827,-80.1210704
26.6548922,-80.0962141
26.655099,-80.1083901
26.6395589,-80.0842228
26.6440416,-80.1084175
26.6358076,-80.0983517
26.6456209,-80.1001441
26.6445285,-80.0931028
26.6474481,-80.0780543
26.6366087,-80.0630214
26.6222465,-80.064128
26.6238391,-80.0795373
26.6276175,-80.1029721
26.6216051,-80.1012589
26.6149,-80.1233526
26.6260953,-80.1215255
26.6264416,-80.1338967
26.6266278,-80.1422077
26.610011,-80.1650655
26.5984011,-80.1257796
26.6461213,-80.1509398
26.6286026,-80.1599765
26.6211886,-80.16185
26.60789,-80.1388059
26.6153821,-80.1384857
26.5969895,-80.1367106
26.5966044,-80.1431497
26.604164,-80.1517939
26.5963488,-80.1648695
26.5960897,-80.1003145
26.6065797,-80.0976437
26.6124419,-80.1035661
26.6020456,-80.0800624
26.612757,-80.0643487
26.6008553,-80.0632769
26.6063692,-80.0555648
26.6199192,-80.0558095
26.6341525,-80.055539
26.6197772,-80.0476254
26.5123991,-80.0506851
26.5600698,-80.0421175
26.6061873,-80.0374302
26.5874012,-80.0548427
26.5797074,-80.0614176
26.564903,-80.063683
26.5672527,-80.0518122
26.5455202,-80.0607293
26.5555085,-80.0643787
26.5518039,-80.0608055
26.5800186,-80.075625
26.5441583,-80.1120756
26.5511562,-80.113537
26.5427802,-80.0986098
26.5518039,-80.0983699
26.5833594,-80.098709
26.5782101,-80.1038937
26.5439053,-80.0791592
26.5643982,-80.1097716
26.5646845,-80.0977852
26.5644818,-80.0801713
26.5806357,-80.1218403
26.5808408,-80.1382799
26.5647284,-80.1304212
26.5467216,-80.1417033
26.5335463,-80.1350146
26.5335527,-80.1597267
26.5058707,-80.1351951
26.4766522,-80.1307584
26.4510423,-80.1379932
26.4597469,-80.1531694
26.4631542,-80.1687566
26.4606891,-80.1335693
26.4312668,-80.1586082
26.4451185,-80.1652178
26.4491392,-80.1507255
26.4420485,-80.151331
26.4316302,-80.1383337
26.4422972,-80.1346775
26.4432643,-80.142263
26.5479267,-80.1604263
26.5649652,-80.1597871
26.5054214,-80.1598492
26.5185485,-80.1493232
26.5222914,-80.1616794
26.525058,-80.1303038
26.5142683,-80.1303488
26.4909885,-80.1554313
26.4859981,-80.1380095
26.4766201,-80.1597102
26.4485442,-80.1265186
26.4318144,-80.126153
26.4706792,-80.1407533
26.5812222,-80.1647957
26.5811744,-80.1514594
26.5074654,-80.0833314
26.5187723,-80.114622
26.5203635,-80.098403
26.5028597,-80.1057664
26.5199934,-80.0859908
26.5225986,-80.0784098
26.5331959,-80.1145339
26.5348177,-80.0947885
26.5341815,-80.0632829
26.5219485,-80.0673434
26.5207653,-80.0572098
26.5108194,-80.066817
26.500115,-80.0610553
26.5005865,-80.0707271
26.4788892,-80.0646133
26.4304461,-80.0677397
26.4811011,-80.0687445
26.4552616,-80.0694283
26.484135,-80.0769305
26.4753961,-80.1158674
26.4912575,-80.1004883
26.4767118,-80.0989003
26.4658098,-80.0824065
26.4491347,-80.0841675
26.4543214,-80.0770469
26.4311714,-80.0809957
26.4500845,-80.113908
26.4418896,-80.114336
26.4629671,-80.1146387
26.46491,-80.1019925
26.4331689,-80.094691
26.4315089,-80.1088616
26.413201,-80.1521555
26.4017339,-80.133844
26.4016207,-80.158587
26.386691,-80.1348088
26.3741343,-80.1323735
26.3831679,-80.1676878
26.3808924,-80.1533738
26.3970085,-80.1072385
26.417844,-80.1124376
26.3757266,-80.104987
26.382761,-80.0897512
26.3459027,-80.0930604
26.3595427,-80.0921261
26.4183109,-80.0858562
26.4015874,-80.0876768
26.4068133,-80.0808408
26.4036163,-80.0716682
26.3813599,-80.0770228
26.3993715,-80.068198
26.463713,-80.0588341
26.4439032,-80.0600356
26.4116214,-80.0643524
26.3325947,-80.0733784
26.3631809,-80.0690673
26.3592571,-80.0802249
26.3331603,-80.0820928
26.3437982,-80.0822098
26.3559042,-80.1092486
26.3431299,-80.1077162
26.3325701,-80.1048517
26.3602395,-80.1606178
26.3524405,-80.1352295
26.3473126,-80.1370866
26.3374941,-80.1442419
26.3385234,-80.1279281
26.3298433,-80.1366433
26.3636304,-80.108107
26.3611693,-80.111665
26.3628308,-80.1448316
26.3625981,-80.1306961
26.3463461,-80.1620954
26.3350952,-80.1618898
26.6707192,-80.2362627
26.6039993,-80.189257
26.3809962,-80.1951963
26.6551674,-80.3168573
26.6722293,-80.2745283
26.6700245,-80.2623834
26.6629016,-80.2628759
26.3726565,-80.2256304
26.3515387,-80.2131474
26.3345893,-80.2117709
26.3549095,-80.2667001
26.3454257,-80.1836595
26.3357276,-80.1790782
26.3294749,-80.1849027
26.3589749,-80.1963288
26.3587497,-80.1786947
26.3977405,-80.1874583
26.4089139,-80.1887281
26.3927442,-80.177855
26.3858111,-80.1807631
26.3973945,-80.2269133
26.4018136,-80.2122092
26.6588261,-80.2376705
26.6504866,-80.2275564
26.6340443,-80.2179055
26.5798944,-80.1896595
26.5634743,-80.1886423
26.6489952,-80.2672083
26.6187629,-80.2577863
26.6648741,-80.2114256
26.6209061,-80.1890546
26.3372494,-80.1925598
26.3381327,-80.1997728
26.3754459,-80.1774179
26.3830371,-80.1782605
26.6144399,-80.2291027
26.5835354,-80.2290744
26.5295771,-80.2068791
26.4965519,-80.1939729
26.4481523,-80.1998339
26.6385324,-80.1906506
26.6282882,-80.1895004
26.3512833,-80.2291224
26.6639078,-80.1852401
26.5537688,-80.1892503
26.5443633,-80.1890565
26.9240608,-80.1715394
26.6938983,-80.2262195
26.6914941,-80.2075798
26.8313896,-80.1582482
26.6952972,-80.1962779
26.750907,-80.223282
26.7509186,-80.2396602
26.9255667,-80.2049076
26.8292937,-80.1415752
26.7860197,-80.1401178
26.7026592,-80.1543638
26.6953643,-80.1722125
26.8725745,-80.1429441
26.8513974,-80.1525231
26.7428171,-80.2071771
26.6998175,-80.2395462
26.7316628,-80.2235824
26.7169971,-80.2254492
26.7360781,-80.1507818
26.7193515,-80.1434022
26.7140793,-80.2522225
26.7513732,-80.2538613
26.8386947,-80.2376098
26.9237037,-80.2672516
26.7142327,-80.3326174
26.6974346,-80.3540554
26.7535385,-80.287543
26.7209933,-80.2851904
26.7557816,-80.3206924
26.7469079,-80.3353625
26.793611,-80.2098355
26.772284,-80.2818687
26.7960758,-80.2777442
26.8519762,-80.2839376
26.7809769,-80.3122127
26.6026534,-80.5792713
26.7740354,-80.2364148
26.7960331,-80.2453042
26.8593682,-80.608698
26.8024879,-80.6848816
26.7302019,-80.6509221
26.7220017,-80.678074
26.6867976,-80.6785674
26.6812553,-80.6755362
26.6458764,-80.6366385
26.6718426,-80.7875256
26.6727329,-80.71692
26.6435016,-80.1712108
26.7756147,-80.175915
26.8669114,-80.1929381
26.5054398,-80.3370124
26.6837236,-80.0944899
26.6469722,-80.0187883
26.8563572,-80.7712455
28.4084054,-82.6765988
28.3679339,-82.7029947
28.3478394,-82.7075108
28.3256706,-82.7187458
28.2933353,-82.7105635
28.276041,-82.732669
28.2370922,-82.753057
28.2506735,-82.7419994
28.1735992,-82.8051054
28.2135013,-82.754587
28.2168855,-82.7417839
28.2047249,-82.7602406
28.1985961,-82.7589773
28.1909692,-82.7571487
28.1861774,-82.7450801
28.1788856,-82.7657784
28.1810794,-82.7524865
28.18461,-82.7325756
28.1803299,-82.727692
28.2039713,-82.7369765
28.1908417,-82.7351731
28.2166193,-82.7303207
28.2372033,-82.7253583
28.2682532,-82.7156044
28.2663986,-82.6839721
28.2635069,-82.6991115
28.308883,-82.6846648
28.2839195,-82.7096283
28.2837548,-82.7022349
28.2869741,-82.68653
28.3046279,-82.6646332
28.3224537,-82.6951918
28.3245221,-82.6849037
28.3235692,-82.6709792
28.2992525,-82.6802195
28.2998451,-82.7009334
28.2971346,-82.6902094
28.3484278,-82.6891388
28.3347501,-82.6932626
28.3377162,-82.674804
28.367418,-82.674415
28.3531478,-82.6750171
28.3512905,-82.6573945
28.3526654,-82.6392357
28.3647559,-82.6063594
28.3546412,-82.5847453
28.3258176,-82.633792
28.290558,-82.6446614
28.2508793,-82.7139767
28.2233636,-82.7149926
28.2468131,-82.70446
28.24408,-82.6884764
28.2281595,-82.6928276
28.2224093,-82.6867011
28.2328279,-82.7084666
28.2080316,-82.7170485
28.184804,-82.7135195
28.2039963,-82.698379
28.2103254,-82.6793325
28.1876325,-82.6810016
28.1885494,-82.6573571
28.1816013,-82.6193528
28.1854188,-82.5701868
28.2052479,-82.523788
28.2075468,-82.4864505
28.1847544,-82.5003822
28.2503645,-82.5663186
28.3070552,-82.6020339
28.2679173,-82.6376314
28.2276631,-82.6745711
28.2128853,-82.6470112
28.2490038,-82.6262818
28.2305577,-82.6573217
28.4114277,-82.626555
28.4170789,-82.5748618
28.4132048,-82.5268444
28.3892555,-82.6388645
28.3752642,-82.57028
28.3699025,-82.5107481
28.4017896,-82.3903638
28.3011628,-82.4486525
28.2844397,-82.5012677
28.2590595,-82.4394587
28.2859296,-82.3622649
28.2543431,-82.3803874
28.213819,-82.4534326
28.2143435,-82.4396498
28.2056448,-82.4237984
28.2097361,-82.4064059
28.223567,-82.3939162
28.2076822,-82.3859166
28.1828897,-82.4446868
28.1806131,-82.4111305
28.296761,-82.2852225
28.2512547,-82.3268902
28.2669268,-82.2679562
28.2050262,-82.3601427
28.2201549,-82.3186569
28.1982744,-82.2706017
28.1795068,-82.3733963
28.1834096,-82.335621
28.1890407,-82.3049546
28.1756968,-82.3320426
28.1770031,-82.3091309
28.3433425,-82.2723933
28.3950568,-82.2467948
28.4430903,-82.2146975
28.4073618,-82.1141167
28.362998,-82.2190099
28.368216,-82.1952249
28.3416353,-82.1909253
28.3435001,-82.1487186
28.2971539,-82.1637846
28.2605699,-82.1906684
28.2938631,-82.2229724
28.251938,-82.2274095
28.2248899,-82.2439199
28.1974259,-82.2257862
28.2627908,-82.1652962
28.2482715,-82.201949
28.2365966,-82.2081039
28.236956,-82.1985938
28.2442051,-82.1801151
28.2426421,-82.1669307
28.2210191,-82.2047316
28.2206393,-82.1877432
28.2260826,-82.1781442
28.1907565,-82.1821979
28.2671953,-82.1190276
28.1909827,-82.1378128
28.2979639,-82.8602937
27.7219842,-82.6879951
27.6674028,-82.6933723
27.7090796,-82.7017464
27.7081811,-82.7215391
27.742882,-82.6843756
27.748315,-82.6963735
27.7306755,-82.6644583
27.7108208,-82.6391983
27.7159701,-82.6730623
27.6768779,-82.67788
27.7163574,-82.6553864
27.7055043,-82.6527195
27.7289891,-82.6394737
27.732438,-82.6285462
27.7483895,-82.628969
27.7507467,-82.6435084
27.7471585,-82.6547794
27.750062,-82.6691148
27.7569413,-82.6895368
27.7566181,-82.6527337
27.7743271,-82.6274602
27.7747495,-82.6407388
27.7718409,-82.6525551
27.7697435,-82.6650026
27.7714212,-82.6761132
27.7668776,-82.6896388
27.7786749,-82.6896644
27.7736986,-82.6896404
27.7722895,-82.7060175
27.7667762,-82.7232895
27.7759418,-82.7232075
27.7678344,-82.7493395
27.7941346,-82.7508058
27.7863565,-82.7249007
27.8019984,-82.7355984
27.8006095,-82.7206674
27.7868535,-82.7062973
27.7995085,-82.705983
27.7861425,-82.6892847
27.8041538,-82.6894716
27.7958573,-82.6887234
27.7860139,-82.6682559
27.7978191,-82.6736848
27.802442,-82.667241
27.7996093,-82.6586537
27.7993677,-82.650838
27.7884829,-82.6536548
27.7815883,-82.6538601
27.7843579,-82.6445575
27.7863095,-82.6408835
27.7814894,-82.6257245
27.7831561,-82.6332111
27.7878073,-82.625563
27.7953004,-82.6395735
27.8035021,-82.6396133
27.7989897,-82.6220916
27.8125902,-82.6246987
27.8195955,-82.6029435
27.8084251,-82.6047804
27.8144035,-82.6416819
27.8141978,-82.6602468
27.8139058,-82.6509166
27.8315274,-82.6506352
27.8309933,-82.6606703
27.8324047,-82.6423623
27.8806216,-82.6423092
27.8263671,-82.6352023
27.8327585,-82.6237954
27.8538863,-82.6418402
27.8352378,-82.5903278
27.8740865,-82.6585775
27.8506248,-82.654118
27.8752653,-82.7183234
27.9297993,-82.7134643
27.921735,-82.7104315
27.9053613,-82.6449239
27.9045518,-82.7068218
27.883133,-82.6906179
27.9058674,-82.7220728
27.8493702,-82.680472
27.8544842,-82.6797449
27.8760683,-82.5963216
27.8824243,-82.6347764
27.8714005,-82.634239
27.8377224,-82.6697089
27.8146278,-82.669308
27.8184192,-82.6756536
27.8254423,-82.6896079
27.8148103,-82.6948875
27.815088,-82.6851106
27.8188906,-82.7028766
27.8256315,-82.7212793
27.8156905,-82.723364
27.8152209,-82.7167344
27.8341295,-82.7143605
27.8520758,-82.7228557
27.8570917,-82.7103884
27.8456027,-82.7078601
27.8474448,-82.6944772
27.8333073,-82.6908071
27.8485022,-82.7388111
27.8519946,-82.7730255
27.8772555,-82.7410101
27.8769865,-82.7600233
27.8624512,-82.7517648
27.8464841,-82.7552974
27.8318686,-82.7405354
27.8249895,-82.7518185
27.8356162,-82.7657038
27.8191526,-82.7452476
27.8159467,-82.7316438
27.8129034,-82.7531604
27.8869301,-82.7375171
27.8891803,-82.7639766
27.8104165,-82.7783643
27.8279946,-82.777187
27.8150594,-82.7943855
27.8329807,-82.7928529
27.8347393,-82.8144577
27.8449437,-82.7891322
27.8588978,-82.787671
27.8543896,-82.7992689
27.8682926,-82.7877875
27.8782128,-82.7809295
27.8765456,-82.7928353
27.8737988,-82.8165013
27.8601358,-82.81032
27.8494445,-82.8160621
27.8562491,-82.8360041
27.8595338,-82.8275508
27.9215235,-82.8118162
27.8743721,-82.8416482
27.8974737,-82.8146156
27.8861164,-82.8378879
27.8896278,-82.8264828
27.9028945,-82.8284855
27.9126736,-82.8115171
27.9059126,-82.7672365
27.9001299,-82.781843
27.8906573,-82.8006696
27.9053425,-82.7980663
27.898652,-82.7916607
27.8881733,-82.7882206
27.9402495,-82.7535069
27.9253928,-82.7557207
27.896383,-82.756057
27.9395566,-82.7382939
27.9491563,-82.7325853
27.9257014,-82.7354609
27.9134577,-82.7365562
27.9132145,-82.7554678
27.9082214,-82.7468934
27.9049976,-82.7344063
27.9002202,-82.7417805
27.9651959,-82.6623751
27.9433023,-82.7228217
27.9446488,-82.7729225
27.9364625,-82.7949803
27.9292328,-82.7696555
27.922283,-82.765202
27.9251768,-82.7833358
27.9333505,-82.7814629
27.9261028,-82.7931969
27.914069,-82.7935236
27.9198196,-82.7801991
27.9359742,-82.8127774
27.9443935,-82.7905983
27.9549444,-82.7936906
27.9608465,-82.8021828
27.977396,-82.8108526
27.9719788,-82.8259125
28.0042476,-82.8275173
27.9809771,-82.7988861
27.9931079,-82.793579
27.976816,-82.7913363
27.9817346,-82.7821659
27.9557203,-82.7811315
27.9644625,-82.7814582
27.9579542,-82.7705656
27.9761963,-82.7693443
27.9558723,-82.755215
27.9712676,-82.7595152
27.9881793,-82.7696328
27.9699325,-82.7443931
27.9840418,-82.7368931
27.9887023,-82.7525608
27.9830835,-82.7187354
27.9743373,-82.7035961
28.0284878,-82.7132924
28.0161074,-82.7250859
28.0028147,-82.7185487
28.0361505,-82.7043223
28.0196136,-82.6973141
27.9955035,-82.683537
28.006303,-82.6978361
27.97241,-82.7184425
27.9642735,-82.7170965
28.0309286,-82.735387
28.046068,-82.73361
28.0328855,-82.7457583
28.0364381,-82.7590366
28.0244621,-82.7565898
27.9946308,-82.7500875
27.9953482,-82.7351255
28.003168,-82.7359465
28.0130087,-82.7685335
27.9995813,-82.7680868
28.0114158,-82.756608
28.0179818,-82.7436085
28.0029255,-82.785948
28.0300907,-82.7849825
28.0257441,-82.8153575
28.0205578,-82.7792988
28.0162733,-82.7892649
28.1054497,-82.7831581
28.104164,-82.738084
28.0862619,-82.7531436
28.072681,-82.753599
28.059227,-82.7503315
28.0519865,-82.7856387
28.0551445,-82.7724845
28.1057803,-82.7570752
28.112864,-82.7410018
28.1659423,-82.7546094
28.1588069,-82.6712078
28.0758668,-82.7128383
28.0898479,-82.7278184
28.0618687,-82.7264595
28.0534872,-82.7228406
28.0439975,-82.6921775
28.0152478,-82.664529
28.1408218,-82.6862527
28.0718524,-82.7085989
28.0745893,-82.6694139
28.0740722,-82.6870824
28.0558568,-82.7014109
28.0489983,-82.6665397
28.1156246,-82.7092687
28.107632,-82.7001805
28.078878,-82.7334914
28.0776542,-82.7228363
28.1241302,-82.658389
28.1221404,-82.6936796
28.1530492,-82.7417385
28.1366588,-82.7401974
28.1542639,-82.8050711
28.1420821,-82.7838572
28.1332489,-82.7648588
27.8953575,-82.8435166
27.9509882,-82.8327587
27.9312443,-82.8365752
27.8847412,-82.8497718
27.8112951,-82.8081865
27.861535,-82.8482619
27.8317249,-82.8334998
27.8049561,-82.8004432
27.7958961,-82.7825141
27.7676601,-82.7665099
27.7767941,-82.7652901
27.7028937,-82.7360048
27.7487336,-82.7560909
27.7232315,-82.7315006
27.7357413,-82.7505317
27.7487654,-82.7212655
27.7505951,-82.736737
27.7524855,-82.744943
27.7570433,-82.7170503
27.7559006,-82.7058573
27.7416214,-82.7106964
27.7406742,-82.6983786
27.7650552,-82.6428052
27.7630715,-82.627614
27.7602375,-82.6612058
27.9016693,-82.9039651
27.729163,-82.6017019
28.0436206,-81.9352749
28.0336689,-81.9535918
28.0341606,-81.9412411
28.02226,-81.930198
28.0162398,-81.9412333
27.9992221,-81.9524759
27.9878021,-81.93418
28.0028904,-81.9365242
28.0173943,-81.9658135
28.0056865,-81.9688098
28.0365474,-81.9665586
28.0338417,-81.9811874
28.0493181,-81.9837824
28.0584351,-81.9871307
28.0588025,-81.9649112
28.0683216,-81.9665824
28.0728847,-81.9765745
28.0629156,-81.9522566
28.0825177,-81.956074
28.060349,-81.906719
28.0928068,-81.9245697
28.0626434,-81.8678905
28.0753933,-81.8284598
28.1631712,-81.8498627
28.1084957,-81.8666194
28.0246308,-81.8992016
28.0331372,-81.8403497
28.0144303,-81.876672
28.0364784,-81.9168147
28.0207712,-81.9135692
27.9689754,-81.9356482
27.9782473,-81.9301196
27.9792845,-81.8767488
27.9875732,-81.9067409
27.9447937,-81.9611084
27.9672061,-81.9549381
27.9602214,-81.9010706
27.9489588,-81.8982072
27.9782384,-81.9698538
27.9882523,-82.0156776
27.9422364,-82.015112
27.9618968,-82.000461
27.9470022,-82.0441157
27.9648897,-82.0343295
27.9454448,-81.9867973
27.963632,-81.9806781
28.0594355,-82.028105
28.0421041,-82.0025515
28.0105427,-81.9840511
28.0179619,-82.0276295
28.1287274,-82.0061835
28.0947772,-82.0379499
28.131487,-82.046448
28.0852648,-81.9857284
28.1042422,-81.9872951
28.1433523,-81.987262
28.1988339,-82.0592214
28.1885648,-82.002475
28.1609517,-81.9944098
28.1462651,-82.0134005
28.1432752,-81.9648422
28.1207291,-81.939777
28.1248299,-81.9639527
28.1055596,-81.9701597
28.147075,-81.9420231
28.1465715,-81.9187962
28.217195,-81.8361462
28.2986158,-81.9918532
28.2024192,-81.9556207
28.2054878,-81.8943885
28.2270146,-81.7400222
28.2499845,-81.6532673
28.2013746,-81.8025925
28.1338937,-81.8180009
28.1374405,-81.7635416
28.1351975,-81.7033585
28.1789807,-81.6730728
28.3262319,-81.7595292
28.2880319,-81.7484084
28.3397679,-81.6638499
28.3192407,-81.6636459
28.1883169,-81.5606105
28.2386956,-81.5801848
28.2115379,-81.6066431
28.2304316,-81.6255341
28.119524,-81.4652344
28.0779902,-81.4524491
28.1315177,-81.4762512
28.1204215,-81.5039268
28.1791008,-81.6272475
28.1532877,-81.6200705
28.1259978,-81.6307064
28.1263031,-81.6058922
28.0975823,-81.6195628
28.1018078,-81.6398965
28.0479119,-81.6887295
28.0893583,-81.6960771
28.1040479,-81.6715615
28.090306,-81.7440373
28.0950513,-81.7826689
28.0686342,-81.7687994
28.0996648,-81.8150213
28.0868744,-81.8057556
28.0454973,-81.8059081
28.0600538,-81.7832618
28.0427358,-81.7782172
28.0437358,-81.7635465
28.0519101,-81.7377266
28.0562758,-81.7292384
28.0462934,-81.7170969
28.0249708,-81.731616
28.0331663,-81.7069209
28.0173387,-81.75029
28.0076245,-81.755397
28.0112044,-81.725435
28.0114732,-81.6965235
28.0040522,-81.6740027
27.9876768,-81.674937
27.9790455,-81.714053
27.9827863,-81.6817433
27.9955457,-81.4744062
28.0515157,-81.6003648
28.0073468,-81.6499983
28.0544359,-81.6355025
28.058034,-81.5139084
28.082933,-81.5027699
28.083154,-81.5657057
28.001247,-81.535764
27.9909376,-81.5993008
28.0207338,-81.6208923
27.9646254,-81.5741913
27.909708,-81.5050925
27.9079185,-81.3832608
27.9122926,-81.5959123
27.9273567,-81.5656211
27.8972395,-81.5734988
27.9370573,-81.6452128
27.8852225,-81.6282063
27.9347466,-81.7403696
27.953248,-81.7257604
27.9757315,-81.74016
27.9940181,-81.7775047
28.017375,-81.8046941
27.961237,-81.8149638
27.8712185,-81.94896
27.9244288,-81.8640097
27.9151223,-81.9377104
27.9112761,-82.0342734
27.9327499,-82.0364462
27.9198995,-82.0070642
27.9254316,-81.9902251
27.9068493,-81.8374912
27.8850205,-81.8522584
27.8707916,-81.8376934
27.8827922,-81.8193579
27.8682531,-81.7735451
27.8064748,-81.6860508
27.8578388,-81.5678343
27.8158905,-81.5086468
27.8018259,-81.5653942
27.8028653,-81.6057106
27.884759,-81.5787591
27.8164916,-81.3833577
27.7542712,-81.5512787
27.7153514,-81.322789
27.7157188,-81.553565
27.697419,-81.6272222
27.7921013,-81.7961544
27.7703102,-81.7915855
27.7466736,-81.7961748
27.6793689,-81.7712737
27.7459063,-81.978291
28.0481964,-81.9546993
28.0557103,-81.3958056
29.7706616,-81.6577685
29.6798321,-81.8621859
29.7354111,-81.7843587
29.6717706,-81.961661
29.5601747,-82.0023971
29.5659604,-81.8312512
29.6455851,-81.6924491
29.6724051,-81.6517473
29.6517374,-81.6386602
29.6142038,-81.6251609
29.6832015,-81.5724729
29.5899016,-81.5601528
29.5522554,-81.6170618
29.4273002,-81.7003478
29.4265208,-81.5097052
29.4144208,-81.5938913
29.4946084,-81.7669782
29.9074673,-81.3143265
29.8933115,-81.3289415
29.8841731,-81.315088
29.8881426,-81.2999059
29.9303457,-81.301077
30.0538663,-81.3478333
30.0851075,-81.4099088
29.9928656,-81.3506673
30.1609995,-81.3783534
30.1964795,-81.393726
30.169289,-81.3916997
30.236574,-81.3980705
30.1766852,-81.4186648
30.2333177,-81.3773766
30.2104613,-81.374794
30.1762141,-81.369621
30.1183094,-81.5839078
30.1149811,-81.6043046
30.1148079,-81.6319421
30.0731353,-81.6332938
30.0403328,-81.6444743
30.0961646,-81.5692302
30.0877269,-81.6013126
30.0633886,-81.5724479
30.0769911,-81.5092297
29.9246967,-81.3425818
30.0275744,-81.4369802
29.9414098,-81.5073621
29.9409066,-81.4536542
30.0343778,-81.5531337
29.9996002,-81.518852
29.9086144,-81.3451735
29.8990347,-81.3799682
29.8940304,-81.5117636
29.6775581,-81.4213316
29.7948791,-81.4675919
29.8568772,-81.3685158
29.7838137,-81.3427603
29.7816471,-81.3109423
29.7114173,-81.2800085
29.8057971,-81.3121987
29.7872584,-81.2870333
29.840293,-81.3464859
29.8490923,-81.3143495
29.8073515,-81.2626018
29.7956495,-81.2691834
29.860193,-81.2838249
29.8536683,-81.2699944
29.830992,-81.2665603
30.0799293,-81.66992
29.9601333,-81.2675457
27.4535618,-80.3236461
27.4556065,-80.3367253
27.4564986,-80.3498678
27.4359041,-80.3485967
27.4314654,-80.3224198
27.4173211,-80.3325263
27.4255514,-80.3654763
27.4530032,-80.4034731
27.4738132,-80.33713
27.4671297,-80.3674548
27.5074995,-80.3779971
27.5396723,-80.3962344
27.5416895,-80.4005268
27.5394153,-80.4105738
27.5300012,-80.3768734
27.5399987,-80.3637314
27.5089083,-80.3189329
27.4138356,-80.2759149
27.390657,-80.313027
27.3933351,-80.3581501
27.3259877,-80.3417438
27.3275764,-80.3622844
27.3467039,-80.3646665
27.3538654,-80.3418862
27.3660598,-80.3655999
27.3327579,-80.3054539
27.33142,-80.2901121
27.355224,-80.3018471
27.3644429,-80.3136333
27.2848909,-80.2106741
27.332191,-80.236549
27.288633,-80.289707
27.2806229,-80.2463326
27.2728873,-80.2700632
27.2536484,-80.3043001
27.2838157,-80.3544746
27.3058465,-80.3615606
27.2801376,-80.3035359
27.2942995,-80.3097299
27.3137731,-80.3294943
27.3069115,-80.3412103
27.2944345,-80.336181
27.2858482,-80.3282654
27.2684195,-80.3407295
27.2238413,-80.3205866
27.2711968,-80.4053516
27.2164541,-80.3541775
27.2362936,-80.3596186
27.2561771,-80.3634989
27.2143351,-80.3851476
27.2411336,-80.3942052
27.2500925,-80.4076178
27.2431008,-80.3828686
27.3035022,-80.403157
27.3045863,-80.3838858
27.3260959,-80.3951752
27.3440014,-80.3940511
27.3605408,-80.3980268
27.3597238,-80.3831855
27.2526703,-80.4461925
27.3212891,-80.4274984
27.2827183,-80.4025216
27.2734013,-80.3648285
27.2834987,-80.3871567
27.5038053,-80.5464297
27.3358717,-80.5538719
27.4963123,-80.3655304
27.409519,-80.2310477
30.8643545,-86.9273984
30.8613522,-87.1893508
30.634709,-87.1459793
30.67896,-87.2246608
30.7574358,-87.266102
30.7557288,-87.0593323
30.6273806,-87.0910007
30.6518704,-87.1060262
30.6764638,-87.0402711
30.6864965,-87.0944276
30.6410709,-87.0451514
30.6190518,-87.0436753
30.6012505,-87.1134037
30.5810713,-87.1714723
30.6187977,-87.2109052
30.6109701,-87.1529565
30.5600952,-87.0760911
30.4817516,-87.0750735
30.5597706,-87.1300619
30.5790666,-87.0781185
30.5155778,-86.8881802
30.6450492,-86.8915051
30.5887168,-86.9845823
30.374453,-87.110453
30.3836308,-87.0930919
30.3968225,-87.069492
30.4337072,-86.9615068
30.406463,-86.9104493
30.4284574,-86.9205741
30.4111674,-86.9919876
30.3880552,-86.9960486
30.3764484,-86.8936658
30.4253015,-86.8923457
30.3868257,-86.8241321
30.427012,-86.8319111
30.3682569,-87.1734491
30.3015415,-86.8601857
27.3362532,-82.5318689
27.3405335,-82.5472255
27.3314845,-82.5457228
27.3531833,-82.5417478
27.3605726,-82.5342106
27.342006,-82.519132
27.3461539,-82.491931
27.3341051,-82.4881633
27.3339084,-82.5067585
27.3436677,-82.4998208
27.3205594,-82.5358087
27.3224606,-82.520912
27.3234302,-82.5055187
27.3079178,-82.537046
27.306921,-82.5238605
27.321472,-82.5690855
27.3399443,-82.5911694
27.3761394,-82.6209384
27.3877319,-82.5654911
27.3804724,-82.5496465
27.3760647,-82.5241091
27.3600754,-82.5136479
27.3591217,-82.492736
27.3629431,-82.4744601
27.3746934,-82.4581264
27.386523,-82.4836063
27.371498,-82.500707
27.3431165,-82.4717718
27.3316808,-82.4649404
27.317827,-82.4602614
27.3196158,-82.4852511
27.2887121,-82.4391929
27.2783437,-82.4092082
27.3324986,-82.4319461
27.3123475,-82.408938
27.3122483,-82.4789959
27.3037309,-82.4801232
27.3041779,-82.4613674
27.2958001,-82.4706548
27.280018,-82.4766319
27.2868304,-82.4570152
27.2728675,-82.454493
27.3125373,-82.502839
27.3020123,-82.5004242
27.2849461,-82.4921768
27.2758512,-82.5071923
27.2887142,-82.5063963
27.2793576,-82.5360773
27.2853231,-82.5165707
27.2873457,-82.5254892
27.2689356,-82.5190353
27.2942413,-82.5548737
27.278179,-82.5538005
27.2604321,-82.5426778
27.2306444,-82.5227745
27.2631414,-82.5077613
27.2491796,-82.5062158
27.2184216,-82.4789393
27.2293922,-82.4820499
27.254572,-82.5226935
27.2406539,-82.5100267
27.255233,-82.4559413
27.207207,-82.4610541
27.2553126,-82.472103
27.2508825,-82.4883221
27.1903939,-82.4757051
27.1869568,-82.4871357
27.1617778,-82.4616456
27.1237834,-82.4389998
27.153982,-82.4745353
27.1485584,-82.4798993
27.1138695,-82.4249378
27.1056429,-82.4573388
27.1095628,-82.4409066
27.1166306,-82.4084294
27.1060283,-82.4097906
27.0852946,-82.4521255
27.0709273,-82.4396167
27.0944287,-82.4348076
27.075062,-82.416768
27.0659405,-82.4121985
27.0573711,-82.4260698
27.034922,-82.4208503
27.0308132,-82.4098245
27.057589,-82.3912011
27.0764524,-82.3937987
26.9664057,-82.3856634
26.9895703,-82.3748678
26.9668185,-82.368561
26.9686796,-82.3478865
26.9567741,-82.3483095
27.0400745,-82.2291455
27.1529437,-82.4314616
27.0962493,-82.3641826
27.0645888,-82.3748008
27.0621173,-82.2658327
27.030379,-82.2659678
27.0397973,-82.2776959
27.320947,-82.3285555
27.1720665,-82.2441344
27.2253289,-82.4237142
27.086835,-82.4037736
27.0855295,-82.4250198
27.1018803,-82.3983385
27.0279747,-82.3426093
27.0321781,-82.3796042
26.9962879,-82.3129327
27.0618985,-82.3308619
27.0624532,-82.3638002
27.0601999,-82.2049085
27.0648393,-82.218765
27.0887603,-82.2409095
27.0641056,-82.2365624
27.0888628,-82.1982034
27.0864953,-82.1702365
27.0512131,-82.1504188
27.0569604,-82.1899143
27.1048415,-82.2040977
27.050248,-82.1758117
27.0529594,-82.091496
27.0565474,-82.1309474
27.0829778,-82.1358317
27.1747435,-82.6045431
28.8152568,-81.2655776
28.8040164,-81.2669539
28.8114841,-81.2528642
28.7921731,-81.2501237
28.7937248,-81.2667039
28.7897971,-81.2804073
28.796322,-81.2839486
28.7940788,-81.3036719
28.8157157,-81.2829923
28.8125835,-81.3140435
28.7889506,-81.3338126
28.7551238,-81.397856
28.7694663,-81.3680129
28.7335632,-81.3788531
28.809715,-81.3508001
28.8382888,-81.3815266
28.7423008,-81.3136934
28.7702343,-81.3400894
28.7760322,-81.3111211
28.7652123,-81.2979645
28.7299199,-81.3659285
28.7249681,-81.34252
28.7407985,-81.3486798
28.7502687,-81.3451127
28.7759957,-81.2827979
28.7777511,-81.2681407
28.7627098,-81.2721987
28.7481996,-81.2826777
28.7376984,-81.2393275
28.8069066,-81.2294001
28.7327236,-81.1108544
28.6373998,-81.1564087
28.6476749,-81.0446914
28.6695621,-81.1465319
28.6838924,-81.2509406
28.6586694,-81.2531355
28.6798463,-81.1900487
28.6614176,-81.1968008
28.7035936,-81.2050615
28.6598644,-81.2181239
28.6247409,-81.1843986
28.629765,-81.1686124
28.6276401,-81.2324173
28.6256508,-81.2607698
28.6529755,-81.183083
28.6367036,-81.196612
28.6514499,-81.1973279
28.7092139,-81.3102137
28.6974828,-81.2726594
28.6857283,-81.2985155
28.691645,-81.3682209
28.699835,-81.372894
28.7086498,-81.3504825
28.7052431,-81.3331742
28.6966551,-81.4543744
28.6741101,-81.4411613
28.6749135,-81.3955514
28.7268843,-81.4147946
28.6925988,-81.4408091
28.6874158,-81.4306077
28.682833,-81.4120851
28.6705708,-81.4097653
28.6994132,-81.3994617
28.6513938,-81.457728
28.6575749,-81.4050211
28.6474599,-81.4015326
28.6446035,-81.4286597
28.6595313,-81.4345349
28.6520957,-81.3567977
28.6592188,-81.3871039
28.6458666,-81.372449
28.6557108,-81.371689
28.6735893,-81.380087
28.6741793,-81.3636567
28.6728711,-81.3438113
28.6652268,-81.3313716
28.6405381,-81.3263917
28.6494823,-81.3471363
28.6484524,-81.3349625
28.6861586,-81.3189725
28.6641039,-81.314908
28.6602604,-81.2947475
28.6507695,-81.2933948
28.6210573,-81.3206912
28.6435482,-81.297996
28.6317281,-81.3024572
28.6330068,-81.2717096
28.6181803,-81.3066472
28.6176174,-81.2919746
28.9182439,-82.0786108
28.7718742,-82.0359066
28.7842893,-82.1230721
28.7372844,-82.1489991
28.7042327,-82.0437078
28.6167351,-82.1708105
28.6670482,-82.2136381
28.5862467,-82.1044734
28.5949111,-82.01678
28.9411861,-81.9588831
28.6191159,-82.2114839
28.9018994,-81.9605436
28.8786262,-81.9614039
28.9180634,-82.0193786
28.891737,-82.0102088
28.9144191,-81.9782842
28.8740759,-81.9767939
28.8840418,-81.9842711
28.8171778,-81.9945018
28.8593234,-82.0675492
28.854886,-81.9723326
28.8505043,-81.9994343
28.8815787,-82.1591315
28.9515574,-81.9770368
28.9420845,-82.0226916
28.933905,-81.9863803
28.4234867,-81.9822177
28.770523,-82.010843
30.3075772,-82.9134808
30.3815475,-83.0335903
30.1339034,-83.1183503
30.1950237,-83.2064892
30.2821584,-83.1396492
30.3067094,-83.0452479
30.2433133,-83.030553
30.1374568,-82.9783382
30.2042123,-82.848337
30.0186489,-82.9460796
29.9950768,-82.851984
30.2009768,-83.4980696
30.1688969,-83.8100553
30.1346178,-83.6443575
30.0791704,-83.6161095
30.080348,-83.5481824
29.967146,-83.6395729
29.8820064,-83.4389785
29.8041725,-83.7326431
30.1145968,-82.2327814
29.9936119,-82.3253501
30.0690085,-82.394762
29.9954834,-82.4775112
29.3097357,-81.1097914
29.3859396,-81.1115721
29.3978683,-81.0912723
29.347958,-81.06897
29.325836,-81.0610153
29.3029986,-81.0476717
29.2769464,-81.0364869
29.2785973,-81.0550229
29.3219396,-81.0726116
29.2674135,-81.0684826
29.2538768,-81.0751372
29.273276,-81.1036955
29.2909371,-81.081012
29.2520876,-81.0976433
29.248197,-81.0847161
29.2488505,-81.0580626
29.2343042,-81.0466767
29.254503,-81.0422637
29.2373505,-81.033118
29.2619163,-81.0270733
29.2488287,-81.0209505
29.2337459,-81.0147822
29.223209,-81.0087616
29.2131309,-81.0042522
29.2239763,-81.0256998
29.2220958,-81.0403122
29.2307783,-81.0625335
29.2203958,-81.0597882
29.2085293,-81.0509506
29.2140682,-81.0369311
29.2095858,-81.0230097
29.1972845,-81.027458
29.1928331,-81.0076171
29.1840667,-81.0215247
29.2062248,-81.0837525
29.2030861,-81.0643388
29.1652584,-80.9978021
29.1742186,-81.0176067
29.1627064,-81.0132821
29.1526295,-81.0085288
29.1244738,-81.0355019
29.1480274,-81.0577974
29.1628547,-81.0431801
29.1414322,-81.0429812
29.1524712,-81.0269963
29.1667147,-81.0327673
29.1328505,-80.9997426
29.1326943,-81.0196977
29.0951932,-81.0081852
29.0944321,-80.9784927
29.1167728,-80.9736601
29.1403038,-80.9813523
29.1145049,-81.0104328
29.1118027,-80.9917577
29.1933697,-80.9938794
29.1647441,-80.9792966
29.0961967,-80.9367379
29.1346743,-80.9617359
29.0606472,-80.9240866
29.0293059,-80.8943018
28.8701376,-80.8220042
29.0088763,-80.8905488
29.0715521,-80.9621761
29.0472439,-80.9281412
28.9942364,-80.9544529
29.0230192,-80.9677664
29.0460824,-80.9827167
28.8402255,-80.8826752
28.9555322,-80.8887719
28.9551861,-80.9059949
28.9288123,-80.9190834
28.9886854,-80.9042271
28.9801082,-80.9208936
29.2506853,-81.2979859
29.2103919,-81.1280846
29.1712727,-81.2246774
29.0963647,-81.1086908
28.8820046,-81.0294553
29.0824437,-81.0334047
29.0612241,-81.0409521
29.236302,-81.3966841
29.2714809,-81.5437064
29.0681583,-81.3124023
29.1156875,-81.33663
29.0695395,-81.4328195
29.1053914,-81.2635778
29.0474095,-81.2732745
29.0572047,-81.2255757
28.9917024,-81.2645123
29.0086155,-81.2842033
29.0362295,-81.3140155
29.0377788,-81.2948305
29.0279902,-81.3048278
29.0209324,-81.2993807
29.0095765,-81.3487356
29.0005758,-81.3134969
28.9478191,-81.3383711
28.9357105,-81.3118003
28.9251287,-81.2861039
28.9524778,-81.2809133
28.9594891,-81.2932209
28.9017936,-81.3133204
28.8748696,-81.3317421
28.90397,-81.2913095
28.8563011,-81.309523
28.985234,-81.2195831
28.8183509,-81.1570999
28.9097492,-81.2390072
28.8993298,-81.2474097
28.8872805,-81.2523345
28.8853572,-81.2689888
28.92646,-81.2121329
28.9531425,-81.1800406
28.9739535,-81.1987591
28.9160143,-81.2569182
28.894274,-81.1787197
28.8778085,-81.2271415
28.8387982,-81.2220987
28.9033465,-81.2218229
28.863971,-81.1925071
28.9370491,-81.2423087
28.9242014,-81.2559245
28.9189535,-81.1795213
28.9089162,-81.1587709
28.9154058,-81.1924416
28.9127386,-81.2101033
28.8844141,-81.1944343
28.8982677,-81.1923211
29.1800981,-81.0573597
29.101646,-80.892602
30.1749657,-84.5683665
30.0334602,-84.4593369
30.1780575,-84.3756483
30.1217252,-84.3297876
30.2366914,-84.2074787
30.1498845,-84.1846095
30.2472809,-84.4268591
30.2609604,-84.3016441
29.9258486,-84.2343756
30.88835,-86.1365995
30.7989091,-86.2487028
30.8719583,-86.3355758
30.7094077,-86.0996833
30.7615184,-86.0783529
30.7695364,-86.1848615
30.7585021,-86.1345249
30.6279748,-86.2691635
30.5209387,-86.2018575
30.6399063,-85.9959044
30.4667835,-86.0322685
30.471167,-86.1843747
30.3677095,-86.2620411
30.3958239,-86.2159068
30.3466392,-86.1787753
30.4161849,-86.3086979
30.3875676,-86.3648559
30.370037,-86.329751
30.3088977,-86.0540114
30.2893918,-86.0480408
30.2507833,-86.1954241
30.7150648,-85.5682342
30.7873037,-85.5911739
30.774138,-85.4889474
30.6720954,-85.7854788
30.503946,-85.573497
30.528566,-85.7625659
30.6417044,-85.5266643
31.8787134,-82.2783139
31.8119691,-82.2759585
31.8066277,-82.3829656
31.739782,-82.3282875
31.7656901,-82.4054879
31.6667971,-82.188242
31.6892652,-82.3809625
31.3276591,-83.0243534
31.262783,-82.8832059
31.2906602,-82.7163557
31.5631444,-82.3878355
31.600479,-82.5521315
31.4896064,-82.4891054
31.3322322,-84.3614663
31.3164297,-84.5480892
33.0278872,-83.1118094
33.119226,-83.1607172
33.1188084,-83.2173407
33.1584792,-83.2645743
33.1647755,-83.3505401
33.1359714,-83.2846679
33.1080758,-83.2495585
33.0842289,-83.2532359
33.1025389,-83.3582159
33.0603143,-83.2492437
33.0627728,-83.2220991
33.0528451,-83.212589
32.9983566,-83.3321301
33.0155458,-83.2526387
34.4385065,-83.5096182
34.3680144,-83.4828465
34.3195605,-83.584094
34.2679898,-83.4051991
34.0831444,-83.8090444
34.0057497,-83.8340699
34.0404986,-83.8155003
34.0237312,-83.8424096
34.0149923,-83.7895842
33.976854,-83.8023847
33.984387,-83.6972806
33.9679563,-83.7177095
33.9896846,-83.7449601
34.020047,-83.7160751
33.985961,-83.6615446
34.0238701,-83.6894759
34.0419614,-83.7434344
33.9905069,-83.6194325
33.9869507,-83.5733438
33.9555895,-83.7805108
33.9355089,-83.679685
33.9261204,-83.7488667
34.3777476,-84.7259909
34.2439531,-84.7157818
34.2881623,-84.7104381
34.3161083,-84.8097751
34.3530782,-84.8718663
34.3748267,-84.922252
34.3366971,-84.9698958
34.2743203,-84.9361539
34.2236051,-84.9553453
34.2116672,-84.7995675
34.2243348,-84.8411065
34.2129822,-84.7666648
34.2473607,-84.8311706
34.2488504,-84.7898649
34.1973683,-84.8188035
34.2003575,-84.8561492
34.1403888,-84.8111271
34.1686137,-84.8150195
34.1809707,-84.7940454
34.1919453,-84.7054401
34.1222127,-84.674982
34.1106699,-84.6975654
34.1038105,-84.7896947
34.1325543,-84.7319476
34.1225065,-84.8725548
34.1724938,-84.8702772
34.1624701,-84.9641642
34.1223791,-84.990613
31.7436857,-83.1094969
31.7996043,-83.3416086
31.7258594,-83.3033334
31.7247864,-83.22735
31.6858262,-83.1983753
31.6846383,-83.2690744
31.3926459,-83.1997522
31.3714641,-83.3384099
31.2406903,-83.2961258
31.2702653,-83.1287394
31.1742562,-83.1839001
31.0800024,-83.2320385
32.8465487,-83.6454904
32.845254,-83.6577105
32.8260135,-83.6645028
32.8259281,-83.6505564
32.8422762,-83.6369962
32.8706143,-83.6346948
32.8815212,-83.6173044
32.8593327,-83.6052089
32.8188144,-83.6430662
32.8727164,-83.5959332
32.8598063,-83.566813
32.8593789,-83.6761928
32.8588167,-83.654242
32.8801073,-83.6679269
32.867721,-83.7111399
32.8826735,-83.6957987
32.853688,-83.704563
32.83842,-83.6940133
32.8187367,-83.682639
32.8050318,-83.6711251
32.8102528,-83.650433
32.7977216,-83.6533026
32.787321,-83.6574695
32.7820838,-83.7029503
32.7941834,-83.6900122
32.8288233,-83.7188298
32.8067377,-83.703391
32.8311998,-83.5255288
32.9023405,-83.7077619
32.9061383,-83.7280424
32.8782504,-83.7919719
32.9279788,-83.723857
32.8711463,-83.7363189
32.9012985,-83.7707663
32.7068119,-83.6315448
32.7534407,-83.6987377
32.7235131,-83.6979491
32.7126113,-83.6923538
32.7607529,-83.7301667
32.7730825,-83.7972428
32.8708519,-83.8089957
32.8427373,-83.8399918
32.8200116,-83.7783779
32.8327518,-83.6316288
32.8330785,-83.6441033
32.8434805,-83.6107791
32.7865797,-83.5967893
32.8400958,-83.6691043
32.4779818,-83.2776466
32.4141232,-83.41914
32.3878195,-83.3386452
32.3425439,-83.3542424
31.2952457,-81.818816
31.1670195,-81.8351291
31.2928128,-81.9444561
31.1663973,-81.9824182
31.1517425,-82.1368405
30.950909,-83.6820015
30.9403089,-83.5068032
30.8631273,-83.3791623
30.8423203,-83.5478189
30.7769129,-83.5298134
30.7215211,-83.6035539
32.1800181,-81.4767191
32.1427025,-81.6357205
32.1071063,-81.4632251
31.8986194,-81.356358
31.9388503,-81.3220146
31.9325603,-81.2835794
31.822265,-81.2150254
31.8651896,-81.301127
32.02637,-81.4940823
32.5649759,-81.8950448
32.5392864,-81.7551528
32.5147383,-81.8072521
32.4616607,-81.8734046
32.3994471,-81.8289403
32.429553,-81.802825
32.4094165,-81.7720789
32.4001575,-81.7700123
32.4246902,-81.7845483
32.4076849,-81.7869536
32.4269675,-81.7675809
32.4968689,-81.6486527
32.427694,-81.7343183
32.4519685,-81.6580472
32.329838,-81.7237173
32.3792953,-81.7122797
32.3889659,-81.601511
32.3232081,-81.8698984
32.2337992,-81.7037468
32.3044417,-81.5452841
33.1878463,-81.9750223
33.1594912,-81.8606935
33.2038865,-82.1753519
33.0807356,-82.1003726
33.0126673,-81.9713799
33.0303641,-81.7296155
32.9603348,-82.2051273
33.3962705,-83.9209839
33.2696327,-83.8953087
33.2732248,-83.9633779
33.309949,-83.9523235
33.2592725,-84.0482745
31.5256326,-84.5590576
31.5233783,-84.7476835
31.0360668,-81.7224784
30.9337796,-81.7370758
30.9134869,-81.572819
30.8460969,-81.7909115
30.781332,-81.6690376
30.7630719,-81.7176616
30.7875584,-81.7600616
30.7494891,-81.6235271
30.8017847,-81.6449963
30.7738179,-81.5976086
30.8289405,-81.6179703
30.8054918,-81.594787
30.8023621,-81.5278537
30.8432127,-81.4561463
30.731293,-81.5558142
30.751785,-81.5598166
30.8508364,-81.3878489
32.476669,-82.0804938
32.3532656,-82.1254242
32.3767922,-81.985587
33.7277543,-84.9202332
33.6914721,-84.9611659
33.7759124,-84.9285752
33.7478401,-84.9614333
33.7662469,-85.0264139
33.7436308,-85.0007896
33.6874464,-85.0522112
33.6509923,-85.1274223
33.6413946,-85.2135967
33.5875294,-85.2703774
33.5854378,-85.0894038
33.5993771,-85.1158391
33.5725335,-85.1249487
33.6281783,-85.0670962
33.5649299,-84.9887971
33.5958641,-85.0133296
33.644363,-84.9227593
33.6089252,-84.9513433
33.6002134,-85.0464719
33.632388,-85.016332
33.5198017,-84.918098
33.4592669,-85.1017683
33.5306944,-85.0286068
33.5198225,-85.0526998
33.5552552,-85.0895564
33.5364577,-85.1201699
33.5304672,-85.2084496
33.4808646,-85.2485593
34.9096556,-85.0603848
34.9289682,-85.1389264
34.9571841,-85.1201935
34.8616229,-85.1652099
34.8200873,-85.1587578
34.896575,-85.1377473
34.9103652,-85.1595134
34.9703365,-85.1757893
34.8839644,-85.2139976
34.9369966,-85.1907475
34.9783432,-85.225763
34.9691965,-85.2201011
34.9738035,-85.2461887
34.9231058,-85.2473058
34.9457182,-85.2280158
30.9265453,-82.1764728
30.8172298,-81.9990462
30.5779012,-82.1042465
32.0796728,-81.1166491
32.0673353,-81.0809976
32.065001,-81.108689
32.0607071,-81.0889828
32.058506,-81.0807397
32.052376,-81.0707688
32.0577219,-81.1112234
32.054159,-81.0931284
32.0518472,-81.0843019
32.049231,-81.1092499
32.0448982,-81.098953
32.0444057,-81.085655
32.0724559,-81.1244804
32.065107,-81.1270475
32.0330666,-81.1029305
32.0347682,-81.0841313
32.0307028,-81.0760378
32.0619461,-81.0482825
32.0485293,-81.0567866
32.0655737,-81.0660527
32.0269646,-81.0669546
32.0106917,-81.0780492
32.0169061,-81.0997519
32.0006956,-81.1000011
31.9807641,-81.1081388
31.9966229,-81.13764
31.9853784,-81.1427674
31.9726964,-81.126552
31.991237,-81.1173083
31.9698671,-81.1430244
31.9696272,-81.1616966
32.0155607,-81.14483
32.0384907,-81.1205614
32.0490295,-81.1314223
32.023324,-81.051857
31.9968174,-81.0678485
32.0289953,-81.1670949
32.05556,-81.1874687
32.074917,-81.1688935
32.1081266,-81.1538823
32.1041299,-81.1810517
32.1747587,-81.1702876
32.2090275,-81.2112312
32.1808707,-81.2315084
32.1426895,-81.2449945
32.1582778,-81.2558299
32.1651305,-81.2612071
32.1812421,-81.2636906
32.128951,-81.3073009
31.9798614,-81.2035921
31.9503191,-81.2448882
32.0803022,-81.2237341
32.0940072,-81.2859943
32.0585601,-81.223664
32.0157346,-81.2578533
31.9740193,-81.2762473
32.009617,-81.2292723
32.0246732,-81.2393085
32.0364673,-81.2415058
32.0458197,-81.3325471
32.0604367,-81.2583265
32.0748783,-81.2762161
32.0688007,-81.3079572
31.9644699,-81.178171
31.9734729,-81.0604216
31.8872946,-81.0281552
31.9585795,-81.0218001
31.9377252,-81.0986956
31.9611848,-81.107891
32.0196721,-80.9708372
32.0490864,-80.9586871
31.991505,-80.946048
31.9751474,-80.9006411
32.0006807,-80.8478177
32.0033778,-80.9774405
31.9732263,-80.9724603
32.0339149,-81.0008485
32.0263819,-81.0168273
32.0701433,-81.0977753
32.0622457,-81.0982166
32.0561791,-81.1010266
31.830801,-81.1355054
32.0902725,-81.1332105
32.0800675,-81.0967829
32.0828593,-81.0540407
32.0692579,-81.0923569
32.1046941,-81.1234659
31.8574519,-80.9432682
32.2725435,-84.7487963
32.3568457,-84.9702381
32.3197419,-84.8778674
32.3620207,-84.9415317
32.4036292,-84.7444534
34.4832685,-85.2300027
34.5560898,-85.3375222
34.5402396,-85.2789128
34.5160264,-85.4538293
34.4914122,-85.415437
34.5061855,-85.343433
34.4887138,-85.3069
34.4443188,-85.3471693
34.3637703,-85.4160231
34.3496355,-84.3181804
34.344859,-84.4360478
34.3087122,-84.3760426
34.3162639,-84.5214502
34.328751,-84.6053093
34.2043087,-84.5522728
34.202915,-84.6086807
34.2495774,-84.5468604
34.2455093,-84.4912096
34.278561,-84.4582767
34.2162387,-84.2957116
34.2349988,-84.3421003
34.2174982,-84.3761042
34.2761231,-84.3585878
34.2609615,-84.2768567
34.2187313,-84.4295783
34.2422583,-84.4550687
34.222258,-84.5071804
34.2036434,-84.4828824
34.1776988,-84.4964955
34.1607162,-84.4890645
34.1674273,-84.5527344
34.1857715,-84.5638251
34.1811404,-84.5164048
34.1892949,-84.5261924
34.1334298,-84.5101495
34.1529841,-84.5274059
34.1405245,-84.4283682
34.1497673,-84.4826255
34.187475,-84.4618273
34.1652572,-84.440399
34.1598455,-84.3768329
34.1857685,-84.3909216
34.080933,-84.505237
34.0801245,-84.4670978
34.095703,-84.4413887
34.0937193,-84.4647413
34.093914,-84.50533
34.1055458,-84.4921529
34.1172827,-84.4361578
34.1274167,-84.4563187
34.1031593,-84.5226509
34.1242244,-84.570679
34.1446616,-84.5672875
34.1241946,-84.5355471
34.1223221,-84.5511336
34.1071811,-84.5638262
34.0977025,-84.545794
34.0805164,-84.5654115
34.0893576,-84.5669663
34.1482561,-84.6043979
34.1209784,-84.6456394
34.1049197,-84.5908343
34.0876933,-84.6027148
34.109612,-84.6139922
34.1101936,-84.6313939
33.9601681,-83.3742173
33.9331018,-83.3723221
33.9481338,-83.3754635
33.9549687,-83.3861555
33.9517142,-83.4061238
33.932808,-83.4059615
33.9599922,-83.4260558
33.9593904,-83.4043423
33.966241,-83.3887457
33.9401258,-83.3996497
33.9416478,-83.3850318
33.9266817,-83.3839939
33.9730288,-83.3676515
33.969341,-83.3619609
33.9538716,-83.3562739
33.9906785,-83.4127849
33.9835443,-83.440258
33.9580368,-83.4977546
33.955636,-83.4587978
33.9510179,-83.449037
33.9318091,-83.4441813
33.9331536,-83.4811874
34.014489,-83.372979
34.011243,-83.3386514
33.9673636,-83.3253653
33.9613229,-83.2862755
33.9247487,-83.4157339
33.9069629,-83.3695606
33.9253865,-83.3509708
33.935961,-83.3355465
33.9274411,-83.3204204
33.9158399,-83.3058323
33.9042578,-83.3191479
33.8869804,-83.2932606
31.6198309,-84.9925826
33.6143004,-84.415514
33.6075112,-84.4529581
33.6040061,-84.4409621
33.6332886,-84.3719886
33.6042653,-84.3869022
33.598833,-84.3624905
33.6372452,-84.3896406
33.643652,-84.3489428
33.6265087,-84.351037
33.6071615,-84.3298311
33.5926501,-84.3069096
33.6278956,-84.3099165
33.5862404,-84.3745625
33.5795938,-84.3547007
33.5614007,-84.3536804
33.5949741,-84.345836
33.5891764,-84.327151
33.5879344,-84.2766737
33.6120118,-84.2701648
33.5839369,-84.3826124
33.564688,-84.3766421
33.5606181,-84.3335327
33.5737098,-84.313561
33.5746685,-84.300982
33.5670819,-84.2773944
33.5825232,-84.4470958
33.5874245,-84.4273281
33.5743855,-84.433311
33.5584721,-84.4387615
33.5103898,-84.3912997
33.591583,-84.4176676
33.5697564,-84.3905399
33.5869518,-84.4020462
33.5599525,-84.4092722
33.4980413,-84.3954969
33.5402063,-84.4309787
33.5315195,-84.4259784
33.5317175,-84.4026047
33.5295987,-84.4134617
33.6011275,-84.4247891
33.5980823,-84.4143113
33.5434188,-84.389761
33.5603246,-84.3961616
33.5350609,-84.3931633
33.5277885,-84.381794
33.504027,-84.4109848
33.5149735,-84.4136715
33.4677661,-84.3120126
33.5439715,-84.3291756
33.5211092,-84.3048865
33.5415715,-84.3039305
33.5584265,-84.2673233
33.4715329,-84.3552366
33.4799858,-84.3607346
33.4581253,-84.3365663
33.4596307,-84.3584372
33.5136193,-84.3387051
33.4950808,-84.3181698
33.5452997,-84.3736161
33.5514325,-84.3560253
33.4943896,-84.3692579
33.555154,-84.2826845
33.5646875,-84.3018178
33.5260934,-84.3695559
33.5158952,-84.3597201
33.3728629,-84.3854646
33.442154,-84.330186
33.4324267,-84.3885796
33.4412749,-84.3710445
33.6349771,-84.4322572
31.0667367,-82.7730713
30.8352662,-82.6702248
34.0724573,-84.6666857
34.0705688,-84.6199271
34.0345154,-84.7073487
34.064152,-84.7190243
34.0429459,-84.6822275
34.0561685,-84.6644104
34.0715341,-84.6525605
34.0680926,-84.6391776
34.0568459,-84.5606864
33.9141042,-84.6082758
33.9283947,-84.6793579
33.9814336,-84.7237289
34.0208839,-84.6583971
34.0093157,-84.6617405
34.0154237,-84.636263
34.0075962,-84.6278459
33.9981062,-84.6885166
34.048113,-84.6315945
34.0385156,-84.6088896
34.0425921,-84.5690036
34.027749,-84.5614772
33.9964041,-84.6117998
33.9742875,-84.6378884
33.9586268,-84.6270273
33.973974,-84.6930963
33.9572783,-84.6821778
34.0615606,-84.6256328
34.0593995,-84.6132828
33.9767649,-84.6036515
33.9942222,-84.6004259
34.0254274,-84.6086214
34.0368452,-84.6190164
34.0315703,-84.6394243
34.041346,-84.6363649
33.9331947,-84.6262778
33.9409913,-84.655053
33.9856605,-84.6622744
33.9915642,-84.6468702
34.0147673,-84.7238167
34.0117643,-84.7033711
33.9135913,-84.7072365
33.914285,-84.6941394
33.913629,-84.635517
33.9103861,-84.6538898
34.0724465,-84.582441
34.0598553,-84.5706959
34.0679172,-84.5972639
34.0571302,-84.5882687
33.9547647,-84.712198
33.9585262,-84.7305642
34.0216596,-84.587748
33.9657259,-84.3959056
34.0469993,-84.4472175
34.0715256,-84.5008181
34.0656798,-84.443664
34.0249511,-84.4575396
34.0004346,-84.4819319
34.0016443,-84.4487328
33.9852375,-84.4415196
33.9714862,-84.426608
34.0075935,-84.4120365
33.9790594,-84.3993265
34.0517167,-84.465787
34.0637418,-84.4796959
34.0505085,-84.4280278
34.033716,-84.417613
33.9075148,-84.4754314
33.8976294,-84.468274
34.0624052,-84.5377067
34.0716402,-84.5458621
34.0464588,-84.5459083
34.0237239,-84.5380328
34.0218541,-84.4767536
33.9435293,-84.450985
33.9369194,-84.4272688
33.9134415,-84.4536934
33.928059,-84.446541
33.8818421,-84.4602191
33.8892338,-84.4480402
33.9988961,-84.4656727
33.983964,-84.4699895
34.0192143,-84.439655
34.0211987,-84.4141967
34.0339068,-84.5187871
34.021202,-84.4950591
34.0583095,-84.5097659
34.0493113,-84.4953941
33.956739,-84.4475506
33.9714293,-84.4541656
34.0351329,-84.4765802
34.0279203,-84.4889103
33.9972369,-84.4288057
33.9904162,-84.4121739
33.9369589,-84.4922596
33.9472881,-84.4806579
33.9346665,-84.466767
33.9655821,-84.4710691
33.9591968,-84.4871763
33.9371615,-84.5025541
33.9279376,-84.5038894
33.9183927,-84.4753509
33.9160389,-84.4925104
33.9632907,-84.5068036
33.9974216,-84.5386849
34.0070818,-84.5138141
33.9839024,-84.5213926
34.0069599,-84.4957404
33.9783014,-84.4955248
33.9727974,-84.5179957
33.9692855,-84.570859
33.9935407,-84.5705241
33.9981973,-84.5563268
33.9598687,-84.5382553
33.9397344,-84.5258982
33.9301603,-84.5812007
33.939473,-84.5900316
33.898059,-84.6000892
33.9073366,-84.5863344
33.9255647,-84.5613937
33.9181175,-84.5712725
33.9399249,-84.5563214
33.9140637,-84.5138531
33.8929788,-84.5559847
33.8927977,-84.5830911
33.9067538,-84.5527644
33.9110589,-84.5626895
33.8927434,-84.5284027
33.8768783,-84.5232851
33.8795362,-84.5002382
33.8669361,-84.5087129
33.9030531,-84.4940806
33.8912084,-84.48562
33.8752006,-84.5514728
33.8848484,-84.5424899
33.8584711,-84.5512277
33.8554556,-84.5269135
33.8739171,-84.5760121
33.8536821,-84.5768047
33.8943861,-84.4980478
33.8913573,-84.5114413
33.8710765,-84.4701703
33.8558432,-84.4944264
33.8546655,-84.4647072
33.8393641,-84.4683124
33.8272257,-84.4759555
33.8381405,-84.4921868
33.86659,-84.488867
33.8768216,-84.4849758
33.8625998,-84.4746031
33.8569667,-84.4771181
33.8450823,-84.5083179
33.8337249,-84.5088667
33.827175,-84.5907695
33.8057071,-84.583555
33.8129949,-84.5158661
33.8240864,-84.535442
33.7972152,-84.530541
33.8013587,-84.5544585
33.7863383,-84.5604073
33.7730622,-84.542881
33.7781145,-84.5861869
33.7658488,-84.5739412
33.7916049,-84.6017859
33.8059134,-84.6079351
33.8348435,-84.5568135
33.843181,-84.5576225
33.8372094,-84.6426281
33.8806746,-84.6033584
33.8653647,-84.6209497
33.8577837,-84.6031847
33.8495653,-84.6167465
33.8360567,-84.6007976
33.8326387,-84.6186135
33.8295928,-84.67321
33.8112452,-84.6381022
33.8774058,-84.66583
33.8666958,-84.6473056
33.8837878,-84.6464838
33.8585434,-84.7121623
33.8259984,-84.697061
33.8527257,-84.6826678
33.872402,-84.6880263
33.8993367,-84.7134913
33.8854925,-84.6959487
33.8969345,-84.6154241
33.8844443,-84.6327235
31.6831279,-82.9024926
31.6070079,-82.7422568
31.4677406,-82.691187
31.5415179,-82.6425155
31.535541,-82.8313348
31.5211057,-82.8028461
31.5450683,-82.8867978
31.5128477,-83.0119626
31.4815736,-82.886938
31.4300526,-82.9148817
31.424169,-82.8009061
31.4327794,-82.7641805
31.283443,-83.7272974
31.281076,-83.5909013
31.291081,-83.904598
31.1865789,-83.7975251
31.2322526,-83.7962408
31.202981,-83.7009607
31.1499751,-83.5977063
31.0773766,-83.8183337
31.0914092,-83.7057041
31.169762,-83.7767044
31.1261251,-83.7333144
31.1586009,-83.7835867
31.1633109,-83.8001153
31.1273435,-83.9335051
31.1997624,-83.8829822
33.5528239,-82.1085709
33.5368381,-82.1004489
33.5224312,-82.0810602
33.5562756,-82.075795
33.5403325,-82.0602362
33.517871,-82.1259632
33.500915,-82.1005648
33.4968864,-82.1229093
33.5413969,-82.2098495
33.5147963,-82.1765996
33.5366381,-82.1594562
33.5923118,-82.1661858
33.5793212,-82.1033212
33.5603895,-82.1420699
33.498813,-82.1891245
33.4951018,-82.144374
33.6498445,-82.2977603
33.5555223,-82.2739732
33.5480672,-82.3790832
33.4296875,-82.2771957
33.4510916,-82.3301133
33.47524,-82.1861728
33.4215841,-82.2172558
33.4555679,-82.1700962
33.520422,-82.101179
31.260579,-83.4413988
31.1630441,-83.4829405
31.1929433,-83.3962961
31.1388471,-83.3666069
31.0660194,-83.4150817
33.4664187,-84.8584275
33.3720286,-84.9409031
33.4180407,-84.8452054
33.4728892,-84.7742062
33.4332833,-84.7771138
33.3825732,-84.7714572
33.407538,-84.7563483
33.3868834,-84.7438742
33.4049723,-84.7235761
33.4823241,-84.7172466
33.423406,-84.6778405
33.3930418,-84.6839626
33.4313587,-84.6599249
33.4990471,-84.6629753
33.461307,-84.6366322
33.3277464,-84.6450466
33.2594519,-84.6107368
33.2810632,-84.5435
33.3463397,-84.7066145
33.3654228,-84.7764047
33.3493998,-84.800541
33.3654179,-84.7451245
33.366402,-84.7246951
33.3723534,-84.8148357
33.3374247,-84.8668203
33.2754762,-84.8583406
33.2715077,-84.7407314
32.7611127,-84.0540789
32.7256566,-83.8901269
32.6250125,-83.9589909
32.0061367,-83.7086543
31.8912845,-83.8548337
31.9977094,-83.8756608
31.9365293,-83.6689423
31.9464943,-83.7618149
31.8610983,-83.7047528
34.792344,-85.5237861
34.8859943,-85.4908402
34.9481385,-85.4508381
34.9221023,-85.5570212
34.8023519,-85.4532727
34.515641,-84.3063064
34.4280192,-84.1317083
34.5303312,-84.229857
34.3928741,-84.0031281
34.3473717,-84.0182938
34.3734452,-84.1904152
34.3976875,-84.0700673
30.9420888,-84.4511135
30.9466692,-84.6713592
30.8768683,-84.5931492
30.9283929,-84.6182211
30.9249985,-84.518135
30.8606785,-84.5282124
30.7605711,-84.6747947
30.7529054,-84.4779499
33.7998709,-84.3432667
33.7756321,-84.3403619
33.7659943,-84.329647
33.7660754,-84.3443447
33.7526586,-84.3416193
33.7576172,-84.3356822
33.753808,-84.3249477
33.7558736,-84.3162535
33.7470919,-84.3018997
33.7405728,-84.3408719
33.7307727,-84.3317481
33.8890409,-84.340883
33.8746131,-84.3392672
33.8623627,-84.3433619
33.8818233,-84.2990892
33.9012099,-84.3036985
33.9413866,-84.3127008
33.9504724,-84.2848305
33.9541148,-84.3422204
33.9283386,-84.2899398
33.9103275,-84.3349253
33.9090744,-84.3169367
33.8973224,-84.3274733
33.893607,-84.3167929
33.9403169,-84.3337899
33.9286262,-84.3013919
33.9238397,-84.3111749
33.9213993,-84.3328435
33.9301315,-84.3258618
33.9571795,-84.316578
33.9578887,-84.3342689
33.9288369,-84.342738
33.9071668,-84.2895375
33.9338853,-84.2720336
33.918956,-84.2743604
33.8909907,-84.2742635
33.8758205,-84.2857255
33.8994517,-84.2637412
33.9058056,-84.2548256
33.857153,-84.3293305
33.8610663,-84.2957708
33.8515628,-84.3078858
33.8667772,-84.329312
33.8718337,-84.3152253
33.8397088,-84.3448974
33.847324,-84.3339712
33.8396707,-84.3342163
33.8503343,-84.3169899
33.8449479,-84.3198514
33.8486575,-84.3264832
33.8535545,-84.3219217
33.8172846,-84.3411507
33.8194923,-84.3267018
33.8093253,-84.3268623
33.8120393,-84.3131183
33.8162885,-84.2960928
33.8342463,-84.2978089
33.8265115,-84.3142789
33.8343515,-84.3241817
33.8535847,-84.2883863
33.8442926,-84.3000775
33.8452032,-84.2757092
33.8279825,-84.2782581
33.8363182,-84.2528317
33.8643476,-84.2791163
33.8627454,-84.2605276
33.8849209,-84.2591453
33.8750335,-84.2609133
33.87553,-84.2410351
33.8879157,-84.2375737
33.9011421,-84.2384737
33.8959662,-84.232235
33.8880344,-84.2286066
33.828316,-84.2163153
33.8385851,-84.224972
33.8536929,-84.238145
33.8555465,-84.2509865
33.8663273,-84.2275178
33.8647891,-84.2102306
33.8517831,-84.1888768
33.8443272,-84.2067887
33.7979856,-84.1769228
33.7993171,-84.1882975
33.820396,-84.2038307
33.8177366,-84.1907575
33.8355449,-84.1587129
33.8265565,-84.1835182
33.8002075,-84.1601884
33.80594,-84.1476178
33.7920557,-84.2125882
33.7941119,-84.2012445
33.8208007,-84.2501876
33.7912072,-84.2330492
33.8103091,-84.246668
33.813197,-84.229764
33.8015694,-84.2311426
33.8010192,-84.2422232
33.8209358,-84.2350392
33.8156808,-84.2405396
33.8043342,-84.2231237
33.8087834,-84.2098177
33.7906241,-84.2553347
33.7864692,-84.2743533
33.8090895,-84.2642166
33.7994812,-84.2731826
33.8133862,-84.2808307
33.7979646,-84.2881324
33.7974819,-84.3005964
33.7884482,-84.3430661
33.7761539,-84.3212938
33.7993609,-84.3296665
33.7972147,-84.3141773
33.7714257,-84.3039713
33.7799735,-84.3067147
33.7816086,-84.2942725
33.7815666,-84.2846595
33.7604613,-84.3039347
33.7630331,-84.289584
33.75928,-84.2784607
33.7708628,-84.2684881
33.7439772,-84.2760817
33.7637316,-84.2574271
33.7496649,-84.2513283
33.745283,-84.2322398
33.7574297,-84.2269034
33.7649495,-84.2385881
33.77719,-84.2532758
33.7806558,-84.229666
33.7737809,-84.2413121
33.7743419,-84.1725253
33.7409095,-84.1891035
33.7402843,-84.1729465
33.7214445,-84.2040175
33.7169315,-84.1781025
33.7584362,-84.2093785
33.7361913,-84.2032192
33.7529201,-84.1779602
33.7550136,-84.1925144
33.7772545,-84.2166645
33.7711165,-84.2021685
33.7739008,-84.1835484
33.7759491,-84.1885328
33.7788055,-84.1200363
33.7351056,-84.1246997
33.7541928,-84.0660228
33.7165568,-84.0804965
33.7259207,-84.0782643
33.7165726,-84.1608847
33.7089509,-84.1240714
33.7092808,-84.1436706
33.7811988,-84.1545105
33.7761737,-84.1348291
33.7701731,-84.149986
33.7861911,-84.0859872
33.7709552,-84.0933743
33.7251636,-84.1532256
33.7249081,-84.1290251
33.7596752,-84.1389008
33.7477125,-84.1152574
33.737603,-84.1524149
33.7474672,-84.1597647
33.70832,-84.2744739
33.7014158,-84.2899992
33.6919664,-84.2382775
33.6621418,-84.2653477
33.670735,-84.2876394
33.6744095,-84.2293056
33.6713108,-84.2035103
33.6801573,-84.1551616
33.6970687,-84.135552
33.6928089,-84.1539837
33.6962308,-84.1684952
33.648401,-84.1639307
33.6664598,-84.1398552
33.6463878,-84.1064814
33.6832037,-84.1066345
33.6611775,-84.2376003
33.6478783,-84.2277435
33.6789661,-84.2602646
33.6886843,-84.2597211
33.6937984,-84.0918343
33.6742646,-84.1874224
33.6950663,-84.1887299
33.6606718,-84.3081143
33.659842,-84.3294527
33.7057512,-84.2368805
33.7076582,-84.2601098
33.688097,-84.2184847
33.7002546,-84.2129485
33.7350551,-84.2691203
33.723955,-84.2720513
33.724001,-84.2588569
33.7261788,-84.241601
33.7200688,-84.2181027
33.7356659,-84.2986802
33.7219435,-84.2996297
33.7196978,-84.2852944
33.738852,-84.3212126
33.725978,-84.3117989
33.7174077,-84.3384079
33.6940064,-84.3356621
33.7070165,-84.3119759
33.7426368,-84.3022466
32.3645426,-83.2045413
32.2838941,-83.1630853
32.1710135,-83.1738457
32.2056513,-83.2502644
32.2342218,-83.0851094
32.1191157,-83.029266
32.0276992,-83.2118163
32.2290836,-83.7348936
32.1761692,-83.9267073
32.1044464,-83.759272
31.5727184,-84.1019776
31.5738103,-84.0821538
31.5784225,-84.1295184
31.6148622,-84.2003294
31.6000283,-84.2294717
31.5959171,-84.206922
31.5989783,-84.1872372
31.5969739,-84.169855
31.5853572,-84.1575344
31.5847415,-84.1770157
31.5757481,-84.2103399
31.5556863,-84.1966039
31.5600912,-84.1574869
31.5662009,-84.1670953
31.5940495,-84.1212367
31.6059683,-84.255607
31.5626357,-84.2633216
31.5190525,-84.3354894
31.5201541,-84.2194607
31.5466611,-84.1563006
31.4835204,-84.1896352
31.5541682,-84.1305284
31.5509351,-84.1078457
31.5136116,-84.1414798
31.4747449,-84.1052407
31.5895783,-84.0294807
31.6126626,-84.1325897
31.5768843,-84.1633362
31.4939655,-84.0151627
33.7778923,-84.6353051
33.7450237,-84.6145596
33.7963573,-84.6425875
33.7885619,-84.6245085
33.7829833,-84.6962651
33.7532261,-84.673873
33.77879,-84.6629439
33.7600104,-84.717662
33.7396513,-84.750921
33.7754266,-84.7317317
33.7643237,-84.7546806
33.7623654,-84.7684775
33.7165767,-84.8463379
33.6487385,-84.8605395
33.5991381,-84.8492568
33.7429785,-84.8534159
33.7619608,-84.8283589
33.7109659,-84.788208
33.6853699,-84.8143005
33.6361714,-84.7942608
33.71803,-84.7529643
33.7108177,-84.7279025
33.6781968,-84.747231
33.7009726,-84.7054153
33.6565257,-84.7433967
33.6763587,-84.7010265
33.7207328,-84.6327881
33.7211824,-84.6820221
33.6831512,-84.6684438
33.7273448,-84.7111686
33.7398613,-84.7066285
31.3599889,-84.7273651
31.4453867,-84.9408107
31.3317562,-85.0271293
31.3138364,-84.892919
31.1995791,-84.9937511
30.7088996,-82.8391936
30.7454014,-83.0891308
32.482162,-81.406062
32.3503852,-81.4143256
32.3654167,-81.2775042
32.4352904,-81.2506435
32.2652759,-81.406302
32.3109992,-81.3591829
32.3461942,-81.3215097
32.2446252,-81.2829075
32.338768,-81.2259396
32.2683983,-81.2428216
32.301961,-81.2180022
32.282259,-81.20966
32.3000993,-81.1753538
32.1725485,-81.3849415
32.1785073,-81.3098001
32.2166029,-81.3480005
34.1850585,-83.0181125
34.1839641,-82.7833857
34.0924148,-82.9321213
34.1278996,-82.8651405
34.0251986,-82.8301177
34.0375672,-82.7190084
32.6008518,-82.128491
32.4273578,-82.2561997
32.7456516,-82.2509755
32.6611326,-82.3082654
32.6658881,-82.4262777
32.5605138,-82.4129828
32.5596567,-82.5079789
32.5376865,-82.2886819
32.4335294,-82.3553187
32.2164383,-81.9142149
32.127138,-81.9457166
32.1070822,-81.8257842
34.9461829,-84.2324068
34.9495478,-84.3528534
34.9172577,-84.5177438
34.8629431,-84.3316568
34.7885625,-84.1949508
33.494915,-84.4653495
33.5161745,-84.5281585
33.5288144,-84.4657654
33.481257,-84.5935766
33.4853663,-84.5571054
33.438845,-84.5666578
33.4245833,-84.586475
33.41234,-84.5960571
33.4334922,-84.6124492
33.3746564,-84.5766774
33.4066312,-84.5509325
33.4214827,-84.5179091
33.3588068,-84.5213961
33.3499264,-84.5479226
33.3675221,-84.5488095
33.4729432,-84.4759094
33.4407383,-84.4790262
33.4078974,-84.4665531
33.4602276,-84.416009
33.3953611,-84.4215502
33.4298747,-84.431113
33.44875,-84.418555
33.3525149,-84.4503408
33.2968029,-84.46674
34.3497613,-85.0657904
34.4476852,-85.1382297
34.3350259,-85.1920928
34.3269121,-85.1556708
34.3157882,-85.2951225
34.2864183,-85.2384081
34.2840736,-85.2649429
34.2935092,-85.2344036
34.2808312,-85.2059327
34.2840426,-85.147926
34.2673186,-85.0665878
34.258905,-85.1264209
34.2353141,-85.1465862
34.2617851,-85.1814958
34.2589058,-85.222687
34.2630108,-85.2334394
34.2644543,-85.2513061
34.2462107,-85.3052673
34.2314905,-85.1665636
34.1407439,-85.1809739
34.1157246,-85.1278803
34.2075737,-85.1047325
34.1699252,-85.0831719
34.1944148,-85.1783135
34.1563415,-85.3177338
34.2079459,-85.2063854
34.287392,-84.0556222
34.2789643,-84.0161734
34.319525,-83.9788526
34.2724242,-83.9775635
34.2607618,-84.0421364
34.3211986,-84.2011557
34.2741181,-84.13235
34.3068456,-84.1453121
34.3138064,-84.0927553
34.2757675,-84.0933431
34.2646715,-84.2031916
34.1986127,-84.2423754
34.2599764,-84.2447452
34.1615418,-84.2282171
34.2233819,-84.2459236
34.1791598,-84.2004355
34.2228349,-84.2124866
34.1768153,-84.1672478
34.2253448,-84.1181123
34.1953261,-84.1634389
34.2379731,-84.1531394
34.2587553,-84.1651225
34.2149447,-84.1530257
34.2101109,-84.1878563
34.2234336,-84.1764399
34.2151771,-83.9867899
34.1963597,-84.0717289
34.2186313,-84.044931
34.2367847,-84.0899128
34.1839445,-84.0827934
34.1569874,-84.102453
34.1990018,-84.1097848
34.142904,-84.1147833
34.1563079,-84.1455519
34.1456754,-84.2285487
34.1206853,-84.2466417
34.1145426,-84.2107577
34.1005392,-84.1903303
34.1356342,-84.1651084
34.0787562,-84.1756584
34.1365493,-84.1398461
34.0733501,-84.1471013
34.1230729,-84.129709
34.0783942,-84.1207384
34.1071083,-84.1158515
34.1387345,-84.1829856
34.1044104,-84.1702041
34.0970097,-84.142898
34.4132784,-83.127589
34.498219,-83.0852675
34.4536756,-83.1662209
34.4042642,-83.3378477
34.3924647,-83.2339024
34.2874097,-83.2704061
34.3348014,-83.1453144
34.2767184,-83.1391321
33.7997992,-84.3549254
33.7972959,-84.3658628
33.7870448,-84.3628508
33.7883241,-84.3785105
33.7920657,-84.3932073
33.7998925,-84.3810348
33.7833623,-84.4072524
33.7871716,-84.4022128
33.7800638,-84.4234369
33.7828223,-84.3902405
33.7763564,-84.3995124
33.7854972,-84.3830749
33.78302,-84.3831457
33.7735424,-84.3804724
33.7787803,-84.3801626
33.7744054,-84.3852437
33.7795463,-84.3849538
33.7762693,-84.3741291
33.776147,-84.3700095
33.7770784,-84.3622634
33.7735877,-84.3539465
33.7790843,-84.3540917
33.7664857,-84.3569997
33.7660505,-84.3706295
33.7657765,-84.364279
33.7691422,-84.3772497
33.7643538,-84.3786567
33.7681004,-84.3912905
33.7658759,-84.3865852
33.7654626,-84.3947215
33.7672497,-84.4186374
33.7586698,-84.4248089
33.7590744,-84.4126613
33.7587937,-84.4026285
33.7596028,-84.3785002
33.7568924,-84.3801074
33.7580053,-84.3693491
33.758758,-84.3572779
33.7518181,-84.3528878
33.7499282,-84.3647307
33.7509228,-84.3917294
33.7518731,-84.4029233
33.7489883,-84.4101331
33.7508286,-84.412023
33.7500701,-84.4221427
33.7499715,-84.4362241
33.740885,-84.4280836
33.7390374,-84.4182367
33.7453043,-84.4091629
33.7407558,-84.4017769
33.7444351,-84.383995
33.7409264,-84.3794933
33.7420801,-84.3650924
33.7355092,-84.3544764
33.7321403,-84.3708875
33.729867,-84.383737
33.7114788,-84.3908033
33.718614,-84.3847228
33.732147,-84.4038231
33.731861,-84.4105985
33.7379429,-84.439035
33.7277552,-84.4370324
33.7284918,-84.4217112
33.7237613,-84.3997049
33.7188154,-84.3735791
33.7141348,-84.4101454
33.7115643,-84.4223706
33.7186263,-84.4286682
33.7117779,-84.397552
33.7021727,-84.3954527
33.7102924,-84.3677884
33.7042854,-84.3609663
33.7183138,-84.3587699
33.6915165,-84.3868055
33.6920865,-84.3682107
33.6965539,-84.3547589
33.6566854,-84.3665026
33.6692829,-84.3900774
33.6743051,-84.3739015
33.6789331,-84.4070837
33.6949069,-84.412896
33.7109013,-84.4621548
33.7065017,-84.4402939
33.7011327,-84.4654691
33.7039885,-84.5086077
33.6827659,-84.4915645
33.7050157,-84.4941702
33.7109078,-84.48229
33.6654942,-84.5103496
33.6716245,-84.5225112
33.6815319,-84.5072375
33.7538409,-84.5381827
33.7459578,-84.5145823
33.7624507,-84.4968617
33.751633,-84.4998632
33.7100701,-84.5393504
33.7129259,-84.5234856
33.7322875,-84.4915565
33.7245321,-84.4555814
33.7488172,-84.4829032
33.7442689,-84.4532032
33.7793369,-84.5210056
33.7754825,-84.4829836
33.7664587,-84.4823073
33.764226,-84.4588619
33.7573898,-84.452286
33.7618564,-84.4355747
33.7757842,-84.4442592
33.7814707,-84.4661985
33.7928898,-84.4901297
33.7999736,-84.4727831
33.7883252,-84.4439051
33.8155865,-84.4737287
33.8070857,-84.4496027
33.816582,-84.4403338
33.795239,-84.4230995
33.8199847,-84.440818
33.8179207,-84.4251436
33.7998445,-84.40488
33.806096,-84.4198095
33.8066516,-84.4078291
33.8161704,-84.4138921
33.8039645,-84.397184
33.8134419,-84.3965178
33.8065389,-84.3887486
33.8144677,-84.3784655
33.8163569,-84.350374
33.8084783,-84.3707161
33.8152145,-84.3581245
33.8211049,-84.3844317
33.824902,-84.3773335
33.8210234,-84.3680894
33.823998,-84.3613019
33.8261762,-84.3560823
33.8287241,-84.362262
33.8358866,-84.3586791
33.8455963,-84.3535569
33.8327284,-84.3521972
33.830825,-84.3962959
33.8340409,-84.3857987
33.843759,-84.3861271
33.8463916,-84.3777069
33.8326015,-84.3764452
33.8392433,-84.3740787
33.8407847,-84.3644458
33.8515946,-84.3545829
33.8422302,-84.4439703
33.8636555,-84.4250506
33.8446513,-84.4193592
33.8307952,-84.4156509
33.8613359,-84.3918503
33.8566003,-84.3751675
33.873213,-84.3727028
33.8736563,-84.3575928
33.8527303,-84.3655717
33.8591283,-84.357102
33.9802542,-84.3300162
33.9729899,-84.2951743
33.9667899,-84.281527
33.8978559,-84.356462
33.9621577,-84.3589944
34.0033206,-84.3440436
33.9311537,-84.3706421
33.9947617,-84.3415935
33.9900402,-84.3464698
33.9437071,-84.3676156
33.9493933,-84.3614721
33.9102077,-84.3766224
33.905112,-84.3675067
33.9417959,-84.3552786
33.9586017,-84.3505529
33.9149445,-84.3680555
33.9256461,-84.3588799
33.9702706,-84.3540078
33.975585,-84.3463793
33.8845119,-84.3733673
33.8953075,-84.3738418
33.9220502,-84.420917
33.8812684,-84.3956762
33.9021495,-84.3842886
33.9657131,-84.3735755
33.9851391,-84.3547122
33.9897059,-84.3662291
33.949976,-84.3766382
33.9585909,-84.3738602
33.9800118,-84.3610679
33.9712919,-84.374141
33.9225353,-84.3924943
33.9364908,-84.3796725
33.9001488,-84.4052695
33.8959813,-84.4216668
33.6912928,-84.5550606
33.6704704,-84.570041
33.6396677,-84.5448077
33.651089,-84.5763953
33.6318915,-84.6656531
33.6497457,-84.6334184
33.6793316,-84.6326106
33.725824,-84.5522586
33.6991333,-84.6004688
33.665133,-84.610451
33.6332765,-84.5951183
33.526692,-84.6521914
33.5633353,-84.7303953
33.5919844,-84.4761686
33.5711359,-84.46516
33.5771982,-84.4809733
33.5678602,-84.5973675
33.565024,-84.6280662
33.6112995,-84.4679395
33.6099139,-84.480216
33.5930211,-84.539209
33.5758835,-84.5437711
33.5786965,-84.5274213
33.6096252,-84.5552443
33.5834908,-84.5687568
33.5677486,-84.5568246
33.6027377,-84.5088194
33.6265984,-84.5142428
33.5832123,-84.5020404
33.571262,-84.5095803
33.5717852,-84.5223247
33.5330857,-84.5933439
33.5794014,-84.5980957
33.5987528,-84.6089525
33.5559839,-84.4728281
33.548029,-84.5043869
33.5495615,-84.5335148
33.5419926,-84.559259
33.6610333,-84.4572758
33.6454476,-84.4699348
33.6280183,-84.4730939
33.6606581,-84.413748
33.6634311,-84.4021672
33.6742768,-84.4269861
33.6880878,-84.4272311
33.6771978,-84.4503095
33.6923449,-84.4436883
33.7012461,-84.4433763
33.6891521,-84.4681656
33.6389921,-84.50339
33.6517326,-84.4920253
33.6393684,-84.4885173
33.6669889,-84.4875532
33.6690588,-84.4693599
34.0649975,-84.3455864
34.0564788,-84.3693603
34.045539,-84.372937
34.0405266,-84.332837
34.0061025,-84.3682633
34.0212455,-84.390999
34.0153344,-84.2589143
34.0371527,-84.2460359
34.0315996,-84.2819235
34.0321456,-84.2645345
34.027588,-84.3258303
34.0323308,-84.3247545
33.9995408,-84.2817415
34.0102056,-84.2745661
34.0285788,-84.3113704
34.0145853,-84.3188094
33.9991,-84.3169727
34.0259119,-84.3501378
34.0130492,-84.3456619
33.9843752,-84.279424
33.994623,-84.3012307
34.0180227,-84.2974813
34.0140975,-84.2914715
34.0243471,-84.2379194
34.0068267,-84.2454643
34.0331611,-84.3753649
34.0402332,-84.4031114
34.080949,-84.3732486
34.1590505,-84.3406105
34.155693,-84.2698014
34.1026773,-84.3881602
34.1160817,-84.3516234
34.1039919,-84.3357831
34.0891347,-84.403516
34.0671576,-84.395395
34.1616701,-84.2962784
34.1225948,-84.3357549
34.0064462,-84.2018951
34.056505,-84.2649627
34.0787883,-84.191633
34.0259786,-84.1812816
34.0222674,-84.2004152
34.0333928,-84.1957588
34.0651285,-84.2044918
34.0603575,-84.1849444
34.0453986,-84.1887996
34.0550539,-84.2111744
34.0567789,-84.2220053
34.0393237,-84.1292804
34.072448,-84.258974
34.0474487,-84.2725605
34.0463434,-84.2396867
34.0640122,-84.2836337
34.0769205,-84.2789308
34.0996099,-84.3083087
34.0849918,-84.2830668
34.0964538,-84.2624178
34.1048556,-84.2624625
34.1146836,-84.2650656
34.0521393,-84.2914055
34.0601602,-84.3172449
34.0352144,-84.1536913
34.0489491,-84.1627919
34.0654107,-84.2413566
34.0711108,-84.2365186
34.089084,-84.239494
34.0890498,-84.2170187
34.075416,-84.3143145
34.0864012,-84.311235
34.074383,-84.2232255
34.0867692,-84.2001316
34.0345148,-84.206042
34.0320332,-84.2167367
34.1041064,-84.2843746
34.1228604,-84.2885656
33.7763494,-84.4138181
33.7685312,-84.4066012
33.7542232,-84.3854641
33.7525042,-84.3723874
33.7359393,-84.3929978
33.6611084,-84.4396522
33.6518471,-84.4257326
34.6883461,-84.3312041
34.7777456,-84.5187762
34.6592707,-84.4871551
34.7124896,-84.4881878
34.5890712,-84.5664839
34.6270822,-84.5859418
34.6596714,-84.5930006
34.5946953,-84.4290947
33.2274908,-82.6069126
31.1331271,-81.3585938
31.1465056,-81.3877288
31.1489237,-81.4094092
31.1739871,-81.3674391
31.1765924,-81.3966427
31.2040448,-81.3324392
31.2501806,-81.3283972
31.1998068,-81.3850755
31.2531748,-81.4240083
31.2385719,-81.470864
31.245488,-81.5570965
31.2693466,-81.5175334
31.2762003,-81.4693887
31.3472913,-81.5303055
31.1758545,-81.4752744
31.1988891,-81.4671337
31.2209825,-81.467407
31.2250536,-81.5113698
31.2133935,-81.5366684
31.207756,-81.4880673
31.1828244,-81.5134068
31.1402126,-81.5086931
31.1261435,-81.4571145
31.123682,-81.521419
31.2427866,-81.6730385
31.1427304,-81.3044534
34.5591972,-84.8212221
34.5514829,-84.7329374
34.6085368,-84.9326798
34.5350445,-85.0513456
34.5178665,-85.0013283
34.5528742,-84.9124105
34.510977,-84.8857831
34.4906126,-84.9329182
34.4818075,-84.996789
34.4707719,-84.9472095
34.4143946,-85.0000522
34.4845928,-84.8903297
34.4399242,-84.8915937
34.4431212,-84.8410674
34.4293773,-84.7331227
31.0292943,-84.2438681
30.8874448,-84.3172837
30.920352,-84.2448134
30.9507347,-84.1749946
30.8981725,-84.1427492
30.8434502,-84.1382521
30.8180455,-84.1987877
30.7442597,-84.227604
33.6687817,-83.2236845
33.6417395,-83.037825
33.4373622,-83.2193257
33.5029056,-83.2049256
33.597382,-83.2234593
33.5874333,-83.1447966
33.5426336,-83.0628717
33.448451,-83.1023386
34.1185623,-83.9886102
34.1413317,-84.025886
34.121051,-84.0126442
34.1178423,-84.0412428
34.0708801,-84.0080294
34.0944581,-84.02599
34.0976658,-83.9907065
34.0992686,-84.0967497
34.1086611,-84.0668378
34.0970318,-84.0588883
34.0867918,-84.0671873
34.1456797,-84.0700629
34.1285795,-84.0627925
34.0128782,-84.1635733
33.9656651,-84.1142632
33.9884597,-84.1405441
33.9955121,-84.1556406
33.9683252,-84.1521446
33.9756346,-84.1353402
34.0488255,-84.0840235
34.0401917,-84.0647787
34.0448462,-84.0021067
34.045449,-84.0163276
33.9964846,-84.1757712
33.9831039,-84.1646254
33.9512944,-84.1428583
33.9577176,-84.1523612
34.0113689,-84.0934503
34.0180103,-84.0809061
34.0155846,-84.1114766
34.0207884,-84.1429543
34.0253521,-84.1210811
33.9813342,-84.0984624
33.9930777,-84.1227285
34.0021646,-84.1059048
34.0730346,-84.0390391
34.057859,-84.0290968
34.0614793,-84.0519937
34.0789532,-84.0780316
34.0669522,-84.0977215
34.0422786,-84.1070954
33.9279854,-84.2300326
33.9879491,-84.2159329
33.948537,-84.2126207
33.9540579,-84.263762
33.9463722,-84.2420397
33.9545355,-84.2473775
33.9730618,-84.2428219
33.9897433,-84.2369884
33.9822147,-84.19193
33.9692676,-84.1872174
33.9517995,-84.1760538
33.940082,-84.181574
33.9367176,-84.1992781
33.9333213,-84.1881364
33.9179111,-84.2039108
33.9313096,-84.2095382
33.919566,-84.2480672
33.9345005,-84.2566319
33.9501996,-84.1612915
33.9590034,-84.1666163
33.966026,-84.249411
33.960032,-84.2267766
33.8150005,-84.0972463
33.7916718,-84.0805841
33.8648078,-84.1325054
33.8811945,-84.0944156
33.8325629,-84.1150149
33.8829632,-84.2069183
33.9041168,-84.1351617
33.913775,-84.1945155
33.9160654,-84.1743587
33.9372137,-84.143614
33.9179202,-84.1251258
33.9108331,-84.1107813
33.9022804,-84.1045871
33.8776441,-84.1775168
33.8906983,-84.1762055
33.8942009,-84.2040431
33.8864402,-84.1980905
33.9077997,-84.163886
33.9040686,-84.1712728
33.8995271,-84.1971089
33.902425,-84.1805711
33.8980135,-84.2152408
33.9062732,-84.2127315
33.9280387,-84.1569077
33.9107284,-84.145978
33.8919648,-84.2165433
33.9012066,-84.2269946
33.8606485,-84.0923914
33.8437677,-84.1117335
33.8875942,-84.1470789
33.9006469,-84.156586
33.8820634,-84.121835
33.865465,-84.1074886
33.876329,-84.197881
33.8694249,-84.1676661
33.8613997,-84.1501949
33.8456633,-84.1371356
33.951591,-84.005563
33.9427489,-84.0019305
33.9360173,-83.9729275
33.9365938,-84.1239429
34.0230891,-84.0060567
34.0123647,-84.0534216
33.9978091,-84.0579916
33.9556385,-84.0346568
33.9575913,-84.0974519
33.9440834,-84.0930633
33.9477158,-84.1068074
33.9495818,-84.1250112
33.999499,-84.0305265
33.9139144,-84.0814062
33.9111769,-84.0705809
33.9744845,-84.0404743
33.9899248,-84.0435321
33.9250511,-84.0993696
33.9343628,-84.0758513
33.9495917,-84.0759979
33.9373956,-84.0653892
33.9567353,-84.066121
33.9365324,-84.0496314
33.9865802,-84.0729011
33.9667345,-84.0816145
33.9670763,-84.0519796
33.9846735,-83.9995213
33.9706656,-84.0046304
34.0287169,-84.0302508
34.0021421,-84.0196182
33.919406,-84.0591504
33.9202709,-84.0408674
33.9649461,-83.9741376
33.9551292,-83.945399
33.963908,-83.9412528
34.0147717,-83.9941712
34.0100384,-84.0050432
33.9698602,-84.0288072
33.9834256,-84.0312524
33.9371631,-84.10126
33.9331507,-84.1102185
34.0092505,-83.9779778
34.0265973,-83.9742231
33.9103099,-83.9894371
33.9235967,-83.9848482
33.9978699,-83.9635115
33.9873534,-83.963417
34.0180557,-83.9506518
33.9482718,-83.9686646
33.9371446,-83.9482376
33.9342318,-83.9170089
33.9214922,-83.9233039
33.9220491,-84.0112677
33.927418,-84.029605
33.9147101,-84.0190728
34.0473647,-83.9739796
34.0518522,-83.9430761
34.0382779,-83.9377016
34.0384728,-83.9222106
34.1018357,-83.904106
34.0935008,-83.8883296
34.0951864,-83.8492857
34.0634017,-83.8879102
34.0440426,-83.8788
34.0448759,-83.9152173
34.0650294,-83.911913
33.983018,-83.8753318
33.9632111,-83.8666947
33.9519921,-83.9142715
33.9264729,-83.8756944
33.9309794,-83.841953
33.9968743,-83.9100048
34.0171054,-83.8863211
34.0258766,-83.914288
34.0107324,-83.9343347
34.1092645,-83.954523
34.0934297,-83.9690581
34.066248,-83.9719624
34.0761925,-83.9579851
34.1012517,-83.9271202
34.0850625,-83.9207193
33.868658,-84.0524515
33.8432298,-84.024744
33.8173707,-84.0312365
33.8369398,-84.0456687
33.8321801,-84.0658843
33.763795,-84.0239994
33.7809343,-84.0532826
33.8004544,-84.051251
33.8421037,-83.9314528
33.8266787,-83.9485448
33.8058681,-83.9916376
33.7891683,-84.011047
33.8175901,-84.0073724
33.9284099,-83.9629336
33.9108011,-83.9532931
33.8979135,-83.9295703
33.89958,-83.8874916
33.8738558,-83.8959201
33.9011831,-83.9718459
33.8834935,-83.965919
33.8627544,-83.9416097
33.8660796,-83.9210692
33.8227664,-84.0493274
33.815021,-84.0656118
33.8297109,-83.9683209
33.8527113,-83.9641114
33.8442115,-84.0016577
33.8429781,-83.9878601
33.8628342,-83.9819356
33.8985286,-84.0347646
33.9006071,-84.0381449
33.8674968,-84.0065631
33.8888504,-83.9966331
33.883472,-84.0784325
33.9043004,-84.0529517
33.8823245,-84.0215462
33.8611974,-84.038097
33.8448013,-84.0790022
33.8658305,-84.0697723
34.6710504,-83.4024539
34.6007495,-83.6022957
34.7131542,-83.5513093
34.6373971,-83.574693
34.6051274,-83.5006059
34.5402935,-83.4700381
34.5309618,-83.5277446
34.5653797,-83.5389272
34.471815,-83.5990056
34.5163372,-83.6132514
34.5035336,-83.5464751
34.4132268,-83.6765749
34.3155904,-83.6980085
34.4786575,-83.8147118
34.4090357,-83.8363425
34.3869976,-83.7693794
34.4508898,-83.7350055
34.4377292,-83.8927751
34.3857263,-83.9609193
34.4058583,-83.9226345
34.3129641,-83.9123143
34.3470866,-83.9254292
34.3441593,-83.8609284
34.3529725,-83.8857148
34.3489148,-83.80706
34.3571057,-83.852018
34.328349,-83.8079923
34.3302447,-83.7758789
34.2643227,-83.7103356
34.2986721,-83.7807206
34.2725884,-83.7475288
34.2987837,-83.8079663
34.3150836,-83.8303204
34.3056391,-83.8385309
34.302135,-83.8766975
34.2714795,-83.8820377
34.274886,-83.9223889
34.2796682,-83.8594856
34.2915162,-83.8477507
34.2842334,-83.8350468
34.2649877,-83.8564329
34.2250365,-83.7513837
34.2834905,-83.8181809
34.2281553,-83.7972368
34.1786618,-83.8132195
34.2002083,-83.8423931
34.2429868,-83.8314914
34.2401354,-83.915252
34.2100296,-83.8855597
34.2359913,-83.8757783
34.2510554,-83.8750129
34.2069855,-83.9405434
34.1569473,-84.0069645
34.165313,-83.8473567
34.1239102,-83.9041433
34.1772036,-83.921034
34.1482833,-83.9550553
34.1504327,-83.9058524
34.1667096,-83.8980173
34.127041,-83.8636662
34.1207796,-83.8434605
33.1879208,-83.10346
33.3072323,-82.9444833
33.8634666,-85.1299793
33.761835,-85.2879368
33.8403821,-85.2959003
33.7809921,-85.0893166
33.7735826,-85.1660561
33.745819,-85.2013943
33.7013107,-85.2849091
33.7044466,-85.1706704
32.8184769,-85.0120989
32.7946435,-84.7569323
32.7373555,-84.9374362
32.6444312,-85.030095
32.6399775,-84.8931753
32.6049783,-84.7608627
32.680936,-84.779234
34.4566175,-82.946587
34.4327309,-82.8776227
34.3900015,-82.9562631
34.4121775,-83.0494608
34.2805056,-83.0588692
34.3696603,-82.9376382
34.2878101,-82.9705808
34.3032511,-82.8519974
34.3349552,-82.8838532
34.3718242,-82.8857632
33.2638065,-85.015873
33.377734,-85.1546145
33.2405489,-85.1742254
33.587487,-84.2347698
33.54766,-84.2260175
33.5176644,-84.2114684
33.5361415,-84.2736858
33.4936666,-84.2591676
33.5786543,-84.1963659
33.5973118,-84.1835053
33.5381549,-84.2531096
33.5227341,-84.2402207
33.634153,-84.195758
33.6201288,-84.2200083
33.507166,-84.2481076
33.5165585,-84.2663816
33.5588732,-84.2108614
33.5677237,-84.2500216
33.6366924,-84.2649861
33.6167883,-84.2465282
33.5524115,-84.1545534
33.5385128,-84.1066036
33.5357797,-84.0717933
33.5043277,-84.1099576
33.4523568,-84.0848725
33.4863691,-84.1578767
33.5108812,-84.1630005
33.5289935,-84.1762072
33.4421042,-84.0502292
33.4612403,-84.0282641
33.4793723,-84.0094184
33.475394,-84.082184
33.4614562,-84.1356682
33.4655887,-84.1876766
33.4168609,-84.1220665
33.4543618,-84.2541287
33.4847742,-84.2534175
33.4965485,-84.2040671
33.4979888,-84.1858059
33.4484624,-84.1696706
33.3956773,-84.1882191
33.4145863,-84.189448
33.4267895,-84.2004673
33.4365798,-84.2130045
33.4487688,-84.1905096
33.4411545,-84.165698
33.431019,-84.1524302
33.4510853,-84.1288848
33.3635966,-84.0845638
33.3481985,-84.067594
33.3896294,-84.0963293
33.413583,-84.0518933
33.440449,-83.9695617
33.3832126,-84.0184234
33.3546626,-84.1464653
33.322672,-84.0906342
33.4103824,-84.33394
33.3713033,-84.3272611
33.4129111,-84.2694388
33.383293,-84.2237442
33.3628366,-84.2782818
33.3523191,-84.2196284
32.6651424,-83.6668486
32.6404762,-83.6768373
32.6446068,-83.6372768
32.6411519,-83.6512358
32.6358519,-83.7017346
32.6371935,-83.7178816
32.6228054,-83.6536591
32.646951,-83.6162007
32.6370726,-83.6228836
32.6246274,-83.6110838
32.6275238,-83.573894
32.5996404,-83.6052049
32.6107018,-83.6111371
32.60896,-83.6318937
32.6076177,-83.6548839
32.6000671,-83.6393213
32.5355825,-83.6461033
32.5412747,-83.5679282
32.5405258,-83.6147148
32.6059695,-83.6678438
32.6012587,-83.684085
32.587245,-83.6092885
32.5859113,-83.6507504
32.5693819,-83.6401478
32.5638228,-83.626005
32.5901666,-83.7022142
32.5741356,-83.6956073
32.5578654,-83.707005
32.562552,-83.6768874
32.5072801,-83.7029319
32.5344751,-83.6874556
32.4887542,-83.7105268
32.494054,-83.737922
32.4519598,-83.7811319
32.4442398,-83.6933213
32.4694109,-83.6452453
32.4422707,-83.5707776
32.3439463,-83.7193334
31.6467986,-83.4062731
31.5869074,-83.1338163
31.5573532,-83.2870834
34.1819508,-83.695192
34.1188724,-83.6852236
34.0948111,-83.7501231
34.0848468,-83.709335
34.1518409,-83.7451254
34.1244505,-83.7908617
34.2202064,-83.5965315
34.2235687,-83.483126
34.1798396,-83.4290589
34.0936937,-83.4164698
34.0867051,-83.5102847
34.0238697,-83.5152428
34.1466652,-83.5317687
34.064794,-83.6334928
34.1532107,-83.6033998
34.1221744,-83.6373194
34.100756,-83.5871524
33.4173006,-83.6219248
33.411166,-83.7217933
33.3246698,-83.7970168
33.3314369,-83.7253117
33.2390831,-83.6940403
31.7657731,-82.574876
31.8978384,-82.4989834
31.8573221,-82.6594917
31.914566,-82.5915708
31.7528308,-82.7259154
33.2097134,-82.3465515
33.1533246,-82.4922877
33.0243268,-82.4203074
32.8627836,-82.4257747
32.8496345,-81.9353946
32.7133409,-82.0043472
32.6622027,-82.5791774
32.7380954,-82.6479
32.7493409,-82.7441905
32.7216084,-82.8152462
32.9520936,-83.6703556
32.9330701,-83.581255
32.8720279,-83.5219701
32.8894895,-83.576204
33.094951,-83.5971174
32.9412822,-83.4433458
33.0027544,-83.4725565
32.9840024,-83.5459161
33.0113697,-83.5674723
33.1421091,-84.1511214
33.02722,-84.0874627
33.0550479,-84.1452414
33.0322572,-84.2130798
31.0366165,-83.0025834
31.0891724,-83.1072401
31.0067692,-83.1070785
32.624413,-82.8170097
32.5642653,-82.9355945
32.6246994,-83.0186484
32.5806184,-82.8921064
32.5446326,-82.9276733
32.5278827,-82.9854174
32.536134,-83.1164265
32.4388902,-83.0596489
32.4845663,-82.9170708
32.5293118,-82.8970918
32.476027,-82.7585746
32.5388088,-82.8612007
32.3932197,-82.9263171
32.2908252,-82.9152258
31.6467845,-84.0601644
31.8087401,-84.040984
31.8735207,-84.1955039
31.7361368,-84.1481863
31.7250713,-84.2160562
31.6382136,-84.2490488
31.6489676,-84.1828198
31.6494575,-84.1545128
31.9400649,-81.5681577
31.9807591,-81.7130226
31.8762219,-81.5986141
31.8197412,-81.6095694
31.7720581,-81.6174554
31.8320324,-81.6273559
31.8464854,-81.6923027
31.8110228,-81.6381094
31.7949425,-81.6406635
31.8459196,-81.6024863
31.852802,-81.5833954
31.8529765,-81.5143949
31.8148632,-81.5743271
31.7186561,-81.2671179
31.8249997,-81.4133457
31.8368883,-81.4472784
31.7181539,-81.4004554
31.6131107,-81.108034
33.8537719,-82.5225384
33.7333742,-82.3908967
31.8317568,-81.8782294
31.7475759,-81.7675217
31.6647143,-81.7484099
31.6566716,-81.6292582
31.9415442,-81.8155313
31.0147902,-83.2450838
30.9372227,-83.1925929
30.9245605,-83.27472
30.9545724,-83.4012015
30.9862495,-83.333286
30.9190233,-83.3334079
30.8934802,-83.2873806
30.8729605,-83.3114479
30.8636533,-83.29638
30.8655826,-83.2606634
30.8634149,-83.2762579
30.852533,-83.2704378
30.8745888,-83.2740233
30.8814537,-83.2372837
30.8655662,-83.1347005
30.8215323,-83.2496356
30.8253328,-83.2749346
30.8276468,-83.3070406
30.8398425,-83.2726419
30.8529262,-83.2901685
30.8526022,-83.3138375
30.8425015,-83.3159408
30.8370442,-83.287583
30.8098593,-83.4054583
30.7944381,-83.2806876
30.739284,-83.36874
30.6646461,-83.2765738
30.7576903,-83.2155181
30.6831642,-83.1770133
34.5141105,-83.8800754
34.4882205,-83.9369967
34.5745758,-83.9134941
34.6481979,-83.9468307
34.5934709,-84.0919633
34.5432062,-83.985904
34.5062275,-84.0945767
34.4759317,-84.0042901
33.5568508,-82.5244645
33.4854032,-82.4589909
33.4796684,-82.5523819
33.4398114,-82.5310158
33.398229,-82.4946933
33.3841141,-82.3919233
31.5503255,-81.5205034
31.5789411,-81.404451
31.5804214,-81.2844327
31.46643,-81.3102625
31.4902449,-81.4215105
31.3801224,-81.4184416
31.5539877,-81.5832293
31.4177754,-81.1980187
32.444587,-83.9443888
32.3969354,-84.1229695
32.2614341,-84.1290875
32.3149482,-83.9575124
34.177652,-83.3173836
34.150311,-83.1924788
34.0789009,-83.0892357
34.0446042,-83.2353008
34.0542077,-83.3525189
34.0720261,-83.2892251
34.2283693,-83.1715232
32.4377472,-84.5226277
32.2709492,-84.5294068
32.9182434,-84.6088966
32.8521917,-84.6206855
32.9129904,-84.750541
33.1459758,-84.7890625
33.1502212,-84.6114805
33.0292666,-84.6670579
33.0129269,-84.775722
31.1658488,-84.6163128
31.2119266,-84.7377998
31.1409612,-84.8182045
31.3804977,-84.1001067
31.2076509,-84.0580517
31.2933945,-84.2230289
31.2282434,-84.1151516
31.2295801,-84.2791635
31.1309545,-84.1653487
31.1443051,-84.3409818
33.1360293,-83.970327
33.0928896,-83.8541616
33.0454565,-83.9955217
32.9191312,-83.948376
32.9817732,-83.8062902
32.2824404,-82.5303493
32.1697348,-82.5513473
32.0525141,-82.5201947
33.7211631,-83.4880238
33.6085287,-83.6118489
33.5986493,-83.4994157
33.585362,-83.4361218
33.5262532,-83.3632331
33.4823497,-83.5336477
34.9254861,-84.6849348
34.8469806,-84.6644366
34.8404465,-84.8260634
34.8452408,-84.7825111
34.7188399,-84.7071455
34.7589712,-84.775441
34.7806456,-84.7972702
34.7601182,-84.8440559
34.6877459,-84.7657493
34.6511544,-84.8649614
32.5157014,-84.9639914
32.5072919,-84.9750847
32.518749,-84.9847825
32.4983766,-84.9706382
32.5010251,-84.9582324
32.4977562,-84.9347312
32.4876145,-84.9498107
32.4810692,-84.9620096
32.4888533,-84.9786625
32.4872648,-84.9907306
32.4768781,-84.9758191
32.4713664,-84.940981
32.4815727,-84.9276264
32.466474,-84.9544752
32.4636618,-84.9664132
32.4571525,-84.9654788
32.4536939,-84.9819852
32.4483569,-84.9672148
32.4588886,-84.9509507
32.4561246,-84.9340796
32.4421273,-84.9362567
32.443102,-84.951261
32.4304515,-84.9434382
32.4120879,-84.9278461
32.4210261,-84.9362228
32.412032,-84.9462104
32.5362348,-84.8902711
32.5259221,-84.8740609
32.536102,-84.8640154
32.5746863,-84.8690375
32.5612436,-84.766292
32.5448583,-84.9099596
32.5475218,-84.9444995
32.5915393,-84.9617911
32.5780467,-84.9999208
32.5645705,-84.9095963
32.5861972,-84.9355723
32.580856,-85.0451552
32.537832,-84.9837254
32.543597,-84.9607176
32.5315875,-84.939568
32.5168411,-84.9394548
32.5126822,-84.9025158
32.5132968,-84.8805136
32.47427,-84.9148139
32.4949756,-84.885572
32.4978466,-84.8638076
32.4848383,-84.8782544
32.4715174,-84.8754519
32.4593846,-84.8999845
32.4456834,-84.9104336
32.4333942,-84.9223931
32.4299772,-84.9081757
32.3956896,-84.9381671
32.4782933,-84.8086002
32.4714423,-84.9882394
32.4805376,-84.9696361
32.5020267,-84.9894045
32.3992058,-84.9634353
33.6646038,-83.8365558
33.6620812,-83.9033558
33.5909078,-83.7360002
33.4782514,-83.7861653
33.549391,-83.7710056
33.592285,-83.8304882
33.5545143,-83.8452025
33.614335,-83.8725984
33.5854318,-83.9582934
33.6044185,-83.961594
33.611345,-83.9432689
33.5999686,-83.9107196
33.5620165,-83.9188695
33.5514224,-83.8899947
33.5818308,-83.8613016
33.539994,-83.8549703
33.4893235,-83.8834739
33.4227624,-83.8704178
33.5552376,-83.9594348
33.5655329,-83.99938
33.5123585,-83.958616
33.5262955,-84.0018235
33.8865338,-83.5841037
33.9276054,-83.570493
33.937911,-83.5307686
33.9016128,-83.5111807
33.9053081,-83.4098642
33.9004103,-83.4473134
33.8500375,-83.4915912
33.8651689,-83.4332882
33.8565759,-83.3555193
33.7741025,-83.336246
33.7926393,-83.4236332
33.9510467,-82.9537477
33.8940049,-83.2040756
33.981339,-83.214632
33.9575357,-83.1351227
33.8807034,-83.0448301
33.7802247,-83.0927597
34.0484656,-84.9129693
34.0684495,-84.7817375
34.0084855,-84.7423235
34.032818,-84.7549095
33.9733835,-84.795481
33.9904537,-84.7649574
34.0349763,-84.7972313
33.9962643,-84.8450862
33.952189,-84.7571536
33.9093705,-84.7596764
33.9085148,-84.7300307
33.9361396,-84.7576963
33.9348764,-84.7816413
33.9291707,-84.8142483
33.8847459,-84.8719494
33.9395274,-84.8833139
33.9138408,-84.8360142
33.891116,-84.8157451
33.905685,-84.8522029
33.9260276,-84.9687466
33.8197735,-84.9417723
33.8770879,-84.95019
33.8443167,-84.7901375
33.8404188,-84.8564075
33.8516828,-84.8233657
33.8742354,-84.7956435
33.8802955,-84.7619618
33.8086218,-84.7333907
33.8517056,-84.7347531
33.8062154,-84.770728
33.8058714,-84.8643706
33.8055746,-84.8006201
33.7847719,-84.8362522
32.5705626,-83.7481556
32.6251919,-83.751688
32.6654048,-83.7236298
32.6495026,-83.7961157
32.5580892,-83.82422
32.5719945,-83.9027638
32.5202415,-83.9373314
32.4937605,-83.8624055
34.4529784,-84.277433
34.5033863,-84.3671549
34.4779391,-84.4453642
34.4777982,-84.4144964
34.5174974,-84.5138462
34.4695156,-84.6021261
34.4229121,-84.5108365
34.4205568,-84.3889556
34.4045686,-84.3123368
31.3752743,-82.0988369
31.4349423,-82.2592567
31.2877744,-82.3290459
31.348816,-82.3381562
31.2533461,-82.2485053
31.2862629,-82.1749895
33.1226425,-84.3543667
33.1232893,-84.2802331
33.1582567,-84.4394892
33.0538895,-84.4662034
33.0282153,-84.3580802
34.0538175,-85.0437095
34.031398,-85.2474421
34.0624639,-85.2106858
34.0065776,-85.3501014
33.9457493,-85.2353503
33.9823149,-85.2028332
33.9733919,-85.0902883
33.9740692,-85.036028
32.2449843,-83.3941355
32.2828257,-83.4747084
32.299682,-83.5250817
32.1846029,-83.5148665
33.301811,-83.2736515
33.3995325,-83.3083574
33.3621413,-83.1920903
33.4097713,-83.4304202
33.3328547,-83.4522691
33.3133095,-83.3738074
33.241757,-83.4583153
33.2046759,-83.3291241
31.8629381,-85.0047978
34.9594882,-83.4327936
34.9331774,-83.2972619
34.9417795,-83.3608753
34.9168929,-83.5041703
34.9073109,-83.2434438
34.7929814,-83.3773704
34.7986376,-83.48155
34.8758508,-83.6196041
31.810048,-84.6861476
31.7310825,-84.8217331
33.4880609,-82.0196
33.4878308,-81.9993932
33.4812657,-81.9904179
33.4656402,-81.958138
33.4683713,-81.9734146
33.4710148,-82.0009778
33.473844,-82.0252876
33.4621004,-82.0276561
33.4617823,-82.0088438
33.4585991,-81.9913874
33.4817342,-82.0463106
33.4750725,-82.0672495
33.4679452,-82.0512509
33.5075532,-82.0112808
33.5319629,-82.0385538
33.5044281,-82.0695205
33.5055706,-82.0483198
33.5160307,-82.034682
33.5139891,-82.0213119
33.4934552,-82.0585527
33.4753791,-82.0759791
33.4888014,-82.0934702
33.4726853,-82.1010858
33.4432335,-82.1475329
33.4565745,-82.1034681
33.4496118,-82.0205011
33.4410247,-82.005638
33.4224233,-82.0411636
33.4341356,-82.0495841
33.4225797,-82.023898
33.3975321,-82.0375747
33.4099853,-82.0178142
33.3973807,-82.0050858
33.4248813,-82.0705217
33.4082215,-82.0570615
33.4321262,-82.0944083
33.4491803,-82.0692587
33.4597175,-81.931723
33.4016882,-81.9620491
33.3575257,-81.995062
33.4031521,-82.0967319
33.3915762,-82.0811018
33.3827762,-82.0487609
33.3623978,-82.0565164
33.3678492,-82.122735
33.3541055,-82.0969068
33.3755872,-82.1045275
33.4165535,-82.1139478
33.357377,-82.2220034
33.2853429,-82.1396247
33.333487,-82.1350999
33.2761837,-81.9463227
33.3213437,-82.0265815
33.316455,-81.9904357
33.4753038,-81.9743473
33.4592649,-81.9821423
33.7325348,-84.011111
33.748891,-83.9636141
33.6943728,-83.9389452
33.7032625,-84.0517635
33.6638079,-84.0691373
33.640022,-84.064081
33.6579388,-83.9777256
33.6400053,-83.9572557
33.6727648,-84.032436
33.6520811,-84.0263696
33.6308243,-84.0108358
33.6025531,-83.9905125
33.6214455,-83.9854182
33.6804758,-83.9798939
33.6750426,-84.0019558
33.6925197,-84.0211146
33.6819856,-84.0149885
33.6183551,-84.1219363
33.5830613,-84.0262832
33.5656211,-84.0202011
33.5654455,-84.0878135
33.5783216,-84.0541242
33.6081451,-84.0168807
33.606574,-84.043268
32.3182006,-84.3324186
32.1914746,-84.2967105
32.899019,-81.5953409
32.7649113,-81.7166735
32.6974676,-81.5945272
32.7382808,-81.530206
32.5961874,-81.5314258
32.6687257,-81.7329238
30.9190927,-84.7868371
31.0064296,-84.8627237
30.9197836,-84.9199865
33.3313967,-84.3395059
33.331031,-84.2678573
33.2873792,-84.1575317
33.3113473,-84.2113112
33.2924402,-84.2581257
33.2860324,-84.2746408
33.2681651,-84.2781386
33.2694367,-84.3257575
33.2454783,-84.4171532
33.2376764,-84.2963936
33.2216964,-84.3495592
33.2529653,-84.2705334
33.2488001,-84.2292968
33.2199733,-84.1709959
33.2180493,-84.2439076
33.2055811,-84.3078674
33.2228814,-84.264766
34.5917238,-83.3755212
34.6493075,-83.3351305
34.5635217,-83.1594141
34.5682391,-83.2210338
34.5623524,-83.3396654
34.5481403,-83.3100686
34.5078766,-83.366836
34.5056469,-83.2170347
32.0857209,-84.7009735
32.0880272,-84.8974973
32.1255116,-84.0831136
32.0850548,-84.1634266
32.1164447,-84.255531
32.0405787,-84.3653307
31.9933571,-84.2498559
32.0698394,-84.2286455
32.0340229,-84.1697146
31.968503,-84.056677
32.7853784,-84.5860281
32.6983623,-84.4898972
32.595753,-84.5596483
33.559319,-82.8752721
32.2310142,-82.1225587
32.0092578,-82.1405539
32.0853879,-82.118198
32.1175525,-82.0595474
32.0101933,-81.927319
31.9084281,-82.0348592
31.8826055,-81.9427888
32.6614676,-84.2413494
32.5590039,-84.1049705
32.4858923,-84.3278467
32.5132619,-84.2187823
32.0140117,-82.8386233
32.1040937,-82.9244177
32.0387576,-82.9446698
31.9260872,-83.0647093
31.8836108,-82.8764384
31.8436173,-84.4390792
31.8087372,-84.4583974
31.7178354,-84.4821712
31.6824112,-84.3623164
31.0461591,-84.0632762
30.967838,-84.0252315
30.9826875,-83.8778142
30.9401436,-83.7802492
30.9066198,-83.9357084
30.8836362,-83.8943544
30.8519585,-83.9676574
30.8399813,-83.9564119
30.891148,-83.9971334
30.850646,-83.9836394
30.771162,-84.0384937
30.8240121,-83.963907
30.7611482,-83.9287847
30.743521,-83.7994187
31.5485029,-83.5663293
31.4606736,-83.6223478
31.484342,-83.5333791
31.4643007,-83.5180972
31.4968586,-83.4906314
31.4627119,-83.498063
31.4632511,-83.4226201
31.4346942,-83.4830018
31.4438198,-83.50352
31.4514742,-83.5506483
31.3673561,-83.5868672
31.3615915,-83.4962731
32.2401773,-82.2657879
32.1224205,-82.2448775
32.2690221,-82.3716548
32.2180411,-82.3682431
32.2358435,-82.4272519
32.1731018,-82.4285204
32.1920928,-82.3717063
32.1378798,-82.37903
32.0155837,-82.3447063
34.9465664,-83.8741014
34.8688656,-83.7650556
34.9517376,-83.7451488
34.959441,-83.6501995
32.4516785,-82.5163819
32.3713882,-82.6160493
33.1560633,-84.9513844
33.1570237,-84.8892537
33.1494897,-85.0200228
33.0978201,-85.1493205
33.0491681,-85.0961155
33.0693385,-85.061589
33.0877748,-85.0360591
33.0536325,-85.0193704
33.0715764,-84.9776266
33.070782,-84.9170344
33.0195553,-84.9274456
32.9691992,-84.9946248
33.0289395,-85.040569
33.0235321,-85.0679699
33.0191427,-85.1408767
32.9772386,-85.0925324
32.9166478,-85.1295279
32.9205098,-84.9239304
31.7203251,-83.7264607
31.7384199,-83.6341544
31.7058672,-83.5714035
32.812349,-83.4628274
32.7037015,-83.4092296
32.5951862,-83.452191
34.9306532,-84.1111831
34.9787723,-84.008054
34.9327395,-83.9810529
34.7530168,-84.0325153
34.7998643,-83.8579903
34.8519283,-84.0673616
34.8887893,-83.9174864
34.8443569,-83.9736344
32.9283836,-84.1939916
32.9290022,-84.3331095
32.9587144,-84.3523682
32.9098494,-84.4437521
32.8580992,-84.3498436
32.8747992,-84.3190741
32.8987188,-84.2908236
32.8148571,-84.2336859
34.963549,-85.2768207
34.9246763,-85.276023
34.9720208,-85.2891023
34.9603585,-85.3258475
34.9250016,-85.3348371
34.8755088,-85.4066127
34.8720469,-85.2943621
34.902243,-85.2972168
34.8523828,-85.3608713
34.8928575,-85.3391078
34.8134313,-85.238157
34.7389128,-85.2161388
34.7246161,-85.2827851
34.6924225,-85.2911116
34.6887832,-85.3864836
34.6522754,-85.1393945
34.6461476,-85.3343236
34.6502577,-85.2511896
33.882736,-83.7887955
33.8799831,-83.6940281
33.7968458,-83.6014089
33.8158365,-83.6863291
33.7853453,-83.6763458
33.8216658,-83.7373731
33.8269253,-83.8041775
33.8447857,-83.8801225
33.8678328,-83.844188
33.790276,-83.937431
33.8113353,-83.8447379
33.8227047,-83.8994051
33.7940608,-83.8816666
33.7788689,-83.8087537
33.7181055,-83.7955606
33.7450647,-83.8769194
33.7688915,-83.7408041
33.7481197,-83.6860916
33.6881994,-83.7282975
33.6714477,-83.6552905
31.363204,-82.5281186
31.2507673,-82.5200242
31.2342386,-82.3782626
31.2249733,-82.3601861
31.2425112,-82.3415614
31.2156711,-82.3135877
31.2050445,-82.3526059
31.0510787,-82.5362686
31.2128142,-82.3793084
31.0545356,-82.2878331
33.3642511,-82.5741991
33.4288007,-82.7208348
33.078151,-82.8961173
32.9893733,-82.8597103
33.0144063,-82.7375426
32.9072761,-82.6537822
32.8683346,-82.8751999
31.7149748,-82.0261715
31.6551937,-81.9166657
31.6471104,-81.8851278
31.5987026,-81.94632
31.5052372,-82.0213861
31.5805982,-81.8992951
31.4789209,-81.7934995
32.0994599,-84.5426129
31.990633,-84.5636395
32.118418,-82.6700635
32.113498,-82.8034103
34.7559212,-83.7194256
34.6895887,-83.6955611
34.6283549,-83.6980583
34.7120738,-83.8228663
34.6191351,-83.8369701
34.589682,-83.755352
34.548244,-83.8062561
34.5332938,-83.7046855
34.5714882,-83.6639548
34.9348962,-84.8876648
34.8995672,-84.9593441
34.9416931,-84.9806952
34.8244332,-84.8897018
34.8579016,-84.92098
34.8182409,-84.9566921
34.8531693,-84.9680781
34.7919995,-84.9479989
34.7929766,-84.9086858
34.83117,-85.0035728
34.7862911,-84.9790075
34.8354418,-85.0366218
34.7669948,-85.1009198
34.6722052,-85.0232212
34.773206,-85.0278344
34.7698649,-84.9878324
34.7718874,-84.940177
34.7544218,-84.8875351
34.729015,-84.9325622
34.756506,-84.9414267
34.7482893,-84.9872273
34.6695865,-84.9540471
31.9531876,-83.3164444
32.0534369,-83.4954743
31.937345,-83.5499143
31.9128496,-83.4170419
33.895747,-82.697208
33.7815797,-82.8829986
33.7629126,-82.6910911
33.6834544,-82.6796876
32.8593856,-83.1776663
32.8739308,-83.3057042
32.7399869,-83.1115538
31.727669,-83.9217225
31.5962579,-83.925478
31.5796722,-83.8348507
31.4797339,-83.7398355
31.5015114,-83.9128222
31.3823394,-83.8902049
43.6125492,-116.2090722
43.6188646,-116.2065056
43.6314866,-116.1710011
43.6751115,-116.2170641
43.6518985,-116.2435264
43.6572438,-116.266341
43.6732009,-116.2721879
43.665669,-116.2598581
43.6431783,-116.2425943
43.6299467,-116.2289796
43.6443253,-116.2308855
43.6368664,-116.2170088
43.633323,-116.2102044
43.6283627,-116.2000007
43.6066784,-116.180455
43.5724198,-116.1332587
43.5985788,-116.1461979
43.5698099,-116.1617483
43.5763651,-116.1559907
43.595228,-116.1891263
43.5881345,-116.1819939
43.5930553,-116.1760798
43.5772062,-116.1773689
43.5793902,-116.1873186
43.5872244,-116.1979723
43.600325,-116.2017005
43.612953,-116.2353679
43.6082402,-116.2192811
43.6021299,-116.2265836
43.6386609,-116.2566991
43.6331606,-116.2662381
43.6222245,-116.2598764
43.6154963,-116.2631729
43.6007836,-116.2434063
43.5944327,-116.2448486
43.595798,-116.2160586
43.5780838,-116.2056868
43.5861505,-116.227977
43.5819864,-116.2165695
43.5787143,-116.2352716
43.5924213,-116.2678316
43.6061829,-116.2590769
43.5436992,-116.2236875
43.589071,-116.3239822
43.5535373,-116.3237308
43.5559338,-116.3054954
43.5682059,-116.3237812
43.5588409,-116.2820025
43.5694529,-116.2989607
43.5851515,-116.3041685
43.5869699,-116.2898425
43.6085965,-116.3091775
43.6090104,-116.3273623
43.6228289,-116.3285973
43.6262543,-116.2988286
43.6264521,-116.3114225
43.6273563,-116.2830492
43.6090626,-116.286093
43.6684205,-116.3184398
43.6376301,-116.3043773
43.6448405,-116.303009
43.6411959,-116.3242961
43.6532972,-116.323356
43.6399348,-116.285826
43.65245,-116.298953
43.6171638,-116.0931755
43.7278467,-116.247797
43.71228,-116.3380495
43.7024663,-116.5046247
43.6998448,-116.4743153
43.6858514,-116.4819294
43.7125949,-116.4306089
43.7604809,-116.3968709
43.7135102,-116.3835204
43.7018148,-116.385616
43.6864476,-116.3843885
43.6837043,-116.3287651
43.7014866,-116.3312243
43.6703337,-116.2961609
43.6796313,-116.2973159
43.571582,-116.441591
43.5687827,-116.407197
43.584432,-116.3844964
43.5588586,-116.3830606
43.5885528,-116.3594315
43.5607216,-116.3647449
43.5630275,-116.3463909
43.5847463,-116.3391281
43.610345,-116.4236383
43.6117892,-116.4447969
43.6034834,-116.4510065
43.6131686,-116.4036328
43.6006944,-116.4085538
43.641857,-116.4794394
43.6273013,-116.4436996
43.6461925,-116.438592
43.6265335,-116.4222723
43.6406577,-116.4207857
43.6548023,-116.4237368
43.671967,-116.4648255
43.6558104,-116.3834928
43.6705333,-116.3824481
43.6556629,-116.4033616
43.6422243,-116.3439141
43.6540418,-116.3472016
43.6552513,-116.3640976
43.6413992,-116.3853806
43.6373148,-116.4043874
43.6262108,-116.4015354
43.6405741,-116.3626394
43.6256149,-116.3646994
43.6264295,-116.3842359
43.6057087,-116.3831306
43.6067108,-116.3673615
43.6099048,-116.3457483
43.6261226,-116.3416766
43.4859226,-116.4450632
43.4961413,-116.4247135
43.5101931,-116.4237188
43.5047038,-116.4048201
43.5279513,-116.4230922
43.4977293,-116.3713277
43.529296,-116.3231791
43.5400731,-116.3019832
43.5425709,-116.285559
43.3343356,-116.2964654
43.3304526,-116.0656972
43.5630946,-116.1641693
43.5529595,-116.1399225
45.0199817,-116.3181613
44.8345514,-116.5085487
42.8348619,-112.2876239
42.9213873,-112.4686222
42.9318613,-112.454736
42.92418,-112.5006922
42.9550323,-112.4889678
42.8427195,-112.3827522
42.8606296,-112.4263503
42.8535038,-112.4332669
42.8728681,-112.4427432
42.8810887,-112.4342929
42.8875628,-112.4190392
42.9138585,-112.4181862
42.9008382,-112.4028244
42.9028393,-112.4463328
42.8842102,-112.4464492
42.8929021,-112.4591696
42.9015621,-112.4817736
42.8707282,-112.4627881
42.863487,-112.4728441
42.8468295,-112.4459889
42.8136887,-112.4238296
42.5120132,-112.1218261
42.9802973,-112.3575667
42.7274864,-112.396471
42.2556968,-111.2020074
42.309561,-111.4817532
47.2457259,-116.8231532
47.1920277,-116.4975494
43.1431423,-112.2179313
43.3706458,-112.0878317
43.3894417,-112.1530206
43.1910953,-111.872456
43.3253291,-112.8148524
43.212685,-112.2491289
43.2426816,-112.2979875
43.1653065,-112.4169563
43.2497515,-112.3606392
43.1308512,-112.5422089
43.200165,-113.6237438
43.4065397,-114.3535065
43.5224618,-114.3068643
43.6283763,-113.9972708
43.8316394,-114.4519349
43.7361297,-114.5819469
43.6691899,-114.343589
43.7300428,-114.2020571
43.6583984,-115.8791211
44.1070755,-115.5151438
43.9078711,-115.9658126
48.2510508,-116.2688639
48.4338123,-116.3369802
48.3311575,-116.3836709
48.3005427,-116.5364748
48.2677273,-116.5471984
48.4239931,-116.639995
48.2753981,-116.7052341
48.2591564,-116.6098431
48.1969892,-116.8879754
48.6723846,-116.8915507
48.1346158,-116.9115651
48.0517466,-116.9458358
48.1474914,-116.630468
48.0534129,-116.6773407
48.2002891,-116.4324549
48.2147902,-116.5494278
43.3668297,-111.4375628
43.6049293,-111.933795
43.5350178,-112.0161992
43.5369101,-111.9397541
43.5036078,-111.9543519
43.5124881,-111.9677633
43.4757244,-111.9663568
43.4495515,-111.968664
43.4842305,-111.9329598
43.4887299,-111.9672338
43.5060299,-111.9960148
43.4893117,-111.99424
43.4750927,-111.9952904
43.5117872,-112.0197444
43.4909213,-112.0149231
43.4777833,-112.0114821
43.4744523,-112.0410176
43.4911824,-112.0301096
43.5067215,-112.0449867
43.5159858,-112.075757
43.4899541,-112.0805084
43.4469258,-112.0845249
43.453652,-112.0236554
43.5310784,-112.3102441
48.8890307,-116.2168534
48.7359552,-116.5508973
43.685101,-113.1776308
43.5025515,-114.7721349
43.5794414,-116.5638761
43.5851131,-116.55655
43.5734628,-116.5654225
43.5663329,-116.5242756
43.5923561,-116.5470318
43.5653546,-116.5496987
43.5648058,-116.5771957
43.5542092,-116.5428436
43.5543447,-116.582793
43.5542968,-116.5581895
43.5533803,-116.568293
43.5817645,-116.6028953
43.5788689,-116.585887
43.5912841,-116.5839762
43.5726951,-116.4920731
43.5687412,-116.6029345
43.5321729,-116.5628438
43.5340548,-116.541284
43.5342538,-116.515952
43.539524,-116.5827234
43.5543773,-116.6027176
43.5720155,-116.6421673
43.5433543,-116.6178953
43.6125478,-116.6728253
43.6262886,-116.6729731
43.6120688,-116.6429347
43.5977222,-116.6031428
43.6018137,-116.6219112
43.6229073,-116.6075863
43.6721882,-116.6371279
43.6195961,-116.5631565
43.6101593,-116.540054
43.611137,-116.5051006
43.6569069,-116.557994
43.654837,-116.6464964
43.6880132,-116.6876772
43.6630795,-116.6745723
43.6581278,-116.684917
43.6586442,-116.7017303
43.6407155,-116.6980628
43.6404549,-116.6641605
43.6673844,-116.7697911
43.5766834,-116.6721496
43.704473,-116.610601
43.7522585,-116.7837903
43.7587588,-116.6787086
43.7696945,-116.5611855
43.7086763,-116.6647078
43.777361,-116.9599282
43.6650836,-116.901818
43.4225343,-116.6231036
43.6056613,-116.806696
43.5484904,-116.7184428
43.4888013,-116.5554208
42.6943684,-111.8511424
42.8046858,-111.3876998
42.290077,-113.3791677
42.5409128,-113.6227583
42.4805097,-113.7526916
42.5418936,-113.7722815
42.5098751,-113.8442049
42.2248436,-114.0154675
44.290218,-112.3546128
46.5441481,-116.3264667
46.4460263,-116.2308137
46.689697,-115.6273693
44.273351,-114.2522675
43.4279533,-115.3153273
43.3771895,-115.7714922
43.1508171,-115.6980803
43.0909062,-115.5673089
43.1123484,-115.8388371
43.1273897,-115.7021836
43.0491862,-115.8658595
42.2224181,-111.8467781
42.0609834,-111.7147361
44.2826635,-111.5056491
44.0195164,-111.3205108
43.9428486,-111.7748441
43.9484456,-111.6285587
44.193059,-116.3452329
43.8513155,-116.6098142
43.8881683,-116.463863
43.8584492,-116.4848459
42.9343706,-114.7060802
43.0325366,-114.8256001
42.8054737,-114.7530659
42.7301684,-114.7568035
46.1446479,-116.1412951
45.9038732,-115.0492776
45.7664214,-116.2649348
45.90663,-116.0361297
45.9507177,-116.5054851
45.3283441,-116.1296357
43.8267161,-112.3662009
43.7070582,-112.0181683
43.6634228,-111.9570338
43.6824579,-111.9200089
43.658216,-111.8940292
43.6693599,-111.8002913
42.6774188,-114.141908
42.7935032,-114.5121217
42.7387372,-114.5008016
42.7199859,-114.5221406
42.6734332,-114.5487709
42.6750671,-114.3960372
47.9134096,-116.8174199
47.9293194,-116.9078051
47.8522255,-116.7925419
47.8593139,-116.6896872
47.9182833,-116.5734716
47.7954122,-116.9909923
47.7925103,-116.8764077
47.8355397,-116.9048719
47.6514553,-117.0032478
47.7252753,-116.964363
47.7271282,-116.9393771
47.7285869,-116.9049835
47.7305034,-116.9250601
47.7118785,-116.8831292
47.7056992,-116.9179618
47.7299863,-116.7974958
47.7654527,-116.8430278
47.7318294,-116.8182821
47.7374306,-116.8616504
47.7098477,-116.8333168
47.7071412,-116.7989046
47.6922108,-116.7979379
47.772927,-116.7765357
47.7529046,-116.7773849
47.7591504,-116.7997322
47.732425,-116.7724417
47.7126523,-116.7698898
47.710952,-116.7803885
47.69349,-116.7755494
47.6662488,-116.7772947
47.6803361,-116.768597
47.6661568,-116.7574329
47.6843688,-116.6908513
47.7969501,-116.6602505
47.7443135,-116.6623485
47.6244744,-116.4810996
47.5514568,-116.742889
47.5832007,-116.9625776
47.4212457,-116.8577649
46.7601437,-116.9843114
46.7949573,-117.0177294
46.783468,-116.9185184
46.7055632,-116.9132097
46.722827,-116.9909126
46.678717,-116.9812516
46.9509785,-116.7988807
46.8078675,-116.5562736
46.6170817,-116.6929669
44.7715548,-114.6809505
45.3176252,-113.755444
44.6687854,-113.5546429
46.2501,-116.11237
46.2709304,-116.4000332
46.0693381,-116.6057894
42.9907824,-114.1530888
43.8501313,-111.9133412
43.8722635,-111.6929341
43.8627143,-111.7901339
43.8314246,-111.7992716
43.8208049,-111.786658
43.8076692,-111.792514
43.8150929,-111.80907
43.8079234,-111.7679804
43.7747647,-111.5528132
43.7867011,-111.873978
43.7481725,-111.7897659
42.6697036,-113.8431454
42.5605434,-113.804794
42.9389027,-113.5854159
42.6141552,-113.6997879
42.5924488,-113.6535632
46.4152911,-116.6465238
46.5837376,-116.5850448
46.4670312,-116.9512452
46.4080176,-117.0272919
46.3956554,-117.0170977
46.4002308,-116.9921896
46.0956517,-116.8989005
46.366328,-116.9761878
46.376303,-116.9665402
46.3808436,-116.9413726
42.1838954,-112.5204486
43.5924261,-116.9602208
43.5247849,-116.8481343
42.5728508,-116.1896903
44.0734569,-116.6882446
44.0528813,-116.9219956
43.8755875,-116.8985124
44.003522,-116.9047162
43.907366,-116.7936121
42.6103246,-112.7124468
42.8426024,-113.0342691
47.3343792,-115.9001454
47.5077896,-116.0955904
47.4893453,-115.8727601
43.8192295,-111.1178797
43.8783515,-111.2297368
43.7185323,-111.2587284
43.7463818,-111.0803163
43.6454887,-111.1162842
43.5892479,-111.20328
43.5681128,-111.0836117
42.5703175,-114.4407268
42.5747153,-114.8122296
42.5982883,-114.7752696
42.5759485,-114.6211831
42.5102529,-114.4894119
42.6003948,-114.5197151
42.5831066,-114.4895392
42.5775151,-114.4700202
42.5839278,-114.422892
42.5564792,-114.433935
42.5452395,-114.4431792
42.5568738,-114.4692778
42.5262015,-114.483948
42.5492408,-114.4858879
42.558085,-114.3752229
42.5071035,-114.315475
42.3062429,-114.6702624
44.7163104,-115.4687788
45.1027556,-115.8389726
44.8432057,-116.1556787
44.8195397,-115.8874445
44.5002102,-116.6963167
44.2328681,-116.7823364
44.4147367,-117.0715447
30.3965852,-92.2103698
30.4228344,-92.2235182
30.4260803,-92.3324366
30.4058199,-92.4691373
30.3608118,-92.5763311
30.3008781,-92.3616597
30.3180096,-92.4802834
30.2489446,-92.4868712
30.2847269,-92.2024883
30.3627353,-92.2161753
30.302917,-92.2718849
30.2437519,-92.2262483
30.2347983,-92.2622115
30.2437889,-92.2863515
30.2250777,-92.3483485
30.2436449,-92.346682
30.2224625,-92.3879919
30.2031178,-92.4211209
30.1960007,-92.377854
30.1494723,-92.5188222
30.1408364,-92.3603655
30.6731894,-92.912636
30.8585413,-92.6232793
30.8221786,-92.6357136
30.8215197,-92.6764225
30.6609249,-92.6934473
30.5154396,-92.8909056
30.5074915,-92.7573304
30.2658615,-90.8915738
30.3315382,-90.8888663
30.3121062,-90.8738209
30.2918066,-90.8374729
30.2514334,-90.8400937
30.3177555,-90.9916004
30.3278185,-90.9672854
30.3356816,-90.9383261
30.3135289,-90.9581117
30.311314,-90.9203011
30.2813652,-90.9675775
30.263501,-90.9592937
30.2908241,-90.9406661
30.2736093,-90.9188895
30.2957807,-91.0085261
30.1580109,-90.9437308
30.2305798,-90.9745119
30.2409873,-91.012517
30.2398928,-90.9548624
30.2440571,-90.9170281
30.2198096,-90.9214126
30.2263673,-90.9399745
30.2223991,-90.8780436
30.2168415,-90.8594212
30.2145544,-90.7619046
30.1808735,-90.896376
30.1317387,-91.0482577
30.0940059,-90.9495061
30.0828909,-90.9956687
30.0365757,-91.0680757
29.9331929,-91.2027143
29.9726148,-91.1867502
29.9757324,-91.0274496
29.921909,-91.0672285
29.8477519,-91.004046
29.7389613,-91.0288244
31.1244335,-91.9221625
31.2563649,-92.1130414
31.1456764,-92.1383044
31.141841,-92.078335
31.114717,-92.0511211
31.0531053,-92.1443295
31.0615606,-92.0599321
30.9225423,-92.180279
30.9540613,-92.0826445
31.0206639,-91.9948106
30.8991173,-91.9610574
30.9300228,-91.8770596
30.7889657,-93.080953
30.6695087,-93.1217816
30.8030741,-93.3204577
30.8508463,-93.2771867
30.8213141,-93.2738376
30.8505268,-93.3304186
30.6001941,-93.5784503
30.4559671,-93.2468375
30.5859675,-93.3443917
32.5539909,-92.9276071
32.5004346,-93.0318865
32.3365891,-93.3552685
32.2950189,-93.1729325
32.2951022,-92.9487143
32.5390706,-93.7449518
32.5462016,-93.7181404
32.5421487,-93.6878817
32.5260371,-93.7106744
32.5170128,-93.6988823
32.5090814,-93.6928352
32.5055394,-93.7053548
32.4776313,-93.6816839
32.4850566,-93.6707074
32.4604038,-93.6481296
32.4743072,-93.6547032
32.5048693,-93.5961455
32.3481763,-93.5133953
32.4261805,-93.605576
32.4581331,-93.5156695
32.6928351,-93.7432627
32.6002242,-93.5046404
32.5182251,-93.4751594
32.5461375,-93.5673751
32.5682765,-93.5934233
32.7160952,-93.4911511
32.6589735,-93.7331915
32.5769465,-93.6551507
32.5377111,-93.6455352
32.5856515,-93.7170278
32.5651845,-93.7415658
32.6876982,-93.6783611
32.6201527,-93.6713693
32.5952173,-93.6052017
32.6736268,-93.615344
32.8667333,-93.7336669
32.8692179,-93.5877867
32.5183269,-93.7295532
32.5252582,-93.7522704
32.5151339,-93.7660913
32.5074049,-93.7709552
32.4912289,-93.7517464
32.4963197,-93.7374536
32.4870921,-93.7379023
32.4944987,-93.7214123
32.484984,-93.7110202
32.4749329,-93.7298919
32.4755248,-93.7465878
32.4759491,-93.7672087
32.4871948,-93.7686246
32.4976099,-93.7729227
32.506913,-93.7872185
32.490782,-93.8016995
32.4884184,-93.7886328
32.473424,-93.8207018
32.4784229,-93.7886869
32.466879,-93.792193
32.4632248,-93.7664774
32.4613275,-93.7471283
32.4628802,-93.7284482
32.4661575,-93.715579
32.4625588,-93.695948
32.4505309,-93.7174629
32.4451944,-93.7372038
32.4480033,-93.751561
32.4489852,-93.7681814
32.4486745,-93.7899211
32.4377162,-93.7928735
32.4569056,-93.802965
32.4609408,-93.8180554
32.4343705,-93.7725147
32.4325656,-93.7569752
32.4301088,-93.7356904
32.4289396,-93.7463986
32.4043614,-93.7434161
32.4319917,-93.7226199
32.4174203,-93.7109776
32.412919,-93.6962702
32.4371397,-93.6907204
32.3601737,-93.7331065
32.3135332,-93.6113748
32.3533929,-93.7918628
32.4127734,-93.7784346
32.4284464,-93.810062
32.3892979,-93.8009863
32.3919275,-93.7749032
32.4108588,-93.8267884
32.392701,-93.8249625
32.4213104,-93.8452165
32.3621759,-93.919515
32.343,-93.8712336
32.3086921,-94.007062
32.2639455,-93.9251905
32.4362195,-93.8841296
32.3954086,-93.9900438
32.4979167,-93.9534974
32.4657995,-93.925615
32.4891093,-93.8538963
32.6121848,-93.8541116
32.6388565,-93.958406
32.5692573,-93.8300627
32.5322783,-93.7990638
32.5839733,-93.7879522
32.707294,-93.7976425
32.8327914,-93.9646666
32.8727564,-93.9794686
32.934483,-93.8916566
32.5005249,-93.7613231
32.5087256,-93.7451733
32.5893923,-93.8617252
32.5537685,-93.919066
32.4440632,-93.824157
30.2285191,-93.2133079
30.2467539,-93.2184145
30.2607943,-93.2026879
30.2320493,-93.1989992
30.2180995,-93.2302313
30.2221341,-93.1810624
30.2173598,-93.1938878
30.2073495,-93.2357236
30.205194,-93.2102156
30.2037606,-93.1916372
30.1873909,-93.2271647
30.1866615,-93.2120514
30.1865182,-93.1970872
30.1870712,-93.1843536
30.1553951,-93.2202578
30.1701025,-93.2232103
30.2686639,-93.1529031
30.2547311,-93.1879191
30.2367755,-93.1835296
30.2354865,-93.140441
30.1201673,-93.1732057
30.1448257,-93.2594531
30.1021697,-93.2796573
30.1913354,-93.2575211
30.1684316,-93.2407349
30.1529183,-93.2439707
30.1779581,-93.2471901
30.1768755,-93.2717656
30.2972806,-93.0772541
30.1504956,-93.0434116
30.2341018,-93.0142676
30.2926216,-93.1958183
30.3683451,-93.2441959
30.3523771,-93.1594304
30.3104425,-93.2362479
30.3172931,-93.2128668
30.3331618,-93.401877
30.4481394,-93.4578857
30.4502866,-93.402178
30.271415,-93.2452356
30.2513491,-93.2591067
30.2694252,-93.4483227
30.26819,-93.3168281
30.2420841,-93.3765112
30.226729,-93.3839478
30.2262728,-93.3637541
30.225656,-93.3373507
30.2301396,-93.3176737
30.1120625,-93.3958207
30.1767427,-93.3695892
30.1164243,-93.5457183
30.1986358,-93.5798903
30.250903,-93.6111442
30.3536444,-93.6536642
30.2103581,-93.1437753
30.1237016,-93.2201643
32.090382,-91.9949735
32.1191511,-92.2181371
31.9959904,-92.0854092
29.9784981,-93.0565711
29.8252618,-92.8906
29.914903,-93.6463871
29.9280023,-93.4738852
29.7150465,-93.532746
31.8076074,-91.8020287
31.612761,-91.8435064
31.4835894,-91.9081707
32.859479,-92.863544
32.8230758,-93.0991279
32.9219064,-93.1108013
32.9733816,-93.1320845
32.7813594,-93.0640188
32.6656828,-93.0235922
31.6854795,-91.5628404
31.6546265,-91.5482481
31.6012465,-91.5947858
31.5621376,-91.5067603
31.5728413,-91.4354922
31.37583,-91.7211095
32.216529,-93.7925857
32.2733915,-93.6815088
32.2711892,-93.7998393
32.0905144,-93.956799
32.066765,-93.6175014
32.0512313,-93.7266832
31.9550682,-93.7559768
32.0086919,-93.6560643
31.9150953,-93.7322947
30.5044263,-91.1609164
30.4983574,-91.1377287
30.4941177,-91.1622667
30.4926837,-91.148568
30.4791469,-91.1627052
30.4830309,-91.1486504
30.471841,-91.1480983
30.4835077,-91.1291823
30.4750399,-91.1259389
30.4618762,-91.1613366
30.4593335,-91.1473187
30.4614265,-91.1089636
30.4605926,-91.1338178
30.4601809,-91.1216807
30.4457772,-91.1606736
30.442325,-91.1456893
30.4481224,-91.1254067
30.4399773,-91.124432
30.4406151,-91.0989209
30.4357964,-91.1740185
30.4328783,-91.1590426
30.428099,-91.1905324
30.4260668,-91.174861
30.4160639,-91.1567714
30.4026562,-91.1308384
30.4258882,-91.144983
30.4146763,-91.1920106
30.4126733,-91.1693278
30.5247612,-91.2445729
30.5346098,-91.1715838
30.5376815,-91.1349065
30.5695383,-91.1127006
30.5163583,-91.1630587
30.5153329,-91.1349498
30.5146203,-91.0946738
30.5080467,-91.1108471
30.4919646,-91.1066903
30.4796487,-91.0799022
30.4866526,-91.0458576
30.4639904,-91.0874583
30.4646603,-91.0648498
30.4670053,-91.046822
30.4445008,-91.0787114
30.4480253,-91.0634788
30.4506001,-91.0465011
30.4041262,-91.0935781
30.4147602,-91.1205128
30.4267796,-91.1164875
30.4155026,-91.0760288
30.4255265,-91.0915644
30.4030196,-91.0746582
30.3905813,-91.0725094
30.4209107,-91.0437466
30.4219765,-91.0265843
30.426433,-91.0618121
30.4120098,-91.0589953
30.4414693,-91.0324719
30.4354231,-91.0496615
30.4002226,-91.027577
30.4031188,-91.0447547
30.3570034,-91.0687637
30.3959518,-91.19338
30.3672201,-91.1099972
30.3880074,-91.1031326
30.361768,-91.086649
30.3724345,-91.0906594
30.3619833,-91.0522461
30.3623828,-91.0298573
30.3954979,-91.1726449
30.3886612,-91.1888085
30.3649986,-91.2078165
30.3313961,-91.077796
30.336819,-91.0447663
30.3569813,-91.1175101
30.3471718,-91.1296438
30.3610133,-91.1404601
30.3543744,-91.1568248
30.565497,-91.1532729
30.5806869,-91.1873743
30.6017563,-91.1412168
30.5809785,-91.1507912
30.5836713,-91.0801519
30.5922186,-91.0227677
30.5261624,-91.0550297
30.5526984,-90.9937046
30.5035754,-91.001755
30.4722878,-91.0075833
30.4517243,-91.0048605
30.4046753,-91.0082367
30.3744465,-91.0178796
30.4250702,-90.987753
30.4174309,-90.9880036
30.3953664,-90.9923363
30.4029025,-90.975148
30.3629873,-90.9420571
30.3735108,-90.9980607
30.665437,-91.1264484
30.6101808,-91.2518745
30.6889758,-91.1888018
30.6318494,-91.1785114
30.6711132,-90.9796062
30.4052468,-91.1601403
30.3914077,-91.141484
30.3815604,-91.1245134
30.4664588,-91.1865015
30.4392842,-91.1867534
30.4489775,-91.1735028
30.5328786,-91.1514603
32.8997542,-91.2148469
32.6596022,-91.2459591
32.7959911,-91.1970227
30.9416457,-91.0014285
30.8502357,-91.1580353
30.7109695,-91.2610767
30.7752746,-91.1407112
30.8024422,-90.9465418
30.8161498,-92.3068079
30.8879183,-92.3766714
30.8101,-92.5040487
30.6493824,-92.4826018
30.5461566,-92.5234669
30.6406172,-92.413702
30.6688651,-92.3801473
30.7034613,-92.2946271
30.6980435,-92.2727036
30.724067,-92.2260963
30.6013764,-92.3112512
32.3120261,-91.6190755
32.1489956,-91.745248
32.1714108,-91.7355883
32.0735313,-91.5800154
32.028182,-91.8240443
31.9423648,-91.708659
31.6794464,-92.4960788
31.6415625,-92.7769063
31.460754,-92.6605122
31.546634,-92.5389341
31.5097685,-92.3367571
31.4453662,-92.5107979
31.4808507,-92.4243442
30.0078223,-91.4664415
29.96941,-91.7064536
30.079639,-91.7349559
30.0303171,-91.6922228
30.0365848,-91.8813307
30.023712,-91.9393985
29.9253835,-91.9504231
29.8896,-91.8670986
29.9891168,-91.8851055
30.0280025,-91.8217714
30.0266187,-91.7967819
30.0053375,-91.7722664
30.0110785,-91.8072147
30.0106095,-91.8337105
30.0007663,-91.8363669
29.99784,-91.819842
29.9866104,-91.8058113
30.0006067,-91.8071036
29.9890565,-91.8329112
29.9023975,-91.8002032
29.9631121,-91.7596249
29.6054384,-91.8040449
29.4382715,-91.7775824
30.4398986,-91.556618
30.3175414,-91.4359929
30.320768,-91.2224555
30.1403231,-91.3845356
30.1779059,-91.1893733
30.1123406,-91.1815087
30.2689429,-91.2414561
30.2606697,-91.1606478
30.2706837,-91.0844121
32.3279236,-92.4682867
32.3617072,-92.705667
32.226336,-92.6060355
32.230736,-92.6745286
32.2524138,-92.7291331
30.0191787,-90.1698733
30.0091279,-90.1618854
30.00979,-90.1717167
30.0244213,-90.2092046
30.0221784,-90.1908703
30.0243696,-90.2198987
30.0263176,-90.242281
30.0107061,-90.2552321
30.0129335,-90.2337381
30.0170566,-90.2556957
30.0359073,-90.2547376
30.026672,-90.25345
30.0295191,-90.2343266
30.0290723,-90.2275045
30.017129,-90.2742739
30.0133136,-90.2685179
30.0443903,-90.2618714
30.0335988,-90.2761235
30.0316515,-90.2665232
30.0030967,-90.2626372
29.9850813,-90.2424525
29.9938796,-90.2394601
30.0019412,-90.237435
30.004988,-90.2253143
30.0153242,-90.2180587
30.0085224,-90.2158362
30.0006985,-90.2128916
29.9975734,-90.1987891
29.9834761,-90.1419274
29.98914,-90.1955547
29.9886194,-90.1831615
29.9866738,-90.2064399
29.9922585,-90.2099668
29.9914452,-90.2245906
29.9826947,-90.2251275
29.9766514,-90.2242418
29.9716252,-90.2298285
29.9517237,-90.2090897
29.9612859,-90.2126638
29.9699347,-90.2148328
29.9473143,-90.2189908
29.9422118,-90.2065866
29.9312672,-90.2022639
29.949169,-90.2014245
29.9531852,-90.1902899
29.9582007,-90.1754893
29.9665934,-90.1674563
29.9603664,-90.1639936
29.9665913,-90.1566117
29.9618313,-90.1510098
29.9762928,-90.1332417
29.959991,-90.1408587
29.9118007,-90.028513
29.8962188,-90.026574
29.8916884,-90.017145
29.9042092,-90.0190163
29.8822369,-90.0392365
29.8817291,-90.0271585
29.8718911,-90.0286171
29.916636,-90.0378243
29.9028009,-90.0364806
29.909321,-90.0463968
29.892165,-90.048463
29.9015429,-90.0562453
29.9133228,-90.056472
29.9235307,-90.0464711
29.932408,-90.0536765
29.9193653,-90.061319
29.9091151,-90.0744227
29.8964121,-90.0643887
29.8850138,-90.0711463
29.8965346,-90.0861292
29.8875945,-90.0880367
29.8891392,-90.0952452
29.9035965,-90.0958281
29.889917,-90.1026221
29.8896767,-90.1107879
29.8970936,-90.1177771
29.8926484,-90.1264458
29.8945064,-90.1521499
29.9036,-90.141707
29.9442792,-90.2509539
29.9228324,-90.2480546
29.8949935,-90.2336686
29.8800474,-90.1743683
29.8733638,-90.1441113
29.8565552,-90.1153151
29.8824775,-90.0569097
29.868302,-90.10506
29.8589897,-90.0827567
29.8612322,-90.0768091
29.8485253,-90.0672983
29.8575253,-90.0305532
29.8600796,-90.0418337
29.8467215,-90.0514335
29.863606,-90.058419
29.8542256,-90.096995
29.8756512,-90.0866603
29.8084604,-90.091652
29.8401053,-90.1093999
29.552043,-90.045364
29.704428,-90.141456
29.809263,-90.1383083
29.9227436,-90.1622868
29.9773625,-90.2615414
29.9876453,-90.1667917
30.0074716,-90.1319176
29.9982112,-90.136823
30.0146505,-90.1251799
29.9947389,-90.1551172
29.974304,-90.1705883
29.9792189,-90.1787451
29.980587,-90.2004304
29.9895848,-90.1455593
29.9913203,-90.1296249
30.0164992,-90.138361
30.0080141,-90.1445728
29.9956471,-90.1705634
30.0010844,-90.1710111
30.0024543,-90.1910945
29.9964845,-90.1847598
29.9788537,-90.1643843
30.0108331,-90.187879
30.0116714,-90.2043032
30.0107118,-90.1540066
29.9916691,-90.2579841
30.1039186,-90.1886766
29.1891317,-89.9804052
30.3838935,-92.7458148
30.2420291,-92.9346603
30.2506785,-92.8151149
30.0810408,-92.6752101
30.142523,-92.7092701
30.2363118,-92.6574119
30.2142941,-92.6747033
30.2092846,-92.6159763
30.2248618,-92.019402
30.219989,-92.0033658
30.2153844,-92.03408
30.2264719,-92.0448716
30.2217517,-92.066911
30.2147053,-92.0547902
30.2058205,-92.0678091
30.2398679,-92.0524432
30.2360142,-92.0258425
30.2476177,-92.0293581
30.271613,-92.04325
30.2803914,-92.0142203
30.2808004,-91.9866048
30.2472597,-92.0146813
30.2431945,-91.9833201
30.2608557,-91.9852826
30.22064,-91.9714183
30.2283531,-91.9951888
30.1469105,-92.0530966
30.1677673,-91.933211
30.1601133,-92.07235
30.1360795,-92.0966678
30.115953,-92.0444842
30.0989517,-92.0604758
30.1425131,-92.0217139
30.1263627,-92.0121124
30.1646581,-92.0143311
30.1558815,-92.0030132
30.1771476,-92.016587
30.1591192,-92.0333972
30.1677508,-92.0466786
30.1817505,-92.0292379
30.1389233,-91.9776307
30.1387028,-91.9457475
30.1099558,-91.9877194
30.0788665,-91.9670161
30.0800383,-92.0114619
30.1985775,-92.028336
30.1889826,-92.045317
30.1793141,-92.0586741
30.190074,-92.069267
30.2038449,-92.0547195
30.1963572,-92.1170634
30.1958927,-92.0836178
30.1542364,-92.1177908
30.1828463,-92.1588932
30.1770902,-92.2183888
30.2227017,-92.0872045
30.2234633,-92.1204544
30.263807,-92.1385924
30.2525199,-92.0822631
30.2745865,-92.0863646
30.3094942,-92.0888746
30.3426278,-92.0635388
30.3091543,-92.0285388
30.3262439,-92.0085862
30.3295573,-91.9722834
30.2091309,-92.020667
29.7925036,-90.8281163
29.7722294,-90.7903449
29.7848824,-90.8159256
29.77796,-90.8421651
29.7956758,-90.8434999
29.7620859,-90.9227012
29.8167965,-90.8033155
29.8625858,-90.8379692
29.836012,-90.6967232
29.7464247,-90.6610709
29.7172002,-90.4689504
29.3216363,-90.1512483
29.5936436,-90.2501427
29.1938568,-90.299355
29.3907205,-90.2826535
29.5193595,-90.3721527
29.5714141,-90.3752816
29.5396531,-90.4893808
29.6418523,-90.626843
29.6803835,-90.5590465
29.6342743,-90.5413044
29.7124661,-90.5966651
29.7271412,-90.6879421
29.7061825,-90.738654
29.6603682,-90.6904498
29.7907611,-90.8077254
29.0601141,-90.2387417
31.844139,-92.1406428
31.7208379,-92.1140513
31.6097332,-92.1689518
32.6900151,-92.6738038
32.572577,-92.7977292
32.5431609,-92.7069938
32.5388449,-92.6586659
32.5593329,-92.6540416
32.5571332,-92.6246536
32.5354033,-92.5790296
32.5592106,-92.4762101
32.6525298,-92.5501406
32.4701686,-92.6395622
32.5205428,-92.6346594
32.4887072,-92.6906841
30.4885139,-90.6168643
30.5456537,-90.5898261
30.5845617,-90.6189502
30.5753157,-90.7189234
30.5706954,-90.8039958
30.4657885,-90.7751236
30.5601778,-90.8840333
30.6072382,-90.9073614
30.5720195,-90.967706
30.5878205,-90.9381182
30.561312,-90.934121
30.5106548,-90.893504
30.4809073,-90.8784555
30.4869857,-90.8268084
30.5112095,-90.8468338
30.5175967,-90.9709806
30.5225815,-90.9258066
30.4803963,-90.9171585
30.4954452,-90.9485199
30.4791802,-90.9427647
30.4706661,-90.9681572
30.4508392,-90.9347179
30.3677491,-90.8886372
30.3896639,-90.936273
30.361393,-90.7932775
30.303731,-90.7457448
30.4275299,-90.8058731
30.4610198,-90.882622
30.4083809,-90.8641765
30.4177658,-90.8940482
30.4626041,-90.6233323
30.3933971,-90.6304843
30.2422527,-90.6978346
30.2589412,-90.6066246
32.3529253,-91.0448055
32.3662154,-91.3320951
32.4181919,-91.1934644
32.4147398,-91.1787991
32.3967917,-91.1914957
32.9121948,-91.6484038
32.914716,-91.8783294
32.8550504,-91.9996998
32.7830715,-91.9289681
32.7799664,-91.9028036
32.6872703,-91.7477497
32.6636997,-91.8952257
32.7654252,-91.9320403
31.9924749,-93.0082707
31.9229208,-93.1094709
31.8196344,-93.2917197
31.8006032,-93.0843173
31.7632005,-93.0766319
31.7301989,-93.0923162
31.7564815,-93.0429529
31.7590259,-93.0952026
31.5995002,-93.1829787
31.6820412,-93.0161197
31.5055466,-92.9952532
29.9532061,-90.0521978
29.9459372,-90.0528397
29.9409498,-90.0489913
29.9468233,-90.042528
29.9327828,-90.0409526
29.9374946,-90.0334521
29.9301567,-90.0255753
29.9329328,-90.0200224
29.9475265,-90.0265146
29.9331065,-90.0083102
29.9293879,-89.9946552
29.9187756,-89.9774858
29.9035164,-89.930076
29.9202791,-90.006853
29.9156152,-89.9936335
29.901238,-89.994086
29.9064179,-90.0043916
29.9214281,-90.0285604
29.9195457,-90.0184776
29.97184,-90.02174
29.9544794,-90.0172152
29.9596374,-90.0198758
29.9669179,-90.0049754
29.9743449,-90.0109417
29.9686378,-90.0132915
29.9636785,-90.0152401
29.9671228,-90.0302709
29.9622293,-90.0464417
29.9692394,-90.041253
29.9697381,-90.0344719
29.9805154,-90.0374698
29.9747063,-90.0368131
29.9759416,-90.0457403
29.9817483,-90.0322142
30.0221099,-90.0403812
30.0085155,-90.035541
30.0215659,-90.0257248
30.0203438,-89.979535
30.0411792,-90.0257225
30.0296814,-89.9811442
30.0514962,-89.9778064
30.0435533,-89.9720493
30.055464,-89.9528991
30.0407038,-89.934992
30.0304833,-90.0044103
30.0364871,-89.986661
30.0586044,-89.9655535
30.0686983,-89.9502625
30.0414373,-89.9549478
30.0254915,-89.9554344
30.040644,-89.9231248
30.0384832,-89.9176831
30.0292981,-89.910611
30.0177331,-89.9951069
30.016741,-90.0071003
30.0442165,-89.9871234
30.0432213,-89.9985737
30.0258441,-89.9964119
30.0235121,-90.0116258
30.0986674,-89.7948284
29.9642977,-90.0534698
29.9714928,-90.0533552
29.9759685,-90.0528325
29.9804164,-90.0545553
29.9814518,-90.0492401
29.9884215,-90.0565313
29.9951852,-90.0553504
29.9986298,-90.0498982
30.0192833,-90.0574592
30.0198679,-90.0505262
30.0072881,-90.0568664
30.0081072,-90.0498773
29.9656124,-90.0592504
29.9707488,-90.0607774
29.9790288,-90.0669986
29.9757581,-90.0609919
29.9810103,-90.0614724
29.9848278,-90.065369
30.0161593,-90.0784853
30.0053074,-90.0783468
30.0197094,-90.0661384
30.0121346,-90.0656071
29.9973702,-90.0711219
29.9990171,-90.0638751
29.9706591,-90.0667026
29.9750828,-90.0707892
29.9781089,-90.0736169
29.988235,-90.0794214
29.9831708,-90.0778163
29.9606478,-90.06011
29.9641212,-90.0691611
29.971154,-90.0745675
29.978085,-90.0846362
29.9687044,-90.0778452
29.9657292,-90.077659
29.973442,-90.0860488
29.9804859,-90.0948782
29.9596622,-90.0737231
29.9624646,-90.082563
29.9715457,-90.0926123
29.9787095,-90.1017704
29.9888874,-90.1096633
30.0126714,-90.1112773
30.0118695,-90.1033644
30.0005325,-90.1123909
29.9990389,-90.1048688
29.9566071,-90.0869352
29.9659339,-90.092132
29.9699885,-90.0996263
29.9756483,-90.1076691
29.9518368,-90.0915967
29.9594217,-90.1015664
29.9656434,-90.1007457
29.9612721,-90.1104159
29.9693457,-90.1238303
29.9652971,-90.120395
29.9862413,-90.1193754
29.9716732,-90.1130753
30.0068954,-90.1189779
30.0255526,-90.1159879
29.9352848,-90.0655435
29.9351417,-90.0726211
29.9325344,-90.0765412
29.9291241,-90.0782319
29.9358591,-90.0813286
29.9393806,-90.0845744
29.9448046,-90.0896527
29.9246654,-90.0799355
29.9281006,-90.0848784
29.9323881,-90.087455
29.935876,-90.0896133
29.947177,-90.0963617
29.9202599,-90.0898146
29.9192628,-90.0973878
29.9243571,-90.0951618
29.9312759,-90.0941975
29.9304344,-90.0994409
29.9375306,-90.0993869
29.9447481,-90.1007517
29.9184809,-90.1119725
29.9232967,-90.1053233
29.9238878,-90.1116458
29.9302064,-90.1071342
29.9370301,-90.1070068
29.9434346,-90.1062102
29.9193262,-90.1200776
29.9234192,-90.1243798
29.9240052,-90.1173371
29.9316446,-90.1171294
29.9400915,-90.1135507
29.9253569,-90.1306577
29.9461952,-90.1179983
29.9389904,-90.1222335
29.9483797,-90.1123181
29.9506709,-90.1055572
29.9547364,-90.1099778
29.9325934,-90.134523
29.9428255,-90.1291918
29.9480824,-90.1243768
29.9552764,-90.1176072
29.9487306,-90.1355243
29.9525392,-90.1280225
29.9554095,-90.1324567
29.9582153,-90.1252417
30.0270126,-90.098177
30.0322133,-90.0601514
29.9490375,-90.0714075
29.9587785,-90.0680149
29.955115,-90.0626078
29.9655765,-90.0357242
29.9948453,-90.0401537
29.9946431,-90.0286734
29.9961591,-90.0800463
29.9400546,-90.0760667
29.944669,-90.0831021
29.9283162,-90.0727872
29.9246981,-90.0689372
29.9153246,-90.0930433
29.9398424,-90.0925005
29.9141804,-90.1088309
29.9606291,-90.0950061
30.0014023,-90.0938133
30.0073168,-89.9136473
30.121442,-89.9729098
32.5211095,-92.1223719
32.5431972,-92.1155388
32.5458122,-92.0459472
32.530116,-92.0739713
32.5261966,-92.0491046
32.5100455,-92.0658661
32.5096875,-92.0900006
32.499817,-92.0964459
32.4760567,-92.0906335
32.4762564,-92.1131948
32.4630636,-92.1112819
32.5317718,-92.0961456
32.6028629,-92.1407701
32.5793693,-92.2201758
32.5413832,-92.1540452
32.5651877,-92.1732113
32.5305699,-92.228682
32.5199954,-92.2054898
32.5195067,-92.178759
32.5292134,-92.168261
32.5225224,-92.1470451
32.50738,-92.145009
32.4982022,-92.1677413
32.4647604,-92.1700566
32.6153924,-91.9638024
32.5327537,-91.9975178
32.530737,-91.964138
32.639046,-92.0185437
32.5641466,-92.0714649
32.5605319,-92.0464454
32.5537738,-92.1020266
32.6477404,-92.0943744
32.5541947,-92.322099
32.4909385,-92.3497399
32.3457865,-92.2049823
32.3932696,-92.3430503
32.47399,-92.2364588
32.4290335,-92.2281509
32.3201703,-92.0525527
32.4391695,-92.0656381
32.4533589,-92.0024902
32.475743,-92.1011987
32.5128449,-92.104029
32.4895304,-92.0855279
32.4350254,-92.1190566
32.4490835,-92.1411064
32.5109615,-92.035562
29.3917371,-89.4805545
29.8516249,-89.9857592
29.8640816,-90.0200165
29.8273882,-90.0249872
29.4324037,-89.8480798
29.4886792,-89.7027673
29.3325654,-89.6073238
29.3584455,-89.5398461
29.1746857,-89.3970498
29.4496605,-89.1349413
30.6965779,-91.4758124
30.818804,-91.6864044
30.6319428,-91.5178825
30.648235,-91.3912363
30.6295534,-91.4506625
30.6948535,-91.4564911
30.5319412,-91.5838927
31.4043747,-92.2429834
31.3550998,-92.1755168
31.4048486,-92.4308534
31.391197,-92.5382516
31.3377254,-92.6428001
31.3468238,-92.5250198
31.3232915,-92.8010025
31.2567948,-92.6089682
31.3075058,-92.6431297
31.3084493,-92.4710252
31.3724994,-92.4343038
31.3497832,-92.3886221
31.334268,-92.4008869
31.3405851,-92.4202293
31.3418395,-92.4414183
31.2910518,-92.4475492
31.2926013,-92.4582209
31.2977554,-92.4674361
31.263347,-92.5025898
31.2874169,-92.4853468
31.2577869,-92.4845763
31.2495187,-92.4646838
31.278042,-92.4602773
31.238603,-92.408121
31.2759621,-92.4410374
31.2939437,-92.4294377
31.2606778,-92.3950867
31.3043321,-92.4050393
31.3120286,-92.2856232
31.2273633,-92.2983146
31.0785484,-92.3268595
31.1567489,-92.5423326
30.9852955,-92.4759394
31.0324691,-92.6309085
31.022711,-92.7542466
31.4190234,-92.3358102
31.3127623,-92.5079255
31.3096988,-92.4495017
31.3250309,-92.545207
32.1012125,-93.3490504
32.0115509,-93.3237631
32.4522193,-91.4984774
32.4954173,-91.537264
32.4896715,-91.6779085
32.4528653,-91.8826688
32.483521,-91.7502362
32.2844665,-91.8589053
31.7672601,-93.6106955
31.5496481,-93.6930604
31.6767131,-93.7704514
31.6524599,-93.6275672
31.6316367,-93.4849396
31.546427,-93.433687
31.4321858,-93.4197703
31.2998267,-93.5829846
31.4574052,-93.6756121
29.874257,-89.8840565
29.8647578,-89.8236447
29.8590873,-89.4567229
29.9316156,-89.9536529
29.9605941,-89.8982004
29.9452084,-89.9394776
29.9476697,-89.9497755
29.9344063,-89.9094833
29.9274593,-89.9192099
29.9589153,-90.0037488
29.9424326,-89.991057
29.961403,-89.9917982
29.9633556,-89.9814565
29.9493742,-89.9823943
29.9557106,-89.9693609
29.9406369,-89.9669433
29.9504348,-89.962128
30.0672365,-89.0944055
30.0567017,-90.3713055
29.9841727,-90.2968695
29.9556398,-90.3507206
29.9720924,-90.3541556
29.9578705,-90.3822839
30.0052933,-90.3456037
30.0062771,-90.4193672
29.9794743,-90.4604594
29.8772093,-90.3772486
29.921467,-90.3523335
29.9434922,-90.2955648
29.8900545,-90.288587
29.8198543,-90.3564158
30.9067303,-90.7046811
30.732646,-90.7503644
30.7396151,-90.6126391
30.1099428,-90.7031342
30.0515808,-90.7041764
30.0588082,-90.7301039
30.0760566,-90.8084162
29.9901021,-90.8648097
29.9921985,-90.7290657
29.9353946,-90.7033431
30.1978447,-90.4203837
30.0843329,-90.4684405
30.0888288,-90.4841117
30.0901879,-90.4959943
30.0960748,-90.5347377
30.0859863,-90.6477147
30.072899,-90.5809458
30.0564273,-90.5340642
30.063421,-90.510647
30.0490278,-90.4705872
29.9811759,-90.6001668
30.7838028,-91.8771131
30.7240909,-92.0900391
30.6201788,-91.915476
30.5536668,-91.7977196
30.4774823,-91.9095339
30.5984809,-92.1526183
30.5879926,-92.0199697
30.5483965,-92.1824123
30.475929,-92.1943445
30.5089776,-92.3535145
30.4993656,-92.4044734
30.4874745,-92.4014942
30.4993658,-92.427724
30.487809,-92.4254272
30.4674105,-92.1260413
30.5421837,-92.0983901
30.5475972,-92.08315
30.5445576,-92.0718729
30.5319512,-92.0763308
30.5232586,-92.0751634
30.5074493,-92.080415
30.5293126,-92.0940179
30.5186823,-92.098417
30.4667225,-92.0496313
30.5123431,-92.0293922
30.3866911,-92.084788
30.344347,-92.1140244
30.4018882,-92.0267323
30.3477925,-91.7100312
30.1550728,-91.5741465
30.3543211,-91.9110905
30.3973238,-91.8487912
30.3166826,-91.9161081
30.269006,-91.8450021
30.3002458,-91.7833424
30.1749782,-91.858013
30.2330247,-91.7868927
30.2801632,-91.8920786
30.273124,-91.9534573
30.2216761,-91.9224647
30.1175468,-91.9001814
30.1256833,-91.8600259
30.1379312,-91.7830175
30.0736676,-91.8522002
29.8486881,-91.268425
29.6526223,-91.1687812
29.7185597,-91.1964174
29.6903342,-91.1876105
29.7078232,-91.2140202
29.6931471,-91.2383402
29.6628961,-91.2840106
29.6975769,-91.3055807
29.5637348,-91.3942652
29.5608138,-91.4619429
29.8621628,-91.5010273
29.7519909,-91.6741929
29.8322845,-91.5488637
29.8180413,-91.524482
29.843416,-91.4687934
29.7823621,-91.4905999
29.7828541,-91.5089481
29.3628101,-91.4881338
30.6238063,-90.0640206
30.4637701,-89.9309447
30.4900192,-89.7850627
30.5579656,-90.0005514
30.5990383,-89.9256543
30.6293283,-90.2156792
30.5283665,-90.1680263
30.549688,-90.1033212
30.6364683,-90.1482593
30.4072364,-90.1016818
30.3906947,-90.097021
30.3820881,-90.1350197
30.5005031,-90.2175513
30.4215565,-90.2071539
30.4656073,-90.1592019
30.4796857,-90.1336116
30.4876437,-90.1014712
30.50889,-90.0582673
30.4317178,-90.1295857
30.463176,-90.1069361
30.4526743,-90.0515297
30.4443292,-90.0966286
30.4743413,-90.0694454
30.4380622,-90.0747293
30.335079,-89.7523121
30.3509797,-89.6955652
30.2024436,-89.6404829
30.2948211,-89.7348505
30.276316,-89.7345404
30.3351311,-89.8299523
30.382118,-89.9159406
30.3472476,-89.7810806
30.3897942,-89.8045735
30.2509469,-89.7785383
30.2367099,-89.7813084
30.2135248,-89.7956358
30.2526812,-89.7427983
30.2159517,-89.7423784
30.2676794,-89.771383
30.278375,-89.7642453
30.293996,-89.7554958
30.3002207,-89.7647613
30.2854755,-89.8427102
30.2981444,-89.8002408
30.2449667,-89.8283444
30.2854667,-89.8138106
30.2617318,-89.8317766
30.2737442,-89.932221
30.4119831,-90.0593575
30.386063,-90.069415
30.3781118,-90.0642503
30.3925137,-90.038238
30.368463,-90.0434305
30.3469663,-90.0121553
30.3538276,-89.954139
30.3215115,-89.8766803
30.3657274,-90.0696812
30.3579483,-90.0771277
30.2524189,-90.0447721
30.9335177,-90.4069368
30.9171178,-90.5263302
30.7752486,-90.5424187
30.7455258,-90.5092032
30.8282325,-90.3974874
30.7310956,-90.3482015
30.7139851,-90.5169544
30.6754069,-90.520839
30.6783308,-90.4390519
30.5923637,-90.3266485
30.6131644,-90.5207158
30.5464763,-90.4974579
30.5617971,-90.5406807
30.5556941,-90.4703793
30.5306973,-90.4009749
30.5536645,-90.4427493
30.4945944,-90.5378175
30.5112489,-90.4880973
30.467726,-90.5191758
30.4560285,-90.497222
30.5102022,-90.4731526
30.4923643,-90.477483
30.5037541,-90.4546094
30.4698431,-90.4676061
30.4554479,-90.4499569
30.4689521,-90.4303404
30.5013133,-90.4375506
30.4742635,-90.3779578
30.4308442,-90.3021887
30.3735281,-90.4565582
30.3628461,-90.3585938
32.0827734,-91.1945553
32.0006136,-91.4027223
31.8699718,-91.3070398
29.7286724,-90.8353979
29.7458279,-90.8463686
29.7007131,-90.7955706
29.7032333,-90.7793934
29.6552015,-90.7846512
29.6474494,-90.7496609
29.66784,-90.7416047
29.612233,-90.7481136
29.6175454,-90.7388688
29.6307291,-90.7449215
29.6044028,-90.7326299
29.6383965,-90.7185096
29.6170972,-90.6911344
29.5927165,-90.6686353
29.5922104,-90.7043926
29.5753401,-90.6679062
29.5792021,-90.6946356
29.5697881,-90.7314865
29.5946981,-90.7203765
29.5758334,-90.6232417
29.5290578,-90.5849846
29.3165594,-90.5063618
29.4976839,-90.6097819
29.1741152,-90.5177917
29.4907155,-90.66094
29.4306635,-90.6894875
29.218148,-90.8072022
29.3245324,-91.016803
29.5724041,-90.7767733
29.5237556,-91.0459592
29.6315657,-90.9708792
29.6651593,-90.8383267
29.6028107,-90.7795436
29.5861593,-90.7448541
29.0915017,-90.9042619
32.9150317,-92.2788387
32.9143406,-92.6048252
32.7820417,-92.5681403
32.7794554,-92.3956078
32.7625996,-92.2463334
32.6461492,-92.3538868
30.1009003,-92.1366304
30.0634397,-92.1242328
30.085699,-92.2671188
29.9608711,-92.405448
30.0096784,-92.5847737
30.0064883,-92.2852635
29.9389966,-92.2111299
30.0163564,-92.1181212
29.9630958,-92.143655
29.9687337,-92.1231451
29.9420875,-92.117828
29.9907807,-92.0966908
30.0150426,-92.0346931
29.9603856,-92.0266146
29.8631152,-92.0529556
29.682732,-92.323884
29.531634,-92.3301015
31.2330338,-93.0304239
31.2922255,-93.350297
31.1480576,-93.4313344
30.9691567,-93.4614064
31.1538517,-93.2744493
31.131012,-93.2781885
31.1003394,-93.3035086
31.1367402,-93.2470929
31.0823093,-93.0537099
31.0431846,-93.2274727
31.0996085,-93.2020875
31.0643017,-93.2275105
30.9982813,-93.0160666
30.9136546,-93.0648592
31.0210037,-93.3087694
30.9034683,-93.3248791
30.8959922,-89.8078318
30.9083978,-89.9212241
30.9032541,-90.0992373
30.9593984,-90.0191494
30.9164596,-90.1655161
30.9159361,-90.2698208
30.7482685,-90.1866569
30.7945869,-90.0813363
30.7334091,-89.9596368
30.8019968,-89.8797162
30.7878353,-89.8356828
30.7753782,-89.8616597
30.7131483,-89.8642386
32.9060541,-93.3090607
32.9677142,-93.4588161
33.0031412,-93.4550948
32.8441183,-93.3808592
32.4781158,-93.39457
32.628465,-93.3916651
32.7003701,-93.2845605
32.6108125,-93.3041735
32.6279494,-93.2929396
32.6123015,-93.2791994
32.6123376,-93.264104
32.5141404,-93.3114864
32.5227604,-93.2274609
30.4519808,-91.2065215
30.4860039,-91.2308859
30.5586583,-91.3164873
30.462681,-91.3566536
30.3380313,-91.2530325
30.3833745,-91.2754011
32.9318206,-91.3885825
32.8034042,-91.4617236
32.6664929,-91.5094948
30.9233832,-91.6433884
30.9579677,-91.2976165
30.8703135,-91.4746611
30.8486533,-91.3741559
30.8354012,-91.303978
30.7576824,-91.3163367
30.9672547,-91.600026
31.9812345,-92.4836511
31.9756995,-92.8036494
31.7890832,-92.7613798
31.931165,-92.6454676
31.9120602,-92.628375
41.3021863,-105.6324812
41.3212371,-105.6279544
41.3231036,-105.6039028
41.3490318,-105.5756868
41.3296095,-105.5570003
41.3235732,-105.5734743
41.3137359,-105.5882134
41.3143767,-105.5691914
41.3063326,-105.5778916
41.3018599,-105.5236465
41.6655141,-105.7218826
44.3363742,-107.8097899
44.5870958,-108.0885308
44.8408228,-108.2675027
43.9159304,-105.3272541
44.1239197,-105.7760396
43.7081085,-105.7181658
44.2622761,-105.4045602
44.2821366,-105.438215
44.2863352,-105.4949097
44.2773092,-105.5628614
44.3065694,-105.5292553
44.6580082,-105.791774
44.617385,-105.3063708
41.7068338,-107.3673125
41.8138634,-107.1969965
41.8057577,-107.2516059
41.2916791,-106.7979919
41.9723619,-106.4609674
42.7961819,-105.2990462
42.753066,-105.4300829
42.9846234,-105.5247521
42.8442048,-105.8432092
44.6588186,-104.6778233
44.4406013,-104.3389748
42.8561848,-108.736922
42.8304569,-108.7851671
42.5021045,-108.4845549
42.940549,-107.8968005
43.6176438,-109.6728876
43.269208,-109.0894098
43.3026069,-108.4363056
43.0101834,-108.4444769
43.0169232,-108.373505
43.0644812,-108.3559699
43.0434263,-108.4183717
43.0273515,-108.3895546
42.3853915,-104.3328158
42.0862485,-104.2247645
42.0401606,-104.0893488
41.841428,-104.3807024
43.6448157,-108.2198471
43.7202092,-108.4350765
44.0440477,-106.5885406
44.3309073,-106.69603
44.3676636,-106.7271016
41.1243391,-104.8088348
41.108643,-104.8304713
41.0789247,-104.8142367
41.1135906,-104.773927
41.1055769,-104.8052148
41.1392502,-104.739128
41.1347778,-104.7639572
41.1385955,-104.7901804
41.1405376,-104.7781628
41.1402148,-104.8055462
41.1308417,-104.8308121
41.1492172,-104.7988307
41.1555079,-104.8346965
41.1412398,-104.8304889
41.1470529,-104.8616298
41.1857396,-104.837667
41.1684321,-104.8193459
41.1912976,-104.8141158
41.1588504,-104.7774188
41.1811972,-104.7878529
41.1811784,-104.748698
41.1507927,-104.7522665
41.4235689,-104.6795634
41.3085797,-105.0842689
41.082264,-104.4211606
41.3405238,-104.2983038
41.1559513,-104.8092561
42.9111961,-111.0015756
42.7476059,-110.7344333
42.7155021,-110.9707469
41.9598978,-110.5505605
41.8197366,-110.5562506
42.85505,-106.3189423
42.8452848,-106.3096816
42.8486773,-106.2891368
42.8310851,-106.2854367
42.8456243,-106.2750344
42.8180779,-106.3015176
42.8235625,-106.3168648
42.8361755,-106.3312246
42.8363052,-106.3528522
42.8188206,-106.3591988
42.8163331,-106.3387326
42.8219715,-106.3970698
42.8329883,-106.392007
42.8556128,-106.3624353
43.2083803,-106.3349847
42.8462138,-106.2621901
42.7887845,-106.3658174
42.8391061,-106.4394488
42.5862206,-106.3715723
42.9602084,-107.0539031
43.062159,-104.4683727
44.747875,-108.7873203
44.753662,-108.7598348
44.7270945,-110.0636039
44.1865391,-109.2234852
44.5189603,-109.0250505
44.5395952,-109.0231954
44.521214,-109.0899351
42.4008017,-104.9480306
42.083505,-105.1306302
41.8595326,-104.9006196
44.7665479,-106.950454
44.7895424,-106.9650135
44.8014066,-106.9641405
44.814637,-106.9617626
44.768866,-106.534807
44.6410492,-107.106411
44.8342288,-107.4379982
42.6372472,-110.1603363
43.1342463,-109.9219784
42.5826689,-109.3818274
41.733068,-109.6934393
41.4995835,-109.3868484
41.4973671,-109.4560495
41.2783954,-109.7622413
41.6619799,-109.1693936
41.6038312,-109.2474624
41.574707,-109.2595702
41.689448,-109.2692562
41.6075655,-109.2796707
41.510689,-109.2272009
41.5624789,-109.1925447
41.5725257,-109.1487819
41.6989973,-108.6548533
44.048662,-110.426087
43.9186428,-110.7830361
43.4731181,-110.6886424
43.5281457,-110.8394776
43.4788719,-110.8788663
43.4612341,-110.7759002
43.4286916,-110.7408967
41.3470816,-110.264878
41.2918255,-110.3273624
41.2731629,-110.7970869
41.2320541,-110.9545869
41.2704074,-110.9827572
41.3532973,-111.0075603
43.8788305,-107.669052
44.0143691,-107.9563794
44.0287706,-107.9507483
43.8462133,-104.5700202
43.8596486,-104.2445128
